zip5,county_fips,zcta_pct
00601,72001,99.43
00601,72141,0.57
00602,72003,100
00603,72005,100
00606,72093,94.88
00606,72121,1.35
00606,72153,3.78
00610,72003,0.55
00610,72011,99.45
00612,72013,99.89
00612,72017,0.11
00616,72013,100
00617,72017,99.43
00617,72054,0.57
00622,72023,100
00623,72023,100
00624,72111,92.53
00624,72113,7.47
00627,72027,100
00631,72001,32.99
00631,72081,67.01
00637,72121,99.56
00637,72153,0.44
00638,72039,98.27
00638,72091,1.73
00641,72001,0.21
00641,72141,99.79
00646,72051,99.89
00646,72143,0.11
00647,72055,98.88
00647,72079,1.12
00650,72013,1.51
00650,72017,1.91
00650,72039,1.13
00650,72054,83.61
00650,72141,11.84
00652,72013,100
00653,72055,100
00656,72059,100
00659,72065,100
00660,72067,100
00662,72071,100
00664,72073,99.15
00664,72141,0.85
00667,72079,98.91
00667,72125,1.09
00669,72081,99.22
00669,72083,0.62
00669,72131,0.16
00670,72011,1.12
00670,72083,98.88
00674,72091,98.49
00674,72145,1.51
00676,72003,0.51
00676,72099,99.49
00677,72003,0.47
00677,72117,99.53
00678,72071,5.36
00678,72115,93.17
00678,72131,1.47
00680,72011,0.46
00680,72097,97.01
00680,72125,2.53
00682,72097,100
00683,72125,100
00685,72071,2
00685,72131,98
00687,72101,100
00688,72013,100
00690,72005,100
00692,72143,100
00693,72143,3.93
00693,72145,96.07
00694,72145,100
00698,72059,0.24
00698,72153,99.76
00703,72007,95.47
00703,72045,4.53
00704,72057,7.72
00704,72123,92.28
00705,72009,99.79
00705,72043,0.21
00707,72095,100
00714,72015,100
00715,72075,25.74
00715,72113,74.26
00716,72113,100
00717,72113,100
00718,72103,100
00719,72047,1.42
00719,72105,98.1
00719,72135,0.48
00720,72043,0.52
00720,72107,99.48
00723,72109,100
00725,72007,1.51
00725,72025,94.56
00725,72035,0.43
00725,72061,2.76
00725,72127,0.6
00725,72129,0.14
00727,72025,100
00728,72113,100
00729,72029,87.09
00729,72087,12.91
00730,72113,100
00731,72001,2.2
00731,72113,97.8
00735,72037,99.18
00735,72103,0.82
00736,72035,92.62
00736,72041,7.38
00738,72053,100
00739,72041,100
00740,72053,100
00741,72069,100
00745,72029,1.4
00745,72119,98.6
00751,72123,100
00754,72129,100
00757,72133,100
00765,72147,100
00766,72107,1.57
00766,72149,98.43
00767,72069,0.21
00767,72151,99.79
00769,72043,100
00771,72085,100
00772,72087,100
00773,72089,100
00775,72049,100
00777,72029,0.16
00777,72063,0.12
00777,72077,99.03
00777,72085,0.69
00778,72063,99.76
00778,72129,0.24
00780,72075,4.46
00780,72113,95.54
00782,72045,100
00783,72047,100
00784,72057,100
00786,72009,100
00791,72069,100
00794,72019,99.13
00794,72043,0.29
00794,72045,0.59
00795,72075,100
00901,72127,100
00906,72127,100
00907,72127,100
00909,72127,100
00911,72127,100
00912,72127,100
00913,72127,100
00915,72127,100
00917,72127,100
00918,72127,100
00920,72127,100
00921,72127,100
00923,72127,100
00924,72031,4.14
00924,72127,95.86
00925,72127,100
00926,72061,0.39
00926,72127,88.13
00926,72139,11.47
00927,72127,100
00934,72021,42.01
00934,72061,57.99
00936,72127,100
00949,72033,4.15
00949,72137,95.85
00950,72051,100
00951,72137,100
00952,72137,100
00953,72047,0.2
00953,72135,98.93
00953,72137,0.87
00956,72021,99.8
00956,72135,0.2
00957,72021,97.07
00957,72135,2.93
00959,72021,97.64
00959,72061,1.88
00959,72135,0.36
00959,72137,0.12
00960,72021,100
00961,72021,98.88
00961,72033,1.12
00962,72033,100
00965,72033,20.48
00965,72061,79.52
00966,72021,3.12
00966,72061,91.02
00966,72127,5.86
00968,72061,100
00969,72021,1.6
00969,72061,84.94
00969,72127,13.45
00971,72021,0.33
00971,72061,99.51
00971,72127,0.16
00976,72031,2.87
00976,72127,1.98
00976,72139,95.15
00979,72031,100
00982,72031,100
00983,72031,100
00985,72031,100
00987,72031,99.42
00987,72139,0.58
01001,25013,100
01002,25011,0.97
01002,25015,99.03
01003,25015,100
01005,25027,100
01007,25015,100
01008,25013,100
01009,25013,100
01010,25013,100
01011,25013,86.35
01011,25015,13.65
01012,25015,100
01013,25013,100
01020,25013,100
01022,25013,100
01026,25015,100
01027,25015,100
01028,25013,100
01029,25003,100
01030,25013,100
01031,25027,100
01032,25015,100
01033,25015,100
01034,25013,100
01035,25015,100
01036,25013,100
01037,25027,100
01038,25015,100
01039,25011,15.12
01039,25015,84.88
01040,25013,100
01050,25013,13.83
01050,25015,86.17
01053,25015,100
01054,25011,100
01056,25013,100
01057,25013,100
01060,25015,100
01062,25015,100
01063,25015,100
01066,25015,100
01068,25027,100
01069,25013,100
01070,25015,100
01071,25013,100
01072,25011,100
01073,25015,100
01074,25027,100
01075,25015,100
01077,25013,100
01079,25013,100
01080,25013,100
01081,25013,100
01082,25015,95.64
01082,25027,4.36
01083,25027,100
01084,25015,100
01085,25013,100
01086,25013,100
01088,25015,100
01089,25013,100
01092,25027,100
01093,25011,100
01094,25027,100
01095,25013,100
01096,25015,100
01097,25013,100
01098,25015,100
01103,25013,100
01104,25013,100
01105,25013,100
01106,25013,100
01107,25013,100
01108,25013,100
01109,25013,100
01118,25013,100
01119,25013,100
01128,25013,100
01129,25013,100
01151,25013,100
01199,25013,0
01201,25003,100
01220,25003,100
01222,25003,100
01223,25003,100
01224,25003,100
01225,25003,100
01226,25003,100
01229,25003,100
01230,25003,100
01235,25003,100
01236,25003,100
01237,25003,100
01238,25003,100
01240,25003,100
01242,25003,100
01243,25015,100
01244,25003,100
01245,25003,100
01247,25003,100
01253,25003,100
01254,25003,100
01255,25003,100
01256,25003,100
01257,25003,100
01258,25003,100
01259,25003,100
01260,25003,100
01262,25003,100
01264,25003,100
01266,25003,100
01267,25003,100
01270,25003,100
01301,25011,100
01330,25011,100
01331,25027,100
01337,25011,100
01338,25011,100
01339,25011,100
01340,25011,100
01341,25011,100
01342,25011,100
01343,25003,100
01344,25011,100
01346,25011,100
01347,25011,100
01349,25011,100
01350,25011,100
01351,25011,100
01354,25011,100
01355,25011,100
01360,25011,100
01364,25011,100
01366,25027,100
01367,25011,100
01368,25027,100
01370,25011,100
01373,25011,100
01375,25011,100
01376,25011,100
01378,25011,100
01379,25011,100
01420,25027,100
01430,25027,100
01431,25017,100
01432,25017,100
01434,25017,18.83
01434,25027,81.17
01436,25027,100
01438,25027,100
01440,25027,100
01450,25017,100
01451,25027,100
01452,25027,100
01453,25027,100
01460,25017,100
01462,25027,100
01463,25017,100
01464,25017,100
01467,25027,100
01468,25027,100
01469,25017,100
01473,25027,100
01474,25017,100
01475,25027,100
01501,25027,100
01503,25027,100
01504,25027,100
01505,25027,100
01506,25027,100
01507,25027,100
01510,25027,100
01515,25027,100
01516,25027,100
01518,25027,100
01519,25027,100
01520,25027,100
01521,25013,100
01522,25027,100
01523,25027,100
01524,25027,100
01525,25027,100
01527,25027,100
01529,25027,100
01531,25027,100
01532,25027,100
01534,25027,100
01535,25027,100
01536,25027,100
01537,25027,100
01540,25027,100
01541,25027,100
01542,25027,100
01543,25027,100
01545,25027,100
01550,25027,100
01560,25027,100
01561,25027,100
01562,25027,100
01564,25027,100
01566,25027,100
01568,25027,100
01569,25027,100
01570,25027,100
01571,25027,100
01581,25027,100
01583,25027,100
01585,25027,100
01588,25027,100
01590,25027,100
01602,25027,100
01603,25027,100
01604,25027,100
01605,25027,100
01606,25027,100
01607,25027,100
01608,25027,100
01609,25027,100
01610,25027,100
01611,25027,100
01612,25027,100
01701,25017,100
01702,25017,100
01718,25017,100
01719,25017,100
01720,25017,100
01721,25017,100
01730,25017,100
01731,25017,100
01740,25027,100
01741,25017,100
01742,25017,100
01745,25027,100
01746,25017,100
01747,25027,100
01748,25017,100
01749,25017,100
01752,25017,100
01754,25017,100
01756,25027,100
01757,25027,100
01760,25017,100
01770,25017,100
01772,25027,100
01773,25017,100
01775,25017,100
01776,25017,100
01778,25017,100
01801,25017,100
01803,25017,100
01810,25009,100
01821,25017,100
01824,25017,100
01826,25017,100
01827,25017,100
01830,25009,100
01832,25009,100
01833,25009,100
01834,25009,100
01835,25009,100
01840,25009,100
01841,25009,100
01843,25009,100
01844,25009,100
01845,25009,100
01850,25017,100
01851,25017,100
01852,25017,100
01854,25017,100
01860,25009,100
01862,25017,100
01863,25017,100
01864,25017,100
01867,25017,100
01876,25017,100
01879,25017,100
01880,25017,100
01886,25017,100
01887,25017,100
01890,25017,100
01901,25009,100
01902,25009,100
01904,25009,100
01905,25009,100
01906,25009,100
01907,25009,100
01908,25009,100
01913,25009,100
01915,25009,100
01921,25009,100
01922,25009,100
01923,25009,100
01929,25009,100
01930,25009,100
01937,25009,100
01938,25009,100
01940,25009,98.36
01940,25017,1.64
01944,25009,100
01945,25009,100
01949,25009,100
01950,25009,100
01951,25009,100
01952,25009,100
01960,25009,100
01966,25009,100
01969,25009,100
01970,25009,100
01982,25009,100
01983,25009,100
01984,25009,100
01985,25009,100
02019,25021,100
02021,25021,100
02025,25021,100
02026,25021,100
02030,25021,100
02032,25021,100
02035,25021,100
02038,25021,100
02043,25023,100
02045,25023,100
02047,25023,100
02048,25005,100
02050,25023,100
02052,25021,100
02053,25021,100
02054,25021,100
02056,25021,100
02061,25023,100
02062,25021,100
02066,25023,100
02067,25021,100
02071,25021,100
02072,25021,100
02081,25021,100
02090,25021,100
02093,25021,100
02108,25025,100
02109,25025,100
02110,25025,100
02111,25025,100
02113,25025,100
02114,25025,100
02115,25025,100
02116,25025,100
02118,25025,100
02119,25025,100
02120,25025,100
02121,25025,100
02122,25025,100
02124,25025,100
02125,25025,100
02126,25025,100
02127,25025,100
02128,25025,100
02129,25025,100
02130,25025,100
02131,25025,100
02132,25025,100
02134,25025,100
02135,25025,100
02136,25025,100
02138,25017,100
02139,25017,100
02140,25017,100
02141,25017,100
02142,25017,100
02143,25017,100
02144,25017,100
02145,25017,100
02148,25017,100
02149,25017,100
02149,25025,0
02150,25025,100
02151,25025,100
02152,25025,100
02155,25017,100
02163,25025,100
02169,25021,100
02170,25021,100
02171,25021,100
02176,25017,100
02180,25017,100
02184,25021,100
02186,25021,100
02188,25021,100
02189,25021,100
02190,25021,100
02191,25021,100
02199,25025,100
02203,25025,0
02210,25025,100
02215,25021,0
02215,25025,100
02301,25023,100
02302,25023,100
02322,25021,100
02324,25023,100
02330,25023,100
02332,25023,100
02333,25023,100
02338,25023,100
02339,25023,100
02341,25023,100
02343,25021,100
02346,25023,100
02347,25023,100
02351,25023,100
02356,25005,100
02357,25005,100
02359,25023,100
02360,25023,100
02364,25023,100
02366,25023,100
02367,25023,100
02368,25021,100
02370,25023,100
02375,25005,100
02379,25023,100
02382,25023,100
02420,25017,100
02421,25017,100
02445,25021,100
02446,25021,100
02451,25017,100
02452,25017,100
02453,25017,100
02457,25021,100
02458,25017,100
02459,25017,100
02460,25017,100
02461,25017,100
02462,25017,100
02464,25017,100
02465,25017,100
02466,25017,100
02467,25017,37.9
02467,25021,38.86
02467,25025,23.24
02468,25017,100
02472,25017,100
02474,25017,100
02476,25017,100
02478,25017,100
02481,25021,100
02482,25021,100
02492,25021,100
02493,25017,100
02494,25021,100
02532,25001,84.5
02532,25023,15.5
02534,25001,100
02535,25007,100
02536,25001,100
02537,25001,100
02538,25023,100
02539,25007,100
02540,25001,100
02542,25001,100
02543,25001,96.38
02543,25007,3.62
02553,25001,100
02554,25019,100
02556,25001,100
02557,25007,100
02558,25023,100
02559,25001,100
02561,25001,100
02562,25001,100
02563,25001,100
02564,25019,100
02568,25007,100
02571,25023,100
02575,25007,100
02576,25023,100
02584,25019,100
02601,25001,100
02630,25001,100
02631,25001,100
02632,25001,100
02633,25001,100
02635,25001,100
02637,25001,100
02638,25001,100
02639,25001,100
02641,25001,100
02642,25001,100
02643,25001,100
02644,25001,100
02645,25001,100
02646,25001,100
02647,25001,100
02648,25001,100
02649,25001,100
02650,25001,100
02651,25001,100
02652,25001,100
02653,25001,100
02655,25001,100
02657,25001,100
02659,25001,100
02660,25001,100
02663,25001,100
02664,25001,100
02666,25001,100
02667,25001,100
02668,25001,100
02669,25001,100
02670,25001,100
02671,25001,100
02672,25001,100
02673,25001,100
02675,25001,100
02702,25005,100
02703,25005,100
02713,25007,100
02715,25005,100
02717,25005,100
02718,25005,100
02719,25005,100
02720,25005,100
02721,25005,100
02723,25005,100
02724,25005,100
02725,25005,100
02726,25005,100
02738,25023,100
02739,25023,100
02740,25005,100
02743,25005,100
02744,25005,100
02745,25005,100
02746,25005,100
02747,25005,100
02748,25005,100
02760,25005,100
02762,25021,100
02763,25005,100
02764,25005,100
02766,25005,100
02767,25005,100
02769,25005,100
02770,25023,100
02771,25005,100
02777,25005,100
02779,25005,100
02780,25005,100
02790,25005,100
02791,25005,100
02802,44007,100
02804,44009,100
02806,44001,100
02807,44009,100
02808,44009,100
02809,44001,100
02812,44009,100
02813,44009,100
02814,44007,100
02815,44007,100
02816,44003,99.98
02816,44007,0.02
02817,44003,100
02818,44003,100
02822,44009,100
02825,44007,100
02826,44007,100
02827,44003,100
02828,44007,100
02830,44007,100
02831,44003,3.87
02831,44007,96.13
02832,44009,100
02833,44009,100
02835,44005,100
02836,44009,100
02837,44005,100
02838,44007,100
02839,44007,100
02840,44005,100
02841,44005,100
02842,44005,100
02852,44009,100
02857,44007,100
02858,44007,100
02859,44007,100
02860,44007,100
02861,25005,0.05
02861,44007,99.95
02863,44007,100
02864,44007,100
02865,44007,100
02871,44005,100
02872,44005,100
02873,44009,100
02874,44009,100
02875,44009,100
02876,44007,100
02878,44005,100
02879,44009,100
02881,44009,100
02882,44009,100
02885,44001,100
02886,44003,100
02888,44003,100
02889,44003,100
02891,44009,100
02892,44009,100
02893,44003,100
02894,44009,100
02895,44007,100
02896,44007,100
02898,44009,100
02903,44007,100
02904,44007,100
02905,44007,100
02906,44007,100
02907,44007,100
02908,44007,100
02909,44007,100
02910,44007,100
02911,44007,100
02912,44007,100
02914,44007,100
02915,44007,100
02916,44007,100
02917,44007,100
02919,44007,100
02920,44007,100
02921,44007,100
03031,33011,100
03032,33015,100
03033,33011,100
03034,33015,100
03036,33015,100
03037,33015,100
03038,33015,100
03042,33015,100
03043,33011,100
03044,33015,100
03045,33011,100
03046,33013,100
03047,33011,100
03048,33011,100
03049,33011,100
03051,33011,100
03052,33011,100
03053,33015,100
03054,33011,100
03055,33011,100
03057,33011,100
03060,33011,100
03062,33011,100
03063,33011,100
03064,33011,100
03070,33011,100
03071,33011,100
03076,33011,100
03077,33015,100
03079,33015,100
03082,33011,100
03084,33011,100
03086,33011,100
03087,33015,100
03101,33011,100
03102,33011,100
03103,33011,100
03103,33015,0
03104,33011,99.77
03104,33013,0.23
03106,33013,100
03109,33011,100
03110,33011,100
03215,33009,100
03216,33013,100
03217,33009,100
03218,33001,100
03220,33001,98.91
03220,33013,1.09
03221,33013,100
03222,33009,100
03223,33009,100
03224,33013,100
03225,33001,99.26
03225,33017,0.74
03226,33001,100
03227,33003,100
03229,33013,100
03230,33013,100
03231,33013,100
03233,33013,100
03234,33013,100
03235,33013,100
03237,33001,100
03238,33009,100
03240,33009,100
03241,33009,100
03242,33013,100
03243,33013,100
03244,33011,100
03245,33009,100
03246,33001,100
03249,33001,100
03251,33009,100
03253,33001,100
03254,33001,0.12
03254,33003,99.88
03255,33013,100
03256,33001,100
03257,33013,100
03258,33013,100
03259,33003,100
03260,33013,100
03261,33015,100
03262,33009,100
03263,33013,100
03264,33009,100
03266,33009,100
03268,33013,100
03269,33001,100
03273,33013,100
03275,33013,100
03276,33001,42.85
03276,33013,57.15
03278,33013,100
03279,33009,100
03280,33019,100
03281,33011,100
03282,33009,100
03284,33019,100
03285,33009,100
03287,33013,100
03290,33015,100
03291,33015,100
03293,33009,100
03301,33013,100
03303,33013,100
03304,33013,100
03307,33013,100
03431,33005,100
03440,33011,100
03441,33005,100
03442,33011,100
03443,33005,100
03444,33005,100
03445,33005,100
03446,33005,100
03447,33005,100
03448,33005,100
03449,33011,100
03450,33005,100
03451,33005,100
03452,33005,100
03455,33005,100
03456,33005,100
03457,33005,100
03458,33005,0.11
03458,33011,99.89
03461,33005,100
03462,33005,100
03464,33005,100
03465,33005,100
03466,33005,100
03467,33005,100
03470,33005,100
03561,33009,100
03570,33007,100
03574,33009,100
03575,33007,100
03576,33007,100
03579,23017,22.34
03579,33007,77.66
03580,33009,100
03581,33007,100
03582,33007,100
03583,33007,100
03584,33007,100
03585,33009,100
03586,33009,100
03588,33007,100
03590,33007,100
03592,33007,100
03593,33007,100
03595,33007,100
03597,33007,100
03598,33007,100
03601,33019,100
03602,33005,72.98
03602,33019,27.02
03603,33019,100
03604,33005,100
03605,33019,100
03607,33019,100
03608,33005,100
03609,33005,100
03740,33009,100
03741,33009,100
03743,33019,100
03745,33019,100
03746,33019,100
03748,33009,96.03
03748,33019,3.97
03750,33009,100
03751,33019,100
03752,33019,100
03753,33019,100
03754,33019,100
03755,33009,100
03765,33009,100
03766,33009,100
03768,33009,100
03770,33019,100
03771,33009,100
03773,33019,100
03774,33009,100
03777,33009,100
03779,33009,100
03780,33009,100
03781,33019,100
03782,33019,100
03784,33009,100
03785,33009,100
03801,33015,100
03809,33001,100
03810,33001,100
03811,33015,100
03812,33003,100
03813,33003,100
03814,33003,100
03816,33003,100
03817,33003,100
03818,33003,100
03819,33015,100
03820,33017,100
03823,33017,100
03824,33017,100
03825,33017,100
03826,33015,100
03827,33015,100
03830,33003,100
03832,33003,100
03833,33015,100
03835,33017,100
03836,33003,100
03837,33001,100
03838,33003,100
03839,33017,100
03840,33015,100
03841,33015,100
03842,33015,100
03844,33015,100
03845,33003,100
03846,33003,100
03847,33003,100
03848,33015,100
03849,33003,100
03850,33003,100
03851,33017,100
03852,33017,100
03853,33003,100
03854,33015,100
03855,33017,100
03856,33015,100
03857,33015,100
03858,33015,100
03860,33003,100
03861,33017,100
03862,33015,100
03864,33003,100
03865,33015,100
03867,33017,100
03868,33017,100
03869,33017,100
03870,33015,100
03871,33015,100
03872,33003,100
03873,33015,100
03874,33015,100
03875,33003,100
03878,33017,100
03882,33003,100
03883,33003,100
03884,33017,100
03885,33015,100
03886,33003,100
03887,33003,17.22
03887,33017,82.78
03890,33003,100
03894,33003,100
03901,23031,100
03902,23031,100
03903,23031,100
03904,23031,100
03905,23031,100
03906,23031,100
03907,23031,100
03908,23031,100
03909,23031,100
03910,23031,100
03911,23031,100
04001,23031,100
04002,23031,100
04003,23005,100
04005,23031,100
04006,23031,100
04008,23023,100
04009,23005,100
04010,23017,100
04011,23005,100
04015,23005,100
04017,23005,100
04019,23005,100
04020,23031,100
04021,23005,100
04022,23017,100
04024,23005,100
04027,23031,100
04029,23005,100
04030,23031,100
04032,23005,100
04037,23017,100
04038,23005,100
04039,23005,100
04040,23005,87.85
04040,23017,12.15
04041,23017,100
04042,23031,100
04043,23031,100
04046,23031,100
04047,23031,100
04048,23031,100
04049,23031,100
04050,23005,100
04051,23017,100
04055,23005,100
04056,23031,100
04057,23005,100
04061,23031,100
04062,23005,100
04063,23031,100
04064,23031,100
04066,23005,100
04068,23017,100
04069,23005,100
04071,23005,100
04072,23031,100
04073,23031,100
04074,23005,100
04076,23031,100
04079,23005,100
04083,23031,100
04084,23005,100
04085,23005,100
04086,23023,100
04087,23031,100
04088,23017,100
04090,23031,100
04091,23005,100
04092,23005,100
04093,23031,100
04095,23031,100
04096,23005,100
04097,23005,100
04101,23005,100
04102,23005,100
04103,23005,100
04105,23005,100
04106,23005,100
04107,23005,100
04108,23005,100
04109,23005,100
04110,23005,100
04210,23001,100
04216,23017,100
04217,23017,100
04219,23017,100
04220,23017,100
04221,23017,100
04222,23001,100
04224,23007,18.72
04224,23017,81.28
04226,23017,100
04227,23017,100
04228,23001,100
04231,23017,100
04234,23007,100
04236,23001,100
04237,23017,100
04238,23017,100
04239,23007,100
04240,23001,100
04250,23001,100
04252,23001,100
04253,23001,100
04254,23001,100
04255,23017,100
04256,23001,100
04257,23017,100
04258,23001,100
04259,23011,100
04260,23005,100
04261,23017,100
04263,23001,100
04265,23011,100
04267,23017,100
04268,23017,100
04270,23017,100
04271,23017,100
04274,23001,100
04275,23017,100
04276,23017,100
04280,23001,100
04281,23017,100
04282,23001,100
04284,23011,100
04285,23007,100
04286,23017,100
04287,23023,100
04289,23017,100
04290,23017,100
04292,23017,100
04294,23007,100
04330,23011,100
04342,23015,100
04343,23011,100
04344,23011,100
04345,23011,99.9
04345,23023,0.1
04346,23011,100
04347,23011,100
04348,23015,100
04349,23011,100
04350,23011,100
04351,23011,100
04352,23011,100
04353,23015,100
04354,23027,100
04355,23011,100
04357,23023,100
04358,23011,100
04359,23011,100
04360,23011,100
04363,23011,100
04364,23011,100
04401,23019,100
04406,23021,100
04408,23009,100
04410,23019,100
04411,23019,100
04412,23019,100
04413,23029,100
04414,23021,100
04415,23021,100
04416,23009,100
04417,23019,100
04418,23019,100
04419,23019,100
04421,23009,100
04422,23019,100
04424,23003,28.43
04424,23029,71.57
04426,23021,100
04427,23019,100
04428,23019,100
04429,23009,34.79
04429,23019,65.21
04430,23019,100
04431,23009,100
04434,23019,100
04435,23019,100
04438,23027,100
04441,23021,100
04442,23021,100
04443,23021,100
04444,23019,100
04448,23019,100
04449,23019,100
04450,23019,100
04451,23003,30.5
04451,23019,69.5
04453,23019,100
04454,23029,100
04455,23019,100
04456,23019,100
04457,23019,100
04459,23003,11.13
04459,23019,88.87
04460,23003,0.99
04460,23019,99.01
04461,23019,100
04462,23019,98.97
04462,23021,1.03
04463,23021,100
04464,23021,100
04468,23019,100
04469,23019,100
04471,23003,100
04472,23009,100
04473,23019,100
04474,23019,100
04475,23019,100
04476,23009,100
04478,23025,100
04479,23021,100
04481,23021,100
04485,23021,100
04487,23019,100
04488,23019,100
04489,23019,100
04490,23029,100
04491,23029,100
04492,23029,100
04493,23019,100
04495,23019,100
04496,23027,100
04497,23003,88.17
04497,23019,11.83
04530,23023,100
04535,23015,100
04537,23015,100
04538,23015,100
04539,23015,100
04541,23015,100
04543,23015,100
04544,23015,100
04547,23013,100
04548,23023,100
04551,23015,100
04553,23015,100
04554,23015,100
04555,23015,100
04556,23015,100
04558,23015,100
04562,23023,100
04563,23013,100
04564,23015,100
04568,23015,100
04570,23015,100
04571,23015,100
04572,23015,100
04573,23015,100
04574,23013,100
04575,23015,100
04576,23015,100
04578,23015,100
04579,23023,100
04605,23009,100
04606,23029,100
04607,23009,100
04609,23009,100
04611,23029,100
04612,23009,100
04613,23009,100
04614,23009,100
04616,23009,100
04617,23009,100
04619,23029,100
04622,23009,4.53
04622,23029,95.47
04623,23029,100
04624,23009,100
04625,23009,100
04626,23029,100
04627,23009,100
04628,23029,100
04629,23009,100
04630,23029,100
04631,23029,100
04634,23009,100
04635,23009,100
04637,23029,100
04640,23009,100
04642,23009,100
04643,23029,100
04644,23009,100
04645,23013,100
04646,23009,100
04648,23029,100
04649,23029,100
04650,23009,100
04652,23029,100
04653,23009,100
04654,23029,100
04655,23029,100
04657,23029,100
04658,23029,100
04660,23009,100
04662,23009,100
04664,23009,100
04666,23029,100
04667,23029,100
04668,23029,100
04669,23009,100
04671,23029,100
04673,23009,100
04674,23009,100
04675,23009,100
04676,23009,100
04677,23009,100
04679,23009,100
04680,23029,100
04681,23009,100
04683,23009,100
04684,23009,100
04685,23009,100
04686,23029,100
04691,23029,100
04693,23009,100
04694,23029,100
04730,23003,100
04732,23003,100
04732,23021,0
04733,23003,92.76
04733,23019,7.24
04734,23003,100
04735,23003,100
04736,23003,100
04739,23003,100
04740,23003,100
04741,23003,100
04742,23003,100
04743,23003,100
04745,23003,100
04746,23003,100
04747,23003,100
04750,23003,100
04756,23003,100
04757,23003,100
04758,23003,100
04760,23003,100
04761,23003,100
04762,23003,100
04763,23003,100
04764,23003,100
04765,23003,1.66
04765,23019,98.34
04766,23003,100
04768,23003,100
04769,23003,100
04772,23003,100
04773,23003,100
04774,23003,100
04776,23003,100
04777,23019,100
04779,23003,100
04780,23003,100
04781,23003,100
04783,23003,100
04785,23003,100
04786,23003,100
04787,23003,100
04841,23013,100
04843,23013,100
04847,23013,100
04848,23027,100
04849,23027,100
04851,23013,100
04852,23015,100
04853,23013,100
04854,23013,100
04855,23013,100
04856,23013,100
04858,23013,100
04859,23013,100
04860,23013,100
04861,23013,100
04862,23013,100
04863,23013,100
04864,23013,100
04901,23011,100
04910,23011,100
04911,23025,100
04912,23025,100
04915,23027,100
04917,23011,100
04918,23011,100
04920,23025,100
04921,23027,100
04922,23027,100
04923,23025,100
04924,23025,100
04925,23025,100
04926,23011,100
04927,23011,100
04928,23019,100
04929,23025,100
04930,23019,90.69
04930,23025,9.31
04932,23019,100
04933,23019,100
04936,23007,100
04937,23025,100
04938,23007,100
04939,23019,100
04940,23007,100
04941,23027,100
04942,23021,21.57
04942,23025,78.43
04943,23025,100
04944,23025,100
04945,23025,100
04947,23007,100
04949,23027,100
04950,23025,100
04951,23027,100
04952,23027,100
04953,23019,100
04955,23007,100
04956,23007,100
04957,23025,100
04958,23025,100
04961,23025,100
04962,23011,100
04963,23011,100
04964,23007,99.55
04964,23017,0.45
04965,23025,100
04966,23007,100
04967,23025,100
04969,23019,100
04970,23007,100
04971,23025,100
04973,23027,100
04974,23027,100
04975,23025,100
04976,23025,100
04978,23025,100
04979,23025,100
04981,23027,100
04982,23007,100
04983,23007,100
04984,23007,100
04985,23025,100
04986,23027,100
04987,23027,100
04988,23011,2.01
04988,23027,97.99
04989,23011,100
04992,23007,100
05001,50027,100
05031,50027,100
05032,50027,100
05033,50017,100
05034,50027,100
05035,50027,100
05036,50017,100
05037,50027,100
05038,50017,100
05039,50017,100
05040,50017,100
05041,50017,100
05042,50005,100
05043,50017,100
05045,50017,100
05046,50005,100
05048,50027,100
05050,50005,100
05051,50017,100
05052,50027,100
05053,50027,100
05055,50027,100
05056,50027,100
05058,50017,100
05059,50027,100
05060,50017,95.88
05060,50023,0.23
05060,50027,3.9
05061,50017,100
05062,50027,100
05065,50027,100
05067,50027,100
05068,50017,0.7
05068,50027,99.3
05069,50005,92.61
05069,50017,7.39
05070,50017,100
05071,50027,100
05072,50017,100
05075,50017,100
05076,50017,100
05077,50017,100
05079,50017,100
05081,50017,100
05083,50017,100
05084,50027,100
05086,50017,100
05089,50027,100
05091,50027,100
05101,50025,100
05141,50025,100
05142,50027,100
05143,50025,14.18
05143,50027,85.82
05146,50025,100
05148,50003,7.46
05148,50025,91.32
05148,50027,1.23
05149,50027,100
05150,50027,100
05151,50027,100
05152,50003,100
05153,50027,100
05154,50025,100
05155,50003,0.72
05155,50025,99.28
05156,50027,100
05158,50025,100
05161,50027,100
05201,50003,100
05250,50003,100
05251,50003,100
05252,50003,100
05253,50003,98.39
05253,50021,1.61
05254,50003,100
05255,50003,100
05257,50003,100
05260,50003,100
05261,50003,100
05262,50003,100
05301,50025,100
05340,50003,100
05341,50025,100
05342,50025,100
05343,50025,100
05345,50025,100
05346,50025,100
05350,50003,100
05352,50003,100
05353,50025,100
05354,50025,100
05355,50025,100
05356,50025,100
05358,50025,100
05359,50025,100
05360,50025,100
05361,50025,100
05362,50025,100
05363,50003,5.39
05363,50025,94.61
05401,50007,100
05403,50007,100
05404,50007,100
05405,50007,100
05408,50007,100
05439,50007,100
05440,50013,100
05441,50011,100
05442,50015,100
05443,50001,100
05444,50011,53.38
05444,50015,46.62
05445,50007,100
05446,50007,100
05447,50011,100
05448,50011,100
05450,50011,100
05452,50007,100
05454,50011,100
05455,50011,100
05456,50001,100
05457,50011,100
05458,50013,100
05459,50011,100
05461,50001,3.21
05461,50007,96.79
05462,50007,100
05463,50013,100
05464,50011,6.98
05464,50015,93.02
05465,50007,100
05468,50007,79.99
05468,50011,20.01
05471,50011,96.54
05471,50019,3.46
05472,50001,100
05473,50001,100
05474,50013,100
05476,50011,100
05477,50007,100
05478,50011,100
05481,50011,0
05482,50007,100
05483,50011,100
05485,50011,100
05486,50013,100
05487,50001,98
05487,50007,2
05488,50011,100
05489,50007,100
05491,50001,100
05492,50015,100
05494,50007,100
05495,50007,100
05602,50023,100
05640,50023,100
05641,50017,3.24
05641,50023,96.76
05647,50023,100
05648,50023,100
05649,50017,59.93
05649,50023,40.07
05650,50023,100
05651,50023,100
05652,50015,100
05653,50015,100
05654,50017,17.01
05654,50023,82.99
05655,50015,100
05656,50015,100
05657,50015,100
05658,50023,100
05660,50023,100
05661,50015,100
05663,50017,0.21
05663,50023,99.79
05664,50023,100
05667,50023,100
05669,50001,2.84
05669,50017,1.89
05669,50023,95.27
05672,50015,100
05673,50023,100
05674,50023,100
05675,50017,100
05676,50007,9.79
05676,50023,90.21
05677,50023,100
05678,50023,100
05679,50017,100
05680,50015,100
05681,50023,100
05682,50023,100
05701,50021,100
05730,50021,100
05732,50021,100
05733,50001,20.07
05733,50021,79.93
05734,50001,100
05735,50021,100
05736,50021,100
05737,50021,100
05738,50021,100
05739,50021,100
05740,50001,100
05742,50021,100
05743,50021,100
05744,50021,100
05747,50001,100
05748,50001,100
05751,50021,100
05753,50001,100
05757,50021,100
05758,50021,100
05759,50021,100
05760,50001,96.08
05760,50021,3.92
05761,50021,100
05762,50021,100
05763,50021,100
05764,50021,100
05765,50021,100
05766,50001,100
05767,50021,0.35
05767,50027,99.65
05769,50001,100
05770,50001,100
05772,50027,100
05773,50021,100
05774,50021,100
05775,50021,100
05776,50003,100
05777,50021,100
05778,50001,92.77
05778,50021,7.23
05819,50005,100
05820,50019,100
05821,50005,100
05822,50019,100
05824,50005,23.53
05824,50009,76.47
05825,50019,100
05826,50019,100
05827,50019,100
05828,50005,100
05829,50019,100
05830,50019,100
05832,50005,100
05833,50019,100
05836,50005,100
05837,50005,17.85
05837,50009,82.15
05839,50019,100
05841,50019,100
05842,50005,38.7
05842,50019,61.3
05843,50005,99.37
05843,50023,0.63
05845,50019,100
05846,50009,100
05847,50019,100
05850,50005,100
05851,50005,100
05853,50019,100
05855,50019,100
05857,50019,100
05858,50009,100
05859,50019,100
05860,50019,100
05862,50005,100
05866,50005,100
05867,50005,100
05868,50019,100
05871,50005,100
05872,50019,100
05873,50005,100
05874,50019,100
05875,50019,100
05901,50009,100
05902,50009,100
05903,50009,100
05904,50009,100
05905,50009,100
05906,50009,100
05907,50009,100
06001,09003,100
06002,09003,100
06010,09003,100
06013,09003,100
06016,09003,100
06018,09005,100
06019,09003,100
06020,09003,0
06021,09005,100
06022,09003,100
06023,09003,100
06024,09005,100
06026,09003,100
06027,09003,100
06029,09013,100
06031,09005,100
06032,09003,100
06033,09003,100
06035,09003,100
06037,09003,100
06039,09005,100
06040,09003,100
06042,09003,100
06043,09013,100
06051,09003,100
06052,09003,100
06053,09003,100
06057,09005,100
06058,09005,100
06059,09005,0
06060,09003,100
06061,09005,100
06062,09003,100
06063,09005,100
06065,09003,53.17
06065,09005,46.83
06066,09013,100
06067,09003,100
06068,09005,100
06069,09005,100
06070,09003,100
06071,09013,100
06073,09003,100
06074,09003,100
06076,09013,100
06078,09003,100
06081,09003,100
06082,09003,100
06084,09013,100
06085,09003,100
06088,09003,100
06089,09003,100
06090,09003,100
06091,09003,100
06092,09003,100
06093,09003,100
06095,09003,100
06096,09003,100
06098,09005,100
06103,09003,100
06105,09003,100
06106,09003,100
06107,09003,100
06108,09003,100
06109,09003,100
06110,09003,100
06111,09003,100
06112,09003,100
06114,09003,100
06117,09003,100
06118,09003,100
06119,09003,100
06120,09003,100
06160,09003,0
06226,09013,2.21
06226,09015,97.79
06231,09013,100
06232,09013,100
06234,09015,100
06235,09015,100
06237,09013,100
06238,09013,100
06239,09015,100
06241,09015,100
06242,09013,5.75
06242,09015,94.25
06243,09015,100
06247,09015,100
06248,09013,100
06249,09011,100
06250,09013,99
06250,09015,1
06254,09011,100
06255,09015,100
06256,09015,100
06259,09015,100
06260,09015,100
06262,09015,100
06263,09015,100
06264,09015,100
06266,09015,100
06268,09013,100
06269,09013,100
06277,09015,100
06278,09015,100
06279,09013,100
06280,09015,100
06281,09015,100
06282,09015,100
06320,09011,100
06330,09011,88.88
06330,09015,11.12
06331,09015,100
06332,09015,100
06333,09011,100
06334,09011,100
06335,09011,100
06336,09011,100
06339,09011,100
06340,09011,100
06350,09011,100
06351,09011,100
06353,09011,100
06354,09015,100
06355,09011,100
06357,09011,100
06359,09011,100
06360,09011,100
06365,09011,100
06370,09011,100
06371,09011,100
06373,09015,100
06374,09015,100
06375,09011,100
06376,09011,100
06377,09015,100
06378,09011,100
06379,09011,100
06380,09011,100
06382,09011,100
06384,09011,97.19
06384,09015,2.81
06385,09011,100
06387,09015,100
06389,09011,100
06390,36103,100
06401,09009,100
06403,09009,100
06405,09009,100
06409,09007,100
06410,09009,100
06412,09007,100
06413,09007,100
06414,09007,100
06415,09007,4.6
06415,09011,95.4
06416,09007,100
06417,09007,100
06418,09009,100
06419,09007,100
06420,09007,1.05
06420,09011,98.95
06422,09007,100
06423,09007,100
06424,09007,100
06426,09007,100
06437,09009,100
06438,09007,100
06441,09007,100
06442,09007,100
06443,09009,100
06444,09003,100
06447,09003,100
06450,09009,100
06451,09003,0.18
06451,09009,99.82
06455,09007,100
06456,09007,100
06457,09007,100
06460,09009,100
06461,09009,100
06467,09003,100
06468,09001,100
06469,09007,100
06470,09001,100
06471,09009,100
06472,09009,100
06473,09009,100
06475,09007,100
06477,09009,100
06478,09009,100
06479,09003,100
06480,09007,100
06481,09007,100
06482,09001,100
06483,09009,100
06484,09001,100
06488,09009,100
06489,09003,100
06492,09009,100
06498,09007,100
06510,09009,100
06511,09009,100
06512,09009,100
06513,09009,100
06514,09009,100
06515,09009,100
06516,09009,100
06517,09009,100
06518,09009,100
06519,09009,100
06524,09009,100
06525,09009,100
06604,09001,100
06605,09001,100
06606,09001,100
06607,09001,100
06608,09001,100
06610,09001,100
06611,09001,100
06612,09001,100
06614,09001,100
06615,09001,100
06702,09009,100
06704,09009,100
06705,09009,100
06706,09009,100
06708,09005,0.26
06708,09009,99.74
06710,09009,100
06712,09009,100
06716,09009,100
06750,09005,100
06751,09005,100
06752,09005,100
06754,09005,100
06755,09005,100
06756,09005,100
06757,09005,100
06758,09005,100
06759,09005,100
06762,09009,100
06763,09005,100
06770,09009,100
06776,09001,0.01
06776,09005,99.99
06777,09005,100
06778,09005,100
06779,09005,100
06782,09005,100
06783,09005,100
06784,09001,96.96
06784,09005,3.04
06785,09005,100
06786,09005,100
06787,09005,100
06790,09005,100
06791,09005,100
06793,09005,100
06794,09005,100
06795,09005,100
06796,09005,100
06798,09005,100
06801,09001,100
06804,09001,100
06807,09001,100
06810,09001,100
06811,09001,100
06812,09001,100
06820,09001,100
06824,09001,100
06825,09001,100
06830,09001,100
06831,09001,100
06840,09001,100
06850,09001,100
06851,09001,100
06853,09001,100
06854,09001,100
06855,09001,100
06856,09001,100
06870,09001,100
06877,09001,100
06878,09001,100
06880,09001,100
06883,09001,100
06890,09001,100
06896,09001,100
06897,09001,100
06901,09001,100
06902,09001,100
06903,09001,100
06905,09001,100
06906,09001,100
06907,09001,100
07001,34023,100
07002,34017,100
07003,34013,100
07004,34013,100
07005,34027,100
07006,34013,100
07008,34023,100
07009,34013,100
07010,34003,100
07011,34031,100
07012,34031,100
07013,34031,100
07014,34031,100
07016,34039,100
07017,34013,100
07018,34013,100
07020,34003,100
07021,34013,100
07022,34003,100
07023,34039,100
07024,34003,100
07026,34003,100
07027,34039,100
07028,34013,100
07029,34017,100
07030,34017,100
07031,34003,100
07032,34017,100
07033,34039,100
07034,34027,100
07035,34027,100
07036,34039,100
07039,34013,100
07040,34013,100
07041,34013,100
07042,34013,100
07043,34013,96.64
07043,34031,3.36
07044,34013,100
07045,34027,100
07046,34027,100
07047,34017,100
07050,34013,100
07052,34013,100
07054,34027,100
07055,34031,100
07057,34003,100
07058,34027,100
07059,34035,100
07060,34035,38.69
07060,34039,61.31
07062,34035,7.93
07062,34039,92.07
07063,34035,24.69
07063,34039,75.31
07064,34023,100
07065,34039,100
07066,34039,100
07067,34023,100
07068,34013,100
07069,34035,100
07070,34003,100
07071,34003,100
07072,34003,100
07073,34003,100
07074,34003,100
07075,34003,100
07076,34039,100
07077,34023,100
07078,34013,100
07079,34013,100
07080,34023,100
07081,34039,100
07082,34027,100
07083,34013,0.02
07083,34039,99.98
07086,34017,100
07087,34017,100
07088,34039,100
07090,34039,100
07092,34039,100
07093,34017,100
07094,34017,100
07095,34023,100
07102,34013,100
07103,34013,100
07104,34013,100
07105,34013,100
07106,34013,100
07107,34013,100
07108,34013,100
07109,34013,100
07110,34013,99.74
07110,34031,0.26
07111,34013,100
07112,34013,100
07114,34013,100
07201,34039,100
07202,34039,100
07203,34039,100
07204,34039,100
07205,34039,100
07206,34039,100
07208,34039,100
07302,34017,100
07304,34017,100
07305,34017,100
07306,34017,100
07307,34017,100
07310,34017,100
07311,34017,100
07401,34003,100
07403,34031,100
07405,34027,100
07407,34003,100
07410,34003,100
07416,34037,100
07417,34003,100
07418,34037,100
07419,34037,100
07420,34031,100
07421,34031,93.35
07421,34037,6.65
07422,34037,100
07423,34003,100
07424,34031,100
07430,34003,100
07432,34003,100
07435,34027,43.33
07435,34031,56.67
07436,34003,100
07438,34027,88.68
07438,34031,11.32
07439,34037,100
07440,34027,100
07442,34031,100
07444,34027,100
07446,34003,100
07450,34003,100
07452,34003,100
07456,34031,100
07457,34027,100
07458,34003,100
07460,34027,6.05
07460,34031,3.24
07460,34037,90.71
07461,34037,100
07462,34037,100
07463,34003,100
07465,34031,100
07470,34031,100
07480,34031,100
07481,34003,100
07495,34003,0
07501,34031,100
07502,34031,100
07503,34031,100
07504,34031,100
07505,34031,100
07506,34031,100
07508,34031,100
07512,34031,100
07513,34031,100
07514,34031,100
07522,34031,100
07524,34031,100
07601,34003,100
07603,34003,100
07604,34003,100
07605,34003,100
07606,34003,100
07607,34003,100
07608,34003,100
07620,34003,100
07621,34003,100
07624,34003,100
07626,34003,100
07627,34003,100
07628,34003,100
07630,34003,100
07631,34003,100
07632,34003,100
07640,34003,100
07641,34003,100
07642,34003,100
07643,34003,100
07644,34003,100
07645,34003,100
07646,34003,100
07647,34003,100
07648,34003,100
07649,34003,100
07650,34003,100
07652,34003,100
07656,34003,100
07657,34003,100
07660,34003,100
07661,34003,100
07662,34003,100
07663,34003,100
07666,34003,100
07670,34003,100
07675,34003,100
07676,34003,100
07677,34003,100
07701,34025,100
07702,34025,100
07703,34025,100
07704,34025,100
07711,34025,100
07712,34025,100
07716,34025,100
07717,34025,100
07718,34025,100
07719,34025,100
07720,34025,100
07721,34023,2.15
07721,34025,97.85
07722,34025,100
07723,34025,100
07724,34025,100
07726,34025,100
07727,34025,100
07728,34025,100
07730,34025,100
07731,34025,100
07732,34025,100
07733,34025,100
07734,34025,100
07735,34023,10.87
07735,34025,89.13
07737,34025,100
07738,34025,100
07739,34025,100
07740,34025,100
07746,34025,100
07747,34023,34.5
07747,34025,65.5
07748,34025,100
07750,34025,100
07751,34025,100
07753,34025,100
07755,34025,100
07756,34025,100
07757,34025,100
07758,34025,100
07760,34025,100
07762,34025,100
07764,34025,100
07801,34027,100
07803,34027,100
07820,34041,100
07821,34037,90.92
07821,34041,9.08
07822,34037,100
07823,34041,100
07825,34041,100
07826,34037,100
07827,34037,100
07828,34027,100
07830,34019,84.02
07830,34027,15.98
07832,34041,100
07833,34041,100
07834,34027,100
07836,34027,100
07838,34041,100
07840,34027,23.07
07840,34041,76.93
07842,34027,100
07843,34037,100
07846,34041,100
07847,34027,100
07848,34037,100
07849,34027,99.49
07849,34037,0.51
07850,34027,100
07851,34037,100
07852,34027,100
07853,34027,100
07856,34027,100
07857,34027,100
07860,34037,98.2
07860,34041,1.8
07863,34041,100
07865,34019,17.18
07865,34027,18.04
07865,34041,64.78
07866,34027,100
07869,34027,100
07870,34027,100
07871,34037,100
07874,34037,99.11
07874,34041,0.89
07876,34027,100
07878,34027,100
07880,34041,100
07881,34037,100
07882,34019,2.05
07882,34041,97.95
07885,34027,100
07901,34039,100
07920,34027,0.82
07920,34035,99.18
07921,34035,100
07922,34039,100
07924,34035,100
07926,34027,100
07927,34027,100
07928,34027,100
07930,34027,100
07931,34027,24.15
07931,34035,75.85
07932,34027,100
07933,34027,100
07934,34035,100
07935,34027,100
07936,34027,100
07939,34035,100
07940,34027,100
07945,34027,100
07946,34027,100
07950,34027,100
07960,34027,100
07961,34027,100
07970,34027,100
07974,34039,100
07976,34027,100
07977,34035,100
07979,34019,59.59
07979,34035,40.41
07980,34027,100
07981,34027,100
08001,34033,100
08002,34007,100
08003,34007,100
08004,34007,100
08005,34029,100
08006,34029,100
08007,34007,100
08008,34029,100
08009,34007,100
08010,34005,100
08011,34005,100
08012,34007,55.82
08012,34015,44.18
08014,34015,100
08015,34005,100
08016,34005,100
08019,34005,100
08020,34015,100
08021,34007,100
08022,34005,100
08023,34033,100
08026,34007,100
08027,34015,100
08028,34015,100
08029,34007,100
08030,34007,100
08031,34007,100
08033,34007,100
08034,34007,100
08035,34007,100
08036,34005,100
08037,34001,80.73
08037,34007,19.27
08038,34033,100
08039,34015,100
08041,34005,100
08042,34005,100
08043,34007,100
08045,34007,100
08046,34005,100
08048,34005,100
08049,34007,100
08050,34029,100
08051,34015,100
08052,34005,100
08053,34005,100
08054,34005,100
08055,34005,100
08056,34015,100
08057,34005,100
08059,34007,100
08060,34005,100
08061,34015,100
08062,34015,100
08063,34015,100
08064,34005,100
08065,34005,100
08066,34015,100
08067,34033,100
08068,34005,100
08069,34033,100
08070,34033,100
08071,34015,100
08072,34033,100
08073,34005,100
08074,34015,100
08075,34005,100
08077,34005,100
08078,34007,100
08079,34033,100
08080,34015,100
08081,34007,96.01
08081,34015,3.99
08083,34007,100
08084,34007,100
08085,34015,99.26
08085,34033,0.74
08086,34015,100
08087,34005,3.12
08087,34029,96.88
08088,34005,100
08089,34007,100
08090,34015,100
08091,34007,100
08092,34029,100
08093,34015,100
08094,34001,7.87
08094,34015,92.13
08095,34007,100
08096,34015,100
08097,34015,100
08098,34033,100
08102,34007,100
08103,34007,100
08104,34007,100
08105,34007,100
08106,34007,100
08107,34007,100
08108,34007,100
08109,34007,100
08110,34007,100
08201,34001,100
08202,34009,100
08203,34001,100
08204,34009,100
08205,34001,100
08210,34009,100
08212,34009,100
08215,34001,95
08215,34005,5
08217,34001,100
08221,34001,100
08223,34009,100
08224,34005,100
08225,34001,100
08226,34009,100
08230,34009,100
08232,34001,100
08234,34001,100
08240,34001,100
08241,34001,100
08242,34009,100
08243,34009,100
08244,34001,100
08246,34009,100
08247,34009,100
08248,34009,100
08251,34009,100
08260,34009,100
08270,34001,7.58
08270,34009,92.42
08302,34011,96.32
08302,34033,3.68
08310,34001,100
08311,34011,100
08312,34015,100
08314,34011,100
08316,34011,100
08317,34001,100
08318,34011,1.55
08318,34033,98.45
08319,34001,100
08320,34011,100
08321,34011,100
08322,34015,100
08323,34011,100
08324,34011,100
08326,34001,100
08327,34011,100
08328,34015,100
08329,34011,100
08330,34001,100
08332,34011,100
08340,34001,67.62
08340,34011,32.38
08341,34001,100
08343,34015,65.35
08343,34033,34.65
08344,34001,2.86
08344,34011,21.75
08344,34015,67.2
08344,34033,8.19
08345,34011,100
08346,34001,100
08348,34011,100
08349,34011,100
08350,34001,100
08352,34011,100
08353,34011,100
08360,34001,4.21
08360,34011,93.1
08360,34015,2.68
08361,34011,100
08401,34001,100
08402,34001,100
08403,34001,100
08406,34001,100
08501,34005,5.18
08501,34021,5.1
08501,34025,89.71
08502,34035,100
08505,34005,100
08510,34025,100
08511,34005,100
08512,34021,51.26
08512,34023,48.74
08514,34025,57.78
08514,34029,42.22
08515,34005,100
08518,34005,100
08520,34021,100
08525,34019,13.03
08525,34021,86.97
08527,34029,100
08528,34023,25.71
08528,34035,74.29
08530,34019,93.28
08530,34021,6.72
08533,34029,100
08534,34021,100
08535,34025,100
08536,34023,100
08540,34021,70.46
08540,34023,13.56
08540,34035,15.98
08542,34021,100
08550,34021,100
08551,34019,100
08553,34035,100
08554,34005,100
08555,34025,100
08558,34021,1.66
08558,34035,98.34
08559,34019,100
08560,34021,100
08561,34021,100
08562,34005,100
08608,34021,100
08609,34021,100
08610,34005,1.3
08610,34021,98.7
08611,34021,100
08618,34021,100
08619,34021,100
08620,34005,30.69
08620,34021,69.31
08628,34021,100
08629,34021,100
08638,34021,100
08640,34005,100
08641,34005,100
08648,34021,100
08690,34021,100
08691,34021,98.42
08691,34025,1.58
08701,34029,100
08720,34025,100
08721,34029,100
08722,34029,100
08723,34029,100
08724,34025,0.11
08724,34029,99.89
08730,34025,100
08731,34029,100
08732,34029,100
08733,34029,100
08734,34029,100
08735,34029,100
08736,34025,100
08738,34029,100
08740,34029,100
08741,34029,100
08742,34029,100
08750,34025,100
08751,34029,100
08752,34029,100
08753,34029,100
08755,34029,100
08757,34029,100
08758,34029,100
08759,34029,100
08801,34019,100
08802,34019,69.68
08802,34041,30.32
08804,34019,71.82
08804,34041,28.18
08805,34035,100
08807,34035,100
08808,34041,100
08809,34019,100
08810,34023,100
08812,34023,50.55
08812,34035,49
08812,34039,0.45
08816,34023,100
08817,34023,100
08820,34023,100
08821,34035,100
08822,34019,100
08823,34035,100
08824,34023,100
08825,34019,100
08826,34019,100
08827,34019,93.37
08827,34041,6.63
08828,34023,100
08829,34019,100
08830,34023,100
08831,34023,100
08832,34023,100
08833,34019,100
08835,34035,100
08836,34035,100
08837,34023,100
08840,34023,100
08844,34035,100
08846,34023,100
08848,34019,100
08850,34023,100
08852,34023,100
08853,34019,12.01
08853,34035,87.99
08854,34023,100
08857,34023,100
08858,34019,100
08859,34023,100
08861,34023,100
08863,34023,100
08865,34041,100
08867,34019,100
08869,34035,100
08872,34023,100
08873,34035,100
08876,34019,1.08
08876,34035,98.92
08879,34023,100
08880,34035,100
08882,34023,100
08884,34023,100
08886,34041,100
08887,34019,100
08889,34019,100
08890,34035,100
08901,34023,100
08902,34023,100
08904,34023,100
10001,36061,100
10002,36061,100
10003,36061,100
10004,36061,100
10005,36061,100
10006,36061,100
10007,36061,100
10009,36061,100
10010,36061,100
10011,36061,100
10012,36061,100
10013,36061,100
10014,36061,100
10016,36061,100
10017,36061,100
10018,36061,100
10019,36061,100
10020,36061,0
10021,36061,100
10022,36061,100
10023,36061,100
10024,36061,100
10025,36061,100
10026,36061,100
10027,36061,100
10028,36061,100
10029,36061,100
10030,36061,100
10031,36061,100
10032,36061,100
10033,36061,100
10034,36061,100
10035,36061,100
10036,36061,100
10037,36061,100
10038,36061,100
10039,36061,100
10040,36061,100
10044,36061,100
10065,36061,100
10069,36061,100
10075,36061,100
10103,36061,100
10110,36061,0
10111,36061,0
10112,36061,0
10115,36061,0
10119,36061,100
10128,36061,100
10152,36061,0
10153,36061,0
10154,36061,0
10162,36061,100
10165,36061,100
10167,36061,0
10168,36061,0
10169,36061,0
10170,36061,100
10171,36061,0
10172,36061,0
10173,36061,100
10174,36061,0
10177,36061,0
10199,36061,100
10271,36061,0
10278,36061,0
10279,36061,0
10280,36061,100
10282,36061,100
10301,36085,100
10302,36085,100
10303,36085,100
10304,36085,100
10305,36085,100
10306,36085,100
10307,36085,100
10308,36085,100
10309,36085,100
10310,36085,100
10311,36085,0
10312,36085,100
10314,36085,100
10451,36005,100
10452,36005,100
10453,36005,100
10454,36005,100
10455,36005,100
10456,36005,100
10457,36005,100
10458,36005,100
10459,36005,100
10460,36005,100
10461,36005,100
10462,36005,100
10463,36005,87.55
10463,36061,12.45
10464,36005,100
10465,36005,100
10466,36005,100
10467,36005,100
10468,36005,100
10469,36005,100
10470,36005,100
10471,36005,100
10472,36005,100
10473,36005,100
10474,36005,100
10475,36005,100
10501,36119,100
10502,36119,100
10503,36119,100
10504,36119,100
10505,36119,100
10506,36119,100
10507,36119,100
10509,36079,99.63
10509,36119,0.37
10510,36119,100
10511,36119,100
10512,36079,100
10514,36119,100
10516,36079,100
10517,36119,100
10518,36119,100
10519,36119,100
10520,36119,100
10522,36119,100
10523,36119,100
10524,36079,100
10526,36119,100
10527,36119,100
10528,36119,100
10530,36119,100
10532,36119,100
10533,36119,100
10535,36119,100
10536,36119,100
10537,36079,93.71
10537,36119,6.29
10538,36119,100
10541,36079,95.43
10541,36119,4.57
10543,36119,100
10545,36119,100
10546,36119,100
10547,36119,100
10548,36119,100
10549,36119,100
10550,36119,100
10552,36119,100
10553,36119,100
10560,36119,100
10562,36119,100
10566,36119,100
10567,36119,100
10570,36119,100
10573,36119,100
10576,36119,100
10577,36119,100
10578,36119,100
10579,36079,100
10580,36119,100
10583,36119,100
10588,36079,3.59
10588,36119,96.41
10589,36119,100
10590,36119,100
10591,36119,100
10594,36119,100
10595,36119,100
10596,36119,100
10597,36119,100
10598,36119,100
10601,36119,100
10603,36119,100
10604,36119,100
10605,36119,100
10606,36119,100
10607,36119,100
10701,36119,100
10703,36119,100
10704,36119,100
10705,36119,100
10706,36119,100
10707,36119,100
10708,36119,100
10709,36119,100
10710,36119,100
10801,36119,100
10803,36119,100
10804,36119,100
10805,36119,100
10901,36087,100
10910,36071,100
10911,36071,100
10913,36087,100
10914,36071,100
10915,36071,100
10916,36071,100
10917,36071,100
10918,36071,100
10919,36071,100
10920,36087,100
10921,36071,100
10922,36071,100
10923,36087,100
10924,36071,100
10925,36071,100
10926,36071,100
10927,36087,100
10928,36071,100
10930,36071,100
10931,36087,100
10932,36071,100
10933,36071,100
10940,36071,98.69
10940,36105,1.31
10941,36071,100
10950,36071,100
10952,36087,100
10953,36071,100
10954,36087,100
10956,36087,100
10958,36071,100
10960,36087,100
10962,36087,100
10963,36071,100
10964,36087,100
10965,36087,100
10968,36087,100
10969,36071,100
10970,36087,100
10973,36071,100
10974,36087,100
10975,36071,100
10976,36087,100
10977,36087,100
10979,36071,100
10980,36087,100
10983,36087,100
10984,36087,100
10985,36071,100
10986,36087,100
10987,36071,100
10988,36071,100
10989,36087,100
10990,36071,100
10992,36071,100
10993,36087,100
10994,36087,100
10996,36071,100
10998,36071,100
11001,36059,84.29
11001,36081,15.71
11003,36059,99.62
11003,36081,0.38
11004,36081,100
11005,36081,100
11010,36059,100
11020,36059,100
11021,36059,100
11023,36059,100
11024,36059,100
11030,36059,100
11040,36059,94.67
11040,36081,5.33
11042,36059,100
11050,36059,100
11096,36059,100
11101,36081,100
11102,36081,100
11103,36081,100
11104,36081,100
11105,36081,100
11106,36081,100
11109,36081,100
11201,36047,100
11203,36047,100
11204,36047,100
11205,36047,100
11206,36047,100
11207,36047,100
11208,36047,100
11209,36047,100
11210,36047,100
11211,36047,100
11212,36047,100
11213,36047,100
11214,36047,100
11215,36047,100
11216,36047,100
11217,36047,100
11218,36047,100
11219,36047,100
11220,36047,100
11221,36047,100
11222,36047,100
11223,36047,100
11224,36047,100
11225,36047,100
11226,36047,100
11228,36047,100
11229,36047,100
11230,36047,100
11231,36047,100
11232,36047,100
11233,36047,100
11234,36047,100
11235,36047,100
11236,36047,100
11237,36047,100
11238,36047,100
11239,36047,100
11351,36081,0
11354,36081,100
11355,36081,100
11356,36081,100
11357,36081,100
11358,36081,100
11359,36081,0
11360,36081,100
11361,36081,100
11362,36081,100
11363,36081,100
11364,36081,100
11365,36081,100
11366,36081,100
11367,36081,100
11368,36081,100
11369,36081,100
11370,36005,27.95
11370,36081,72.05
11371,36081,0
11372,36081,100
11373,36081,100
11374,36081,100
11375,36081,100
11377,36081,100
11378,36081,100
11379,36081,100
11385,36081,100
11411,36081,100
11412,36081,100
11413,36081,100
11414,36081,100
11415,36081,100
11416,36081,100
11417,36081,100
11418,36081,100
11419,36081,100
11420,36081,100
11421,36081,100
11422,36081,100
11423,36081,100
11424,36081,0
11425,36047,0
11426,36081,100
11427,36081,100
11428,36081,100
11429,36081,100
11430,36081,100
11432,36081,100
11433,36081,100
11434,36081,100
11435,36081,100
11436,36081,100
11451,36081,0
11501,36059,100
11507,36059,100
11509,36059,100
11510,36059,100
11514,36059,100
11516,36059,100
11518,36059,100
11520,36059,100
11530,36059,100
11542,36059,100
11545,36059,100
11547,36059,100
11548,36059,100
11549,36059,100
11550,36059,100
11552,36059,100
11553,36059,100
11554,36059,100
11556,36059,100
11557,36059,100
11558,36059,100
11559,36059,100
11560,36059,100
11561,36059,100
11563,36059,100
11565,36059,100
11566,36059,100
11568,36059,100
11569,36059,100
11570,36059,100
11572,36059,100
11575,36059,100
11576,36059,100
11577,36059,100
11579,36059,100
11580,36059,100
11581,36059,100
11590,36059,100
11596,36059,100
11598,36059,100
11691,36081,100
11692,36081,100
11693,36081,100
11694,36081,100
11697,36081,100
11701,36103,100
11702,36103,100
11703,36103,100
11704,36103,100
11705,36103,100
11706,36103,100
11709,36059,100
11710,36059,100
11713,36103,100
11714,36059,100
11715,36103,100
11716,36103,100
11717,36103,100
11718,36103,100
11719,36103,100
11720,36103,100
11721,36103,100
11722,36103,100
11724,36103,100
11725,36103,100
11726,36103,100
11727,36103,100
11729,36103,100
11730,36103,100
11731,36103,100
11732,36059,100
11733,36103,100
11735,36059,79.8
11735,36103,20.2
11738,36103,100
11739,36103,100
11740,36103,100
11741,36103,100
11742,36103,100
11743,36103,100
11746,36103,100
11747,36103,100
11749,36103,100
11751,36103,100
11752,36103,100
11753,36059,100
11754,36103,100
11755,36103,100
11756,36059,100
11757,36103,100
11758,36059,100
11762,36059,100
11763,36103,100
11764,36103,100
11765,36059,100
11766,36103,100
11767,36103,100
11768,36103,100
11769,36103,100
11770,36103,100
11771,36059,100
11772,36103,100
11776,36103,100
11777,36103,100
11778,36103,100
11779,36103,100
11780,36103,100
11782,36103,100
11783,36059,100
11784,36103,100
11786,36103,100
11787,36103,100
11788,36103,100
11789,36103,100
11790,36103,100
11791,36059,100
11792,36103,100
11793,36059,100
11794,36103,100
11795,36103,100
11796,36103,100
11797,36059,100
11798,36103,100
11801,36059,100
11803,36059,100
11804,36059,100
11901,36103,100
11930,36103,100
11931,36103,100
11932,36103,100
11933,36103,100
11934,36103,100
11935,36103,100
11937,36103,100
11939,36103,100
11940,36103,100
11941,36103,100
11942,36103,100
11944,36103,100
11946,36103,100
11947,36103,100
11948,36103,100
11949,36103,100
11950,36103,100
11951,36103,100
11952,36103,100
11953,36103,100
11954,36103,100
11955,36103,100
11956,36103,100
11957,36103,100
11958,36103,100
11959,36103,100
11960,36103,100
11961,36103,100
11962,36103,100
11963,36103,100
11964,36103,100
11965,36103,100
11967,36103,100
11968,36103,100
11970,36103,100
11971,36103,100
11972,36103,100
11973,36103,100
11975,36103,100
11976,36103,100
11977,36103,100
11978,36103,100
11980,36103,100
12007,36001,100
12008,36093,100
12009,36001,100
12010,36035,13.14
12010,36057,83.03
12010,36091,2.41
12010,36093,1.43
12015,36039,100
12017,36021,100
12018,36083,100
12019,36091,94.83
12019,36093,5.17
12020,36091,100
12022,36083,100
12023,36001,82.6
12023,36095,17.4
12024,36021,100
12025,36035,90.17
12025,36091,9.83
12027,36091,82.41
12027,36093,17.59
12028,36083,67.75
12028,36115,32.25
12029,36021,100
12031,36095,100
12032,36035,98.92
12032,36041,1.08
12033,36083,100
12035,36095,100
12036,36077,15.35
12036,36095,84.65
12037,36021,100
12040,36083,100
12041,36001,100
12042,36039,100
12043,36077,0.06
12043,36095,99.94
12045,36001,100
12046,36001,96.45
12046,36039,3.55
12047,36001,100
12051,36039,100
12052,36083,100
12053,36001,9.96
12053,36057,1.2
12053,36093,77.61
12053,36095,11.23
12054,36001,100
12056,36093,100
12057,36083,23.81
12057,36115,76.19
12058,36039,100
12059,36001,100
12060,36021,100
12061,36083,100
12062,36021,9.63
12062,36083,90.37
12063,36083,100
12064,36077,91.47
12064,36095,8.53
12065,36091,100
12066,36057,30.61
12066,36093,17.97
12066,36095,51.42
12067,36001,100
12068,36035,0.97
12068,36057,99.03
12069,36057,100
12070,36035,28.58
12070,36057,71.42
12071,36095,100
12072,36057,100
12074,36091,100
12075,36021,100
12076,36095,100
12077,36001,100
12078,36035,100
12083,36001,33.89
12083,36039,66.11
12084,36001,100
12085,36001,100
12086,36035,11.37
12086,36057,71.31
12086,36091,17.32
12087,36001,12.77
12087,36039,87.23
12089,36083,100
12090,36083,100
12092,36095,100
12093,36025,20.71
12093,36095,79.29
12094,36083,95.86
12094,36115,4.14
12095,36035,97.3
12095,36057,2.7
12106,36021,100
12108,36041,100
12110,36001,100
12115,36021,100
12116,36077,100
12117,36035,100
12118,36083,3.68
12118,36091,96.32
12120,36001,95.6
12120,36039,4.4
12121,36083,100
12122,36001,3.97
12122,36095,96.03
12123,36083,100
12124,36039,100
12125,36021,100
12130,36021,100
12131,36095,100
12132,36021,100
12134,36035,54.86
12134,36041,16.92
12134,36091,28.21
12136,36021,100
12137,36057,22.63
12137,36093,77.37
12138,36083,100
12139,36041,100
12140,36083,100
12143,36001,93.65
12143,36039,6.35
12144,36083,100
12147,36001,100
12148,36091,100
12149,36095,100
12150,36093,100
12151,36091,100
12153,36083,100
12154,36083,82.22
12154,36115,17.78
12155,36025,6.68
12155,36077,93.32
12156,36021,17.92
12156,36083,82.08
12157,36001,0.15
12157,36093,0.54
12157,36095,99.31
12158,36001,100
12159,36001,100
12160,36095,100
12161,36001,100
12164,36041,100
12165,36021,100
12166,36057,99.63
12166,36095,0.37
12167,36025,69.73
12167,36095,30.27
12168,36083,100
12169,36083,100
12170,36091,100
12172,36021,100
12173,36021,100
12174,36021,100
12175,36095,100
12176,36039,100
12177,36057,100
12180,36083,100
12182,36083,100
12183,36001,100
12184,36021,98.82
12184,36083,1.18
12185,36083,87.63
12185,36115,12.37
12186,36001,100
12187,36095,100
12188,36091,100
12189,36001,100
12190,36041,100
12192,36039,100
12193,36001,100
12194,36095,100
12195,36021,100
12196,36083,100
12197,36077,100
12198,36083,100
12202,36001,100
12203,36001,100
12204,36001,100
12205,36001,100
12206,36001,100
12207,36001,100
12208,36001,100
12209,36001,100
12210,36001,100
12211,36001,100
12222,36001,100
12302,36091,1.66
12302,36093,98.34
12303,36001,34.69
12303,36093,65.31
12304,36001,13.13
12304,36093,86.87
12305,36093,100
12306,36001,2.94
12306,36093,97.06
12307,36093,100
12308,36093,100
12309,36001,14.9
12309,36093,85.1
12401,36111,100
12404,36111,100
12405,36039,100
12406,36025,87
12406,36111,13
12407,36039,100
12409,36111,100
12410,36111,100
12411,36111,100
12412,36111,100
12413,36039,100
12414,36039,100
12416,36111,100
12417,36111,100
12418,36039,100
12419,36111,100
12420,36111,100
12421,36025,100
12422,36039,100
12423,36039,100
12424,36039,100
12427,36039,100
12428,36111,100
12429,36111,100
12430,36025,78.39
12430,36039,21.61
12431,36039,100
12432,36111,100
12433,36111,100
12434,36025,100
12435,36111,100
12436,36039,100
12438,36025,100
12439,36039,100
12440,36111,100
12441,36025,41.23
12441,36111,58.77
12442,36039,100
12443,36111,100
12444,36039,100
12446,36111,100
12448,36111,100
12449,36111,100
12450,36039,100
12451,36039,100
12452,36039,100
12453,36111,100
12454,36039,100
12455,36025,97.38
12455,36111,2.62
12456,36111,100
12457,36111,100
12458,36105,4.24
12458,36111,95.76
12459,36025,100
12460,36039,100
12461,36111,100
12463,36039,100
12464,36111,100
12465,36025,1.88
12465,36111,98.12
12466,36111,100
12468,36025,5.41
12468,36039,94.59
12469,36001,81.68
12469,36039,4.58
12469,36095,13.74
12470,36039,100
12471,36111,100
12472,36111,100
12473,36039,100
12474,36025,100
12475,36111,100
12477,36111,100
12480,36039,10.25
12480,36111,89.75
12481,36111,100
12482,36039,100
12483,36105,21.24
12483,36111,78.76
12484,36111,100
12485,36039,100
12486,36111,100
12487,36111,100
12489,36111,100
12490,36111,100
12491,36111,100
12492,36039,100
12493,36111,100
12494,36111,100
12495,36111,100
12496,36039,100
12498,36111,100
12501,36027,100
12502,36021,100
12503,36021,100
12504,36027,100
12507,36027,100
12508,36027,100
12512,36027,100
12513,36021,100
12514,36027,100
12515,36111,100
12516,36021,100
12517,36021,100
12518,36071,100
12520,36071,100
12521,36021,100
12522,36027,100
12523,36021,100
12524,36027,100
12525,36111,100
12526,36021,100
12527,36027,100
12528,36111,100
12529,36021,100
12530,36021,100
12531,36027,81.89
12531,36079,18.11
12533,36027,99.78
12533,36079,0.22
12534,36021,100
12538,36027,100
12540,36027,100
12542,36071,4.11
12542,36111,95.89
12543,36071,100
12545,36027,100
12546,36021,6.25
12546,36027,93.75
12547,36111,100
12548,36111,100
12549,36071,100
12550,36071,100
12553,36071,100
12561,36111,100
12563,36079,100
12564,36027,100
12565,36021,100
12566,36071,44.31
12566,36105,5.35
12566,36111,50.34
12567,36021,14.4
12567,36027,85.6
12569,36027,100
12570,36027,100
12571,36021,7.27
12571,36027,92.73
12572,36027,100
12574,36027,100
12575,36071,100
12577,36071,100
12578,36027,100
12580,36027,100
12581,36027,100
12582,36027,99.53
12582,36079,0.47
12583,36021,30.8
12583,36027,69.2
12585,36027,100
12586,36071,99.9
12586,36111,0.1
12589,36071,19.69
12589,36111,80.31
12590,36027,100
12592,36027,100
12594,36027,100
12601,36027,100
12603,36027,100
12604,36027,100
12701,36105,100
12719,36105,100
12720,36105,100
12721,36071,23.31
12721,36105,76.69
12722,36105,100
12723,36105,100
12724,36105,100
12725,36105,28.88
12725,36111,71.12
12726,36105,100
12729,36071,95.09
12729,36105,4.91
12732,36105,100
12733,36105,100
12734,36105,100
12736,36105,100
12737,36105,100
12738,36105,100
12740,36105,82.13
12740,36111,17.87
12741,36105,100
12742,36105,100
12743,36105,100
12745,36105,100
12746,36071,100
12747,36105,100
12748,36105,100
12749,36105,100
12750,36105,100
12751,36105,100
12752,36105,100
12754,36105,100
12758,36025,0.2
12758,36105,97.85
12758,36111,1.95
12759,36105,100
12760,36025,55.81
12760,36105,44.19
12762,36105,100
12763,36105,100
12764,36105,100
12765,36105,100
12766,36105,100
12767,36105,100
12768,36105,100
12769,36105,100
12770,36105,100
12771,36071,100
12775,36105,100
12776,36025,32.89
12776,36105,67.11
12777,36105,100
12778,36105,100
12779,36105,100
12780,36071,98.14
12780,36105,1.86
12781,36105,100
12783,36105,100
12784,36105,100
12785,36071,48.63
12785,36105,51.37
12786,36105,100
12787,36105,100
12788,36105,100
12789,36105,100
12790,36105,100
12791,36105,100
12792,36105,100
12801,36113,100
12803,36091,100
12804,36113,99.85
12804,36115,0.15
12808,36031,0.65
12808,36113,99.35
12809,36115,100
12810,36113,100
12811,36113,100
12812,36041,100
12814,36113,100
12815,36113,100
12816,36115,100
12817,36113,100
12819,36115,100
12821,36115,100
12822,36091,100
12823,36115,100
12824,36113,100
12827,36115,100
12828,36091,39.06
12828,36115,60.94
12831,36091,100
12832,36115,100
12833,36091,100
12834,36115,100
12835,36091,98.16
12835,36113,1.84
12836,36031,2.26
12836,36113,97.74
12837,36115,100
12838,36115,100
12839,36115,100
12841,36115,100
12842,36041,100
12843,36113,100
12844,36113,2.01
12844,36115,97.99
12845,36113,100
12846,36113,100
12847,36041,99.67
12847,36089,0.33
12849,36115,100
12850,36091,100
12851,36031,100
12852,36031,100
12853,36031,3.28
12853,36113,96.72
12855,36031,100
12856,36113,100
12857,36031,90.36
12857,36113,9.64
12858,36031,100
12859,36091,100
12860,36113,100
12861,36115,100
12862,36113,100
12863,36091,100
12864,36041,100
12865,36115,100
12866,36091,100
12870,36031,97.95
12870,36113,2.05
12871,36091,100
12872,36031,100
12873,36115,100
12874,36113,100
12878,36113,100
12883,36031,100
12884,36091,100
12885,36113,100
12886,36113,100
12887,36115,100
12901,36019,100
12903,36019,100
12910,36019,100
12911,36019,100
12912,36019,55.41
12912,36031,44.59
12912,36033,0
12913,36031,92.65
12913,36033,7.35
12914,36033,90.33
12914,36089,9.67
12916,36033,100
12917,36033,100
12918,36019,100
12919,36019,100
12920,36019,2.01
12920,36033,97.99
12921,36019,100
12922,36089,100
12923,36019,100
12924,36019,100
12926,36033,100
12927,36089,100
12928,36031,100
12929,36019,100
12930,36033,98.11
12930,36089,1.89
12932,36031,100
12933,36019,100
12934,36019,100
12935,36019,100
12936,36031,100
12937,36033,100
12939,36033,100
12941,36031,100
12942,36031,100
12943,36031,100
12944,36019,46.74
12944,36031,53.26
12945,36033,100
12946,36031,100
12950,36031,100
12952,36019,100
12953,36033,100
12955,36019,87.14
12955,36033,12.86
12956,36031,100
12957,36033,100
12958,36019,100
12959,36019,100
12960,36031,100
12961,36031,100
12962,36019,100
12964,36031,100
12965,36089,100
12966,36033,100
12967,36089,100
12969,36033,100
12970,36033,100
12972,36019,99.81
12972,36031,0.19
12973,36089,100
12974,36031,100
12975,36031,100
12976,36033,100
12977,36031,100
12978,36019,100
12979,36019,100
12980,36033,85.2
12980,36089,14.8
12981,36019,99.33
12981,36033,0.67
12983,36031,29.2
12983,36033,70.8
12985,36019,100
12986,36033,98.81
12986,36089,1.19
12987,36031,100
12989,36033,100
12992,36019,100
12993,36031,100
12996,36031,100
12997,36031,100
12998,36031,100
13020,36067,100
13021,36011,99.98
13021,36067,0.02
13024,36011,100
13026,36011,100
13027,36011,0.1
13027,36067,99.9
13028,36075,100
13029,36067,100
13030,36053,54.62
13030,36067,45.38
13031,36067,100
13032,36053,100
13033,36011,100
13034,36011,100
13035,36053,97.11
13035,36067,2.89
13036,36075,100
13037,36053,97.85
13037,36067,2.15
13039,36067,100
13040,36017,8.85
13040,36023,91.15
13041,36067,100
13042,36065,49.15
13042,36075,50.85
13044,36075,100
13045,36011,2.15
13045,36023,96.35
13045,36109,1.5
13051,36067,100
13052,36017,16.08
13052,36023,6.19
13052,36053,75.64
13052,36067,2.08
13053,36023,10.53
13053,36109,89.47
13054,36065,100
13057,36067,100
13060,36067,100
13061,36053,100
13062,36109,100
13063,36067,100
13064,36011,100
13066,36067,100
13068,36109,100
13069,36075,100
13071,36011,100
13072,36017,22.8
13072,36053,77.2
13073,36011,0.98
13073,36109,99.02
13074,36011,3.45
13074,36075,96.55
13076,36075,100
13077,36011,0.36
13077,36023,96.32
13077,36067,3.33
13078,36067,100
13080,36011,26
13080,36067,74
13081,36011,100
13082,36053,59.08
13082,36067,40.92
13083,36045,1.11
13083,36075,98.89
13084,36067,100
13087,36023,100
13088,36067,100
13090,36067,100
13092,36011,90.64
13092,36109,9.36
13101,36023,100
13102,36109,100
13103,36075,100
13104,36053,0.24
13104,36067,99.76
13108,36067,100
13110,36067,100
13111,36011,81.35
13111,36075,18.65
13112,36067,100
13113,36011,100
13114,36075,100
13115,36075,100
13116,36067,100
13117,36011,100
13118,36011,100
13120,36067,100
13122,36053,84.67
13122,36067,15.33
13123,36065,100
13124,36017,100
13126,36011,0.16
13126,36075,99.84
13131,36075,100
13132,36075,100
13134,36053,100
13135,36067,24.92
13135,36075,75.08
13136,36017,100
13138,36067,100
13140,36011,100
13141,36023,75.17
13141,36067,24.83
13142,36075,100
13143,36011,33.41
13143,36117,66.59
13144,36075,100
13145,36075,100
13146,36099,3.52
13146,36117,96.48
13147,36011,100
13148,36099,100
13152,36011,4.76
13152,36067,95.24
13153,36067,100
13155,36017,100
13156,36011,95
13156,36075,0.8
13156,36117,4.2
13157,36065,100
13158,36023,98.06
13158,36067,1.94
13159,36023,16.05
13159,36067,83.95
13160,36011,100
13162,36065,100
13163,36053,100
13164,36067,100
13165,36099,100
13166,36011,98.41
13166,36067,1.59
13167,36075,100
13202,36067,100
13203,36067,100
13204,36067,100
13205,36067,100
13206,36067,100
13207,36067,100
13208,36067,100
13209,36067,100
13210,36067,100
13211,36067,100
13212,36067,100
13214,36067,100
13215,36067,100
13219,36067,100
13224,36067,100
13290,36067,0
13301,36065,100
13302,36075,100
13303,36065,100
13304,36043,2.14
13304,36065,97.86
13305,36049,100
13308,36065,100
13309,36049,15.89
13309,36065,84.11
13310,36053,100
13312,36049,100
13313,36065,100
13314,36053,100
13315,36077,100
13316,36049,2.83
13316,36065,96.55
13316,36075,0.62
13317,36057,99.6
13317,36077,0.4
13318,36065,100
13319,36065,100
13320,36057,0.55
13320,36077,99.45
13321,36065,100
13322,36043,33.46
13322,36065,66.54
13323,36065,100
13324,36043,100
13325,36049,100
13326,36077,100
13327,36049,100
13328,36065,100
13329,36035,26.28
13329,36043,73.72
13331,36043,100
13332,36017,26.18
13332,36053,73.82
13333,36077,100
13334,36053,100
13335,36077,100
13337,36077,100
13338,36043,7.38
13338,36065,92.62
13339,36035,6.67
13339,36043,9.02
13339,36057,84.31
13340,36043,100
13341,36065,100
13342,36077,100
13343,36049,100
13345,36049,100
13346,36053,100
13348,36077,100
13350,36043,100
13352,36065,100
13353,36041,100
13354,36065,100
13355,36053,100
13357,36043,99.63
13357,36077,0.37
13360,36041,100
13361,36043,85.56
13361,36077,14.44
13362,36065,100
13363,36065,100
13364,36053,100
13365,36043,100
13367,36043,0.24
13367,36049,99.76
13368,36049,100
13402,36053,98.76
13402,36065,1.24
13403,36065,100
13404,36049,100
13406,36043,100
13407,36043,100
13408,36053,100
13409,36053,100
13410,36057,100
13411,36017,59.01
13411,36077,40.99
13413,36043,1.35
13413,36065,98.65
13415,36077,100
13416,36043,100
13417,36065,100
13418,36053,100
13420,36043,100
13421,36053,83.12
13421,36065,16.88
13424,36065,100
13425,36053,7.06
13425,36065,92.94
13428,36057,100
13431,36043,93.52
13431,36065,6.48
13433,36049,100
13435,36065,100
13436,36041,100
13437,36049,10
13437,36075,90
13438,36043,14.33
13438,36065,85.67
13439,36043,23.82
13439,36077,76.18
13440,36065,100
13441,36065,100
13450,36077,100
13452,36035,42.82
13452,36057,57.18
13454,36043,100
13456,36043,8.38
13456,36065,91.62
13459,36057,3.51
13459,36077,0.63
13459,36095,95.86
13460,36017,99.62
13460,36053,0.38
13461,36065,100
13464,36017,100
13468,36077,100
13469,36065,100
13470,36035,82.9
13470,36043,17.1
13471,36049,1.24
13471,36065,98.76
13472,36043,100
13473,36049,100
13475,36043,100
13476,36065,100
13477,36065,100
13478,36065,100
13480,36053,2.18
13480,36065,97.82
13483,36065,100
13484,36053,100
13485,36017,9.89
13485,36053,69.35
13485,36077,20.76
13486,36065,100
13488,36077,100
13489,36049,96.35
13489,36065,3.65
13490,36065,100
13491,36043,58.8
13491,36053,11.23
13491,36077,29.96
13492,36065,100
13493,36075,100
13494,36065,100
13495,36065,100
13501,36065,100
13502,36043,6.28
13502,36065,93.72
13601,36045,99.88
13601,36049,0.12
13602,36045,100
13603,36045,100
13605,36045,100
13606,36045,100
13607,36045,100
13608,36045,85.05
13608,36089,14.95
13612,36045,100
13613,36089,100
13614,36089,100
13615,36045,100
13616,36045,100
13617,36089,100
13618,36045,100
13619,36045,88.77
13619,36049,11.23
13620,36049,100
13621,36089,100
13622,36045,100
13623,36089,100
13624,36045,100
13625,36089,100
13626,36045,16.67
13626,36049,83.33
13628,36045,100
13630,36089,100
13633,36089,100
13634,36045,100
13635,36089,100
13636,36045,100
13637,36045,100
13638,36045,100
13639,36089,100
13640,36045,100
13641,36045,100
13642,36045,0.58
13642,36089,99.42
13643,36045,100
13646,36045,0.59
13646,36089,99.41
13647,36089,100
13648,36049,58.83
13648,36089,41.17
13650,36045,100
13651,36045,100
13652,36089,100
13654,36089,100
13655,36033,95.16
13655,36089,4.84
13656,36045,100
13658,36089,100
13659,36045,100
13660,36089,100
13661,36045,97.21
13661,36075,2.79
13662,36089,100
13664,36089,100
13665,36045,64.29
13665,36049,35.71
13666,36089,100
13667,36089,100
13668,36089,100
13669,36089,100
13670,36089,100
13672,36089,100
13673,36045,100
13674,36045,100
13675,36045,100
13676,36089,100
13677,36089,100
13678,36089,100
13679,36045,91.8
13679,36089,8.2
13680,36089,100
13681,36089,100
13682,36045,98.06
13682,36049,1.94
13684,36089,100
13685,36045,100
13687,36089,100
13690,36089,100
13691,36045,100
13692,36045,100
13693,36045,100
13694,36089,100
13695,36089,100
13696,36089,100
13697,36089,100
13730,36007,3.49
13730,36017,96.51
13731,36025,100
13732,36107,100
13733,36017,93.94
13733,36025,2.17
13733,36077,3.89
13734,36107,100
13736,36007,2.14
13736,36107,84.94
13736,36109,12.92
13739,36025,100
13740,36025,100
13743,36107,100
13744,36007,100
13746,36007,84.09
13746,36017,15.91
13748,36007,100
13750,36025,100
13751,36025,100
13752,36025,100
13753,36025,100
13754,36007,55.8
13754,36025,44.2
13755,36025,100
13756,36025,100
13757,36025,100
13760,36007,92.06
13760,36107,7.94
13774,36025,100
13775,36025,100
13776,36077,100
13777,36007,100
13778,36007,1.13
13778,36017,98.87
13780,36017,100
13782,36025,100
13783,36025,100
13784,36023,100
13786,36025,100
13787,36007,82.2
13787,36017,17.8
13788,36025,100
13790,36007,100
13794,36007,100
13795,36007,100
13796,36077,100
13797,36007,100
13801,36017,100
13802,36007,100
13803,36007,8.5
13803,36023,91.5
13804,36025,100
13806,36025,100
13807,36077,100
13808,36077,100
13809,36017,65.85
13809,36077,34.15
13810,36077,100
13811,36007,7.07
13811,36107,92.93
13812,36107,100
13813,36007,83.11
13813,36017,16.89
13815,36017,100
13820,36025,7.49
13820,36077,92.51
13825,36025,2.27
13825,36077,97.73
13826,36007,100
13827,36107,100
13830,36017,100
13832,36017,100
13833,36007,100
13834,36077,100
13835,36007,26.6
13835,36023,21.71
13835,36107,51.69
13838,36025,97.3
13838,36077,2.7
13839,36025,100
13841,36017,88.28
13841,36023,11.72
13842,36025,100
13843,36017,53.87
13843,36077,46.13
13844,36017,100
13845,36107,100
13846,36025,100
13847,36025,100
13849,36025,20.81
13849,36077,79.19
13850,36007,100
13856,36025,100
13859,36077,100
13860,36025,100
13861,36077,100
13862,36007,99.36
13862,36023,0.64
13863,36023,100
13864,36107,73.46
13864,36109,26.54
13865,36007,100
13901,36007,100
13902,36007,100
13903,36007,100
13904,36007,100
13905,36007,100
14001,36029,89.6
14001,36037,4.16
14001,36063,6.23
14004,36029,94.36
14004,36037,1.16
14004,36121,4.49
14005,36037,100
14006,36029,100
14008,36063,100
14009,36009,10.83
14009,36121,89.17
14011,36037,6.72
14011,36121,93.28
14012,36063,100
14013,36029,1.54
14013,36037,98.46
14020,36037,100
14024,36003,3.02
14024,36121,96.98
14025,36029,100
14026,36029,100
14028,36063,100
14030,36009,16.16
14030,36029,82.51
14030,36121,1.33
14031,36029,100
14032,36029,100
14033,36029,100
14034,36029,100
14035,36029,100
14036,36037,100
14037,36029,13.55
14037,36121,86.45
14039,36121,100
14040,36037,83.81
14040,36121,16.19
14041,36009,100
14042,36009,100
14043,36029,100
14047,36029,100
14048,36013,100
14051,36029,100
14052,36029,100
14054,36037,98.14
14054,36121,1.86
14055,36029,100
14057,36029,100
14058,36037,96.02
14058,36073,3.98
14059,36029,100
14060,36003,32.51
14060,36009,67.49
14061,36029,100
14062,36013,100
14063,36013,100
14065,36003,22.26
14065,36009,77.74
14066,36121,100
14067,36063,100
14068,36029,100
14069,36029,100
14070,36009,43.29
14070,36029,56.71
14072,36029,100
14075,36029,100
14080,36029,100
14081,36009,2.16
14081,36013,32.08
14081,36029,65.75
14082,36121,100
14085,36029,100
14086,36029,100
14091,36029,100
14092,36063,100
14094,36063,100
14098,36073,100
14101,36009,100
14102,36029,100
14103,36073,100
14105,36037,0.11
14105,36063,93.93
14105,36073,5.96
14108,36063,100
14109,36063,100
14111,36029,100
14112,36029,100
14113,36121,100
14120,36063,100
14125,36037,99.76
14125,36073,0.24
14126,36063,100
14127,36029,100
14129,36009,100
14130,36121,100
14131,36063,100
14132,36063,100
14134,36029,100
14135,36013,100
14136,36013,100
14138,36009,72.89
14138,36013,27.11
14139,36029,100
14141,36009,4.87
14141,36029,95.13
14143,36037,100
14145,36029,2.97
14145,36121,97.03
14150,36029,100
14167,36121,100
14168,36009,100
14169,36029,100
14170,36029,100
14171,36009,100
14172,36063,100
14173,36009,100
14174,36063,100
14201,36029,100
14202,36029,100
14203,36029,100
14204,36029,100
14206,36029,100
14207,36029,100
14208,36029,100
14209,36029,100
14210,36029,100
14211,36029,100
14212,36029,100
14213,36029,100
14214,36029,100
14215,36029,100
14216,36029,100
14217,36029,100
14218,36029,100
14219,36029,100
14220,36029,100
14221,36029,100
14222,36029,100
14223,36029,100
14224,36029,100
14225,36029,100
14226,36029,100
14227,36029,100
14228,36029,100
14261,36029,100
14301,36063,100
14302,36063,100
14303,36063,100
14304,36063,100
14305,36063,100
14411,36073,100
14414,36051,99.75
14414,36055,0.25
14415,36123,100
14416,36037,94.81
14416,36055,5.19
14418,36101,9.81
14418,36123,90.19
14420,36055,97.46
14420,36073,2.54
14422,36037,98.26
14422,36073,1.74
14423,36051,100
14424,36069,100
14425,36069,100
14427,36121,100
14428,36055,100
14432,36069,100
14433,36099,5.23
14433,36117,94.77
14435,36051,100
14437,36051,92.78
14437,36101,7.22
14441,36123,100
14445,36055,100
14450,36055,99.95
14450,36117,0.05
14454,36051,100
14456,36069,93.2
14456,36099,6.5
14456,36123,0.3
14462,36051,100
14464,36055,98.11
14464,36073,1.89
14466,36051,43.69
14466,36069,56.31
14467,36055,100
14468,36055,100
14469,36069,100
14470,36055,2.26
14470,36073,97.74
14471,36051,0.11
14471,36069,99.89
14472,36051,5.41
14472,36055,90.5
14472,36069,4.09
14475,36069,100
14476,36055,5.77
14476,36073,94.23
14477,36073,100
14478,36123,100
14479,36073,100
14480,36051,100
14481,36051,100
14482,36037,98.11
14482,36051,1.4
14482,36055,0.48
14485,36051,95.5
14485,36069,4.5
14486,36051,100
14487,36051,93.99
14487,36069,6.01
14489,36069,1.78
14489,36099,0.83
14489,36117,97.39
14502,36055,1.69
14502,36117,98.31
14504,36069,100
14505,36117,100
14506,36055,100
14507,36123,100
14510,36051,100
14511,36055,100
14512,36069,75.77
14512,36101,5.61
14512,36123,18.62
14513,36069,2.33
14513,36117,97.67
14514,36055,100
14516,36117,100
14517,36051,100
14519,36055,2.53
14519,36117,97.47
14521,36099,100
14522,36069,9.53
14522,36117,90.47
14525,36037,69.91
14525,36051,4.22
14525,36121,25.86
14526,36055,100
14527,36123,100
14529,36101,100
14530,36121,100
14532,36069,95.08
14532,36099,4.92
14533,36051,99.4
14533,36121,0.6
14534,36055,98.8
14534,36069,1.2
14536,36003,26.93
14536,36121,73.07
14537,36069,100
14539,36051,100
14541,36099,100
14542,36117,100
14543,36055,100
14544,36069,38.79
14544,36123,61.21
14545,36051,100
14546,36055,100
14548,36069,100
14549,36121,100
14550,36121,100
14551,36117,100
14555,36117,100
14559,36055,100
14560,36051,61.09
14560,36069,38.91
14561,36069,97.93
14561,36123,2.07
14564,36055,1.46
14564,36069,98.54
14568,36117,100
14569,36121,100
14571,36073,100
14572,36051,18.62
14572,36101,81.38
14580,36055,99.85
14580,36117,0.15
14585,36069,100
14586,36055,100
14588,36099,100
14589,36117,100
14590,36117,100
14591,36037,7.55
14591,36121,92.45
14592,36051,100
14604,36055,100
14605,36055,100
14606,36055,100
14607,36055,100
14608,36055,100
14609,36055,100
14610,36055,100
14611,36055,100
14612,36055,100
14613,36055,100
14614,36055,100
14615,36055,100
14616,36055,100
14617,36055,100
14618,36055,100
14619,36055,100
14620,36055,100
14621,36055,100
14622,36055,100
14623,36055,100
14624,36055,100
14625,36055,100
14626,36055,100
14627,36055,100
14701,36013,100
14706,36009,100
14707,36003,100
14708,36003,100
14709,36003,100
14710,36013,100
14711,36003,100
14712,36013,100
14714,36003,100
14715,36003,100
14716,36013,100
14717,36003,100
14718,36013,100
14719,36009,100
14720,36013,100
14721,36003,100
14722,36013,100
14723,36013,100
14724,36013,100
14726,36009,85.9
14726,36013,14.1
14727,36003,79.61
14727,36009,20.39
14728,36013,100
14729,36009,100
14731,36009,100
14732,36013,100
14733,36013,100
14735,36003,99.38
14735,36121,0.62
14736,36013,100
14737,36009,100
14738,36009,7.23
14738,36013,92.77
14739,36003,100
14740,36013,100
14741,36009,100
14742,36013,100
14743,36009,100
14744,36003,100
14747,36009,8.65
14747,36013,91.35
14748,36009,100
14750,36013,100
14752,36013,100
14753,36009,100
14754,36003,100
14755,36009,100
14756,36013,100
14757,36013,100
14760,36009,100
14767,36013,100
14769,36013,100
14770,36003,27
14770,36009,73
14772,36009,100
14774,36003,100
14775,36013,100
14777,36003,100
14778,36009,100
14779,36009,100
14781,36013,100
14782,36013,100
14783,36009,100
14784,36013,100
14787,36013,100
14788,36009,100
14801,36101,100
14802,36003,100
14803,36003,93.95
14803,36101,6.05
14804,36003,99.73
14804,36101,0.27
14805,36097,100
14806,36003,93.12
14806,36101,6.88
14807,36003,18.5
14807,36101,81.5
14808,36101,100
14809,36101,100
14810,36101,100
14812,36015,29.61
14812,36097,49.22
14812,36101,21.16
14813,36003,100
14814,36015,88.81
14814,36101,11.19
14815,36097,68.18
14815,36101,31.82
14816,36015,100
14817,36107,4.41
14817,36109,95.59
14818,36097,100
14819,36101,100
14820,36101,100
14821,36101,100
14822,36003,95.64
14822,36051,4.36
14823,36101,100
14824,36015,33.19
14824,36097,66.81
14825,36015,100
14826,36101,100
14827,36101,100
14830,36015,1
14830,36101,99
14836,36003,20.71
14836,36051,79.29
14837,36097,18.89
14837,36101,1.68
14837,36123,79.43
14838,36015,100
14839,36101,100
14840,36097,1.11
14840,36101,98.89
14841,36097,88.31
14841,36099,11.69
14842,36123,100
14843,36003,0.41
14843,36101,99.59
14845,36015,100
14846,36003,18.56
14846,36051,81.44
14847,36099,100
14850,36109,100
14853,36109,100
14854,36109,100
14855,36101,100
14856,36101,100
14858,36101,100
14859,36015,30.42
14859,36107,69.58
14860,36099,100
14861,36015,100
14864,36015,89.14
14864,36097,10.86
14865,36097,100
14867,36109,100
14869,36097,100
14870,36097,1.7
14870,36101,98.3
14871,36015,90.65
14871,36101,9.35
14872,36015,100
14873,36101,100
14874,36101,100
14877,36003,1.25
14877,36101,98.75
14878,36097,72.22
14878,36123,27.78
14879,36101,100
14880,36003,100
14881,36109,100
14882,36109,100
14883,36107,78.7
14883,36109,21.3
14884,36003,100
14885,36101,100
14886,36097,25.47
14886,36099,9.86
14886,36109,64.67
14889,36015,96.1
14889,36097,3.27
14889,36107,0.63
14891,36097,100
14892,36015,9.23
14892,36107,90.77
14893,36101,100
14894,36015,100
14895,36003,100
14897,36003,98.06
14897,36101,1.94
14898,36101,100
14901,36015,100
14903,36015,100
14904,36015,100
14905,36015,100
15001,42007,100
15003,42003,7.78
15003,42007,92.22
15004,42125,100
15005,42003,8.71
15005,42007,91.29
15006,42003,100
15007,42003,100
15009,42007,100
15010,42007,100
15012,42051,26.27
15012,42125,0.25
15012,42129,73.48
15014,42003,100
15015,42003,100
15017,42003,91.58
15017,42125,8.42
15018,42003,100
15019,42125,100
15020,42003,100
15021,42125,100
15022,42125,100
15024,42003,100
15025,42003,99.96
15025,42125,0.04
15026,42003,18.47
15026,42007,74.9
15026,42125,6.64
15027,42007,100
15028,42003,100
15030,42003,100
15031,42003,100
15033,42125,100
15034,42003,100
15035,42003,100
15037,42003,100
15038,42125,100
15042,42007,100
15043,42007,100
15044,42003,94.74
15044,42019,5.26
15045,42003,100
15046,42003,100
15047,42003,100
15049,42003,100
15050,42007,100
15051,42003,100
15052,42007,100
15053,42125,100
15054,42125,100
15055,42125,100
15056,42003,100
15057,42003,48.33
15057,42125,51.67
15059,42007,100
15060,42125,100
15061,42007,100
15062,42129,100
15063,42003,14.32
15063,42125,85.68
15064,42003,100
15065,42003,100
15066,42007,100
15067,42125,100
15068,42003,12.22
15068,42129,87.78
15071,42003,100
15072,42129,100
15074,42007,100
15075,42003,100
15076,42003,100
15077,42007,100
15078,42125,100
15081,42007,100
15082,42003,100
15083,42129,100
15084,42003,100
15085,42003,1.4
15085,42129,98.6
15086,42003,100
15086,42019,0
15087,42129,100
15088,42003,100
15089,42003,1.44
15089,42129,98.56
15090,42003,100
15101,42003,100
15102,42003,100
15104,42003,100
15106,42003,100
15108,42003,100
15110,42003,100
15112,42003,100
15116,42003,100
15120,42003,100
15122,42003,100
15126,42003,99.56
15126,42125,0.44
15129,42003,99.26
15129,42125,0.74
15131,42003,94.75
15131,42129,5.25
15132,42003,100
15133,42003,100
15135,42003,100
15136,42003,100
15137,42003,99.66
15137,42129,0.34
15139,42003,100
15140,42003,100
15142,42003,100
15143,42003,94.63
15143,42007,5.37
15144,42003,100
15145,42003,100
15146,42003,99.95
15146,42129,0.05
15147,42003,100
15148,42003,100
15201,42003,100
15202,42003,100
15203,42003,100
15204,42003,100
15205,42003,100
15206,42003,100
15207,42003,100
15208,42003,100
15209,42003,100
15210,42003,100
15211,42003,100
15212,42003,100
15213,42003,100
15214,42003,100
15215,42003,100
15216,42003,100
15217,42003,100
15218,42003,100
15219,42003,100
15220,42003,100
15221,42003,100
15222,42003,100
15223,42003,100
15224,42003,100
15225,42003,100
15226,42003,100
15227,42003,100
15228,42003,100
15229,42003,100
15232,42003,100
15233,42003,100
15234,42003,100
15235,42003,100
15236,42003,100
15237,42003,100
15238,42003,100
15239,42003,100
15241,42003,98.53
15241,42125,1.47
15243,42003,100
15260,42003,0
15290,42003,0
15301,42125,100
15310,42059,100
15311,42125,100
15312,42125,100
15313,42125,100
15314,42125,100
15315,42059,100
15316,42059,100
15317,42125,100
15320,42059,100
15321,42125,100
15322,42059,67.79
15322,42125,32.21
15323,42125,100
15324,42125,100
15325,42059,100
15327,42059,100
15329,42059,19.08
15329,42125,80.92
15330,42125,100
15331,42125,100
15332,42003,18.1
15332,42125,81.9
15333,42125,100
15334,42059,100
15337,42059,100
15338,42059,100
15340,42125,100
15341,42059,100
15342,42125,100
15344,42059,100
15345,42059,2.86
15345,42125,97.14
15346,42059,100
15347,42125,100
15348,42125,100
15349,42059,100
15350,42125,100
15351,42059,100
15352,42059,100
15353,42059,100
15357,42059,100
15358,42125,100
15359,42059,100
15360,42125,100
15361,42125,100
15362,42059,100
15363,42125,100
15364,42059,100
15366,42125,100
15367,42125,100
15368,42125,100
15370,42059,99.77
15370,42125,0.23
15376,42125,100
15377,42059,20.99
15377,42125,79.01
15378,42125,100
15379,42125,100
15380,42059,100
15401,42051,100
15410,42051,100
15411,42111,100
15412,42125,100
15413,42051,100
15417,42051,55.25
15417,42125,44.75
15419,42125,100
15420,42051,100
15421,42051,100
15422,42051,100
15423,42125,100
15424,42051,22.22
15424,42111,77.78
15425,42051,100
15427,42125,100
15428,42051,100
15429,42125,100
15430,42051,100
15431,42051,100
15432,42125,100
15433,42051,100
15434,42125,100
15435,42051,100
15436,42051,100
15437,42051,100
15438,42051,100
15440,42051,100
15442,42051,100
15443,42051,100
15444,42051,100
15445,42051,100
15446,42051,100
15447,42051,100
15448,42129,100
15449,42051,100
15450,42051,100
15451,42051,100
15454,42051,100
15455,42051,100
15456,42051,100
15458,42051,100
15459,42051,100
15460,42051,100
15461,42051,100
15462,42051,100
15463,42051,100
15464,42051,100
15466,42051,100
15467,42051,100
15468,42051,100
15469,42051,100
15470,42051,100
15472,42051,100
15473,42051,100
15474,42051,100
15475,42051,100
15476,42051,100
15477,42125,100
15478,42051,100
15479,42129,100
15480,42051,100
15482,42051,100
15483,42125,100
15484,42051,100
15486,42051,100
15489,42051,100
15490,42051,100
15492,42051,100
15501,42111,99.84
15501,42129,0.16
15502,42111,100
15510,42111,100
15520,42111,100
15521,42009,100
15522,42009,100
15530,42111,100
15531,42111,99.33
15531,42129,0.67
15532,42111,100
15533,42009,93.43
15533,42057,6.57
15534,42009,98.5
15534,42111,1.5
15535,42009,100
15536,42057,100
15537,42009,100
15538,42111,100
15539,42009,100
15540,42111,100
15541,42111,100
15542,42111,100
15544,42111,100
15545,42009,79.96
15545,42111,20.04
15546,42111,100
15547,42111,100
15550,42009,100
15551,42111,100
15552,42111,100
15554,42009,100
15555,42111,100
15557,42051,0.38
15557,42111,99.62
15558,42111,100
15559,42009,99.59
15559,42111,0.41
15560,42111,100
15561,42111,100
15562,42111,100
15563,42111,100
15564,42111,100
15601,42129,100
15610,42051,44.41
15610,42129,55.59
15611,42129,100
15612,42129,100
15613,42005,36.87
15613,42129,63.13
15615,42129,100
15616,42129,100
15617,42129,100
15618,42005,30.26
15618,42063,1.03
15618,42129,68.72
15620,42129,100
15621,42129,100
15622,42051,67.77
15622,42111,9.59
15622,42129,22.64
15623,42129,100
15624,42129,100
15625,42129,100
15626,42129,100
15627,42129,100
15628,42129,100
15629,42129,100
15631,42051,100
15632,42129,100
15633,42129,100
15634,42129,100
15635,42129,100
15636,42129,100
15637,42129,100
15638,42129,100
15639,42129,100
15640,42129,100
15641,42129,100
15642,42003,0.4
15642,42129,99.6
15644,42129,100
15646,42129,100
15647,42129,100
15650,42129,100
15655,42129,100
15656,42005,44.43
15656,42129,55.57
15658,42129,100
15660,42129,100
15661,42129,100
15662,42129,100
15663,42129,100
15665,42129,100
15666,42051,11.83
15666,42129,88.17
15668,42003,0.18
15668,42129,99.82
15670,42129,100
15671,42129,100
15672,42129,100
15673,42005,100
15675,42129,100
15676,42129,100
15677,42129,100
15678,42129,100
15679,42129,100
15680,42129,100
15681,42063,51.25
15681,42129,48.75
15683,42051,12.4
15683,42129,87.6
15684,42129,100
15686,42005,100
15687,42129,100
15688,42129,100
15689,42129,100
15690,42005,37.46
15690,42129,62.54
15691,42129,100
15692,42129,100
15693,42129,100
15695,42129,100
15696,42129,100
15697,42129,100
15698,42129,100
15701,42063,100
15710,42063,100
15711,42065,100
15712,42063,100
15713,42063,100
15714,42021,90.93
15714,42063,9.07
15715,42065,100
15716,42063,100
15717,42063,78.47
15717,42129,21.53
15721,42033,100
15722,42021,100
15723,42063,100
15724,42021,7.67
15724,42033,17.04
15724,42063,75.29
15725,42063,100
15727,42063,100
15728,42063,100
15729,42063,100
15730,42065,100
15731,42063,100
15732,42005,7.37
15732,42063,92.63
15733,42065,100
15734,42063,100
15736,42005,100
15737,42021,100
15738,42021,100
15739,42063,100
15741,42063,100
15742,42033,7.68
15742,42063,92.32
15744,42065,100
15745,42063,100
15746,42063,100
15747,42063,100
15748,42063,100
15750,42063,100
15752,42063,100
15753,42033,100
15754,42063,100
15756,42063,100
15757,42033,96.54
15757,42063,3.46
15759,42063,100
15760,42021,100
15761,42063,100
15762,42021,100
15764,42065,100
15765,42063,100
15767,42033,0.85
15767,42063,5.19
15767,42065,93.97
15770,42065,100
15771,42063,100
15772,42063,100
15773,42021,100
15774,42005,48.83
15774,42063,51.17
15775,42021,100
15776,42065,100
15777,42063,100
15778,42065,100
15779,42129,100
15780,42065,100
15781,42065,100
15783,42063,100
15784,42065,100
15801,42033,100
15821,42047,100
15823,42047,81.34
15823,42065,18.66
15824,42033,1.79
15824,42065,98.21
15825,42065,100
15827,42047,100
15828,42053,45.1
15828,42065,54.9
15829,42031,23.16
15829,42065,76.84
15832,42023,95.12
15832,42047,4.88
15834,42023,100
15840,42033,3.56
15840,42065,96.44
15841,42047,100
15845,42047,100
15846,42047,100
15847,42065,100
15848,42033,100
15849,42033,100
15851,42065,100
15853,42047,99.76
15853,42065,0.24
15856,42033,100
15857,42047,100
15860,42031,6.29
15860,42047,9.2
15860,42065,84.51
15861,42023,100
15863,42065,100
15864,42031,37.72
15864,42065,62.28
15865,42065,100
15866,42033,100
15868,42047,100
15870,42047,98.72
15870,42083,1.28
15901,42021,100
15902,42021,100
15904,42021,100
15905,42021,88.58
15905,42111,11.42
15906,42021,100
15909,42021,100
15920,42063,100
15921,42021,100
15922,42021,100
15923,42129,100
15924,42111,100
15925,42021,100
15926,42111,100
15927,42021,100
15928,42111,100
15929,42063,100
15930,42021,100
15931,42021,100
15934,42021,100
15935,42111,100
15936,42111,100
15937,42111,100
15938,42021,100
15940,42021,100
15942,42021,100
15943,42021,100
15944,42063,39.86
15944,42129,60.14
15945,42021,100
15946,42009,0.76
15946,42013,6.22
15946,42021,93.02
15948,42021,100
15949,42063,100
15951,42021,100
15952,42021,100
15953,42111,100
15954,42063,52.26
15954,42129,47.74
15955,42021,100
15956,42021,100
15957,42021,21.85
15957,42063,78.15
15958,42021,100
15960,42021,100
15961,42021,46.72
15961,42063,53.28
15962,42021,100
15963,42021,25.09
15963,42111,74.91
16001,42019,100
16002,42019,100
16020,42019,100
16022,42019,100
16023,42019,100
16024,42019,100
16025,42005,7.71
16025,42019,92.29
16027,42019,100
16028,42005,48.14
16028,42031,51.86
16029,42019,100
16030,42019,100
16033,42019,100
16034,42019,100
16035,42019,100
16036,42031,100
16037,42007,1.57
16037,42019,93.57
16037,42073,4.86
16038,42019,63.26
16038,42121,36.74
16040,42019,100
16041,42005,23.99
16041,42019,76.01
16045,42019,100
16046,42003,12.25
16046,42019,87.75
16048,42019,100
16049,42005,30.85
16049,42019,31.75
16049,42031,37.4
16050,42019,100
16051,42019,61.45
16051,42073,38.55
16052,42019,100
16053,42019,100
16054,42031,100
16055,42003,0.13
16055,42005,3
16055,42019,96.87
16056,42019,100
16057,42019,93.68
16057,42073,5.32
16057,42085,1
16059,42003,2.97
16059,42019,97.03
16061,42019,100
16063,42007,7.5
16063,42019,92.5
16066,42019,100
16101,42073,100
16102,42073,100
16105,42073,100
16110,42039,87.58
16110,42085,12.42
16111,42039,100
16112,42073,100
16113,42085,100
16114,42085,100
16115,42007,100
16116,42073,100
16117,42007,31.84
16117,42073,68.16
16120,42007,8.89
16120,42073,91.11
16121,42085,100
16123,42007,94.55
16123,42073,5.45
16124,42085,100
16125,42039,0.59
16125,42085,99.41
16127,42019,0.24
16127,42073,0.19
16127,42085,98.66
16127,42121,0.92
16130,42085,100
16131,42039,100
16132,42073,100
16133,42085,100
16134,42039,59.47
16134,42085,40.53
16136,42007,100
16137,42085,100
16140,42073,100
16141,42007,49.22
16141,42073,50.78
16142,42073,63.53
16142,42085,36.47
16143,42073,79.25
16143,42085,20.75
16145,42085,100
16146,42085,100
16148,42085,100
16150,42085,100
16151,42085,100
16153,42085,93.52
16153,42121,6.48
16154,42085,100
16155,42073,100
16156,42073,76.2
16156,42085,23.8
16157,42007,16.08
16157,42073,83.92
16159,42073,8.12
16159,42085,91.88
16160,42073,100
16161,42085,100
16201,42005,100
16210,42005,100
16211,42063,100
16212,42005,100
16213,42031,100
16214,42031,100
16217,42053,71.29
16217,42065,28.71
16218,42005,100
16222,42005,89.94
16222,42063,7.28
16222,42065,2.77
16223,42005,100
16224,42005,9.06
16224,42031,90.94
16226,42005,100
16228,42005,100
16229,42005,80.71
16229,42019,16.97
16229,42129,2.32
16230,42031,100
16232,42031,99.77
16232,42121,0.23
16233,42031,100
16235,42031,100
16236,42005,100
16238,42005,100
16239,42053,100
16240,42005,32.62
16240,42031,38.23
16240,42065,29.16
16242,42005,45.34
16242,42031,54.66
16244,42005,100
16245,42005,100
16246,42063,100
16248,42031,100
16249,42005,100
16250,42005,100
16253,42005,100
16254,42031,100
16255,42031,100
16256,42063,100
16258,42031,100
16259,42005,100
16260,42031,100
16262,42005,100
16263,42005,100
16301,42121,100
16311,42085,95.92
16311,42121,4.08
16312,42123,100
16313,42123,100
16314,42039,86.94
16314,42085,6.88
16314,42121,6.17
16316,42039,100
16317,42039,1.58
16317,42121,98.42
16319,42031,24.5
16319,42121,75.5
16321,42053,100
16322,42053,100
16323,42121,100
16326,42031,100
16327,42039,100
16328,42039,100
16329,42123,100
16331,42031,100
16332,42031,100
16333,42083,100
16334,42031,100
16335,42039,100
16340,42123,100
16341,42053,12.46
16341,42121,87.54
16342,42085,0.44
16342,42121,99.56
16343,42121,100
16344,42121,100
16345,42123,100
16346,42121,100
16347,42053,5.23
16347,42123,94.77
16350,42123,100
16351,42053,5.24
16351,42123,94.76
16352,42123,100
16353,42031,28.55
16353,42053,68.43
16353,42121,3.02
16354,42039,73.2
16354,42121,24.62
16354,42123,2.19
16360,42039,100
16361,42031,100
16362,42085,7.44
16362,42121,92.56
16364,42031,30.44
16364,42121,69.56
16365,42123,100
16370,42053,100
16371,42123,100
16372,42121,100
16373,42019,10.31
16373,42031,25.36
16373,42121,64.33
16374,42121,100
16401,42039,1.61
16401,42049,98.39
16402,42123,100
16403,42039,94.52
16403,42049,5.48
16404,42039,100
16405,42123,100
16406,42039,100
16407,42039,1.56
16407,42049,86.65
16407,42123,11.8
16410,42049,100
16411,42049,100
16412,42039,6.35
16412,42049,93.65
16415,42049,100
16416,42123,100
16417,42049,100
16420,42123,100
16421,42049,100
16422,42039,100
16423,42049,100
16424,42039,100
16426,42049,100
16427,42049,100
16428,42049,100
16433,42039,100
16434,42039,92.34
16434,42123,7.66
16435,42039,97.77
16435,42049,2.23
16436,42123,100
16438,42039,19.23
16438,42049,80.77
16440,42039,100
16441,42039,1.67
16441,42049,98.33
16442,42049,100
16443,42049,100
16444,42049,100
16501,42049,100
16502,42049,100
16503,42049,100
16504,42049,100
16505,42049,100
16506,42049,100
16507,42049,100
16508,42049,100
16509,42049,100
16510,42049,100
16511,42049,100
16546,42049,100
16563,42049,100
16601,42013,100
16602,42013,100
16611,42061,100
16613,42013,0.72
16613,42021,99.28
16616,42033,100
16617,42013,100
16619,42021,100
16620,42033,100
16621,42061,100
16622,42061,100
16623,42061,100
16624,42021,100
16625,42009,23.01
16625,42013,76.99
16627,42021,3.86
16627,42033,96.14
16630,42021,100
16631,42013,100
16633,42009,100
16634,42061,100
16635,42013,100
16636,42013,5.26
16636,42021,94.74
16637,42013,100
16638,42061,100
16639,42021,90.7
16639,42033,9.3
16640,42021,100
16641,42013,5.43
16641,42021,94.57
16645,42033,100
16646,42021,99.37
16646,42033,0.63
16647,42061,100
16648,42013,100
16650,42009,100
16651,42033,100
16652,42061,100
16655,42009,94.57
16655,42013,5.43
16656,42033,100
16657,42009,0.82
16657,42061,99.18
16659,42009,100
16661,42033,100
16662,42009,6.37
16662,42013,93.63
16664,42009,100
16665,42013,100
16666,42027,13.89
16666,42033,86.11
16667,42009,100
16668,42021,100
16669,42061,100
16670,42009,100
16671,42033,100
16672,42009,100
16673,42009,13.1
16673,42013,86.9
16674,42057,4.62
16674,42061,95.38
16677,42027,100
16678,42009,78.32
16678,42061,21.68
16679,42009,100
16680,42033,100
16682,42013,100
16683,42061,100
16685,42061,100
16686,42013,91.1
16686,42027,1.67
16686,42061,7.23
16689,42057,100
16691,42057,100
16692,42033,100
16693,42013,100
16694,42009,50
16694,42057,3.15
16694,42061,46.85
16695,42009,100
16699,42021,100
16701,42083,99.93
16701,42123,0.07
16720,42023,4.74
16720,42083,2.66
16720,42105,92.6
16724,42083,100
16725,42083,100
16726,42083,100
16727,42083,100
16728,42047,100
16729,42083,100
16730,42083,100
16731,42083,100
16732,42083,100
16733,42083,100
16734,42047,100
16735,42047,4.85
16735,42083,95.15
16738,42083,100
16740,42083,100
16743,42083,97.59
16743,42105,2.41
16744,42083,100
16745,42083,100
16746,42105,100
16748,42083,22.42
16748,42105,77.58
16749,42083,100
16750,42083,100
16801,42027,100
16802,42027,100
16803,42027,100
16820,42027,100
16821,42033,100
16822,42027,16.47
16822,42035,83.53
16823,42027,100
16825,42033,100
16826,42027,100
16827,42027,100
16828,42027,100
16829,42027,100
16830,42033,100
16832,42027,100
16833,42033,100
16834,42033,100
16835,42027,100
16836,42033,100
16837,42033,100
16838,42033,100
16839,42033,100
16840,42033,100
16841,42027,99.12
16841,42035,0.88
16843,42033,100
16844,42027,100
16845,42027,34.1
16845,42033,65.9
16847,42033,100
16848,42035,100
16849,42033,100
16851,42027,100
16852,42027,100
16853,42027,100
16854,42027,100
16855,42033,100
16858,42033,100
16859,42027,100
16860,42027,40.8
16860,42033,59.2
16861,42033,100
16863,42033,100
16865,42027,90.1
16865,42061,9.9
16866,42027,57.71
16866,42033,42.29
16868,42027,100
16870,42027,100
16871,42033,54.35
16871,42035,45.65
16872,42027,99.68
16872,42035,0.32
16874,42027,100
16875,42027,100
16876,42033,100
16877,42027,35.24
16877,42061,64.76
16878,42033,100
16879,42033,100
16881,42033,100
16882,42027,100
16901,42117,100
16911,42117,100
16912,42117,100
16914,42015,95.99
16914,42117,4.01
16915,42105,100
16917,42117,100
16920,42117,100
16921,42117,100
16922,42105,100
16923,42105,100
16925,42015,100
16926,42015,100
16927,42105,100
16928,42117,100
16929,42117,100
16930,42081,17.85
16930,42117,82.15
16932,42117,100
16933,42117,100
16935,42117,100
16936,42015,9.31
16936,42117,90.69
16937,42105,100
16938,42081,19.41
16938,42117,80.59
16939,42117,100
16940,42117,100
16941,42105,100
16942,42117,100
16943,42105,34.06
16943,42117,65.94
16946,42117,100
16947,42015,95.5
16947,42117,4.5
16948,42105,100
16950,42105,8.73
16950,42117,91.27
17002,42061,20.28
17002,42087,79.72
17003,42075,100
17004,42087,100
17005,42043,100
17006,42099,100
17007,42041,100
17009,42087,100
17010,42075,100
17011,42041,96.04
17011,42133,3.96
17013,42041,100
17015,42041,100
17016,42075,100
17017,42043,7.29
17017,42097,92.71
17018,42043,100
17019,42001,0.49
17019,42041,0.68
17019,42133,98.83
17020,42043,0.17
17020,42099,99.83
17021,42055,0.92
17021,42067,89.61
17021,42099,9.47
17022,42043,11.48
17022,42071,88.52
17023,42043,100
17024,42099,100
17025,42041,100
17026,42011,9.07
17026,42075,90.93
17027,42041,100
17028,42043,71.51
17028,42075,28.49
17029,42087,100
17030,42043,100
17032,42043,100
17033,42043,99.66
17033,42075,0.34
17034,42043,100
17035,42067,98.69
17035,42099,1.31
17036,42043,100
17037,42099,100
17038,42075,100
17039,42075,100
17040,42099,100
17041,42075,100
17042,42075,100
17043,42041,100
17044,42087,100
17045,42067,23.91
17045,42099,67.82
17045,42109,8.27
17046,42075,100
17047,42099,100
17048,42043,100
17049,42067,100
17050,42041,100
17051,42087,100
17052,42061,100
17053,42041,1.62
17053,42099,98.38
17055,42041,97.86
17055,42133,2.14
17056,42067,100
17057,42043,100
17058,42067,100
17059,42067,100
17060,42061,100
17061,42043,100
17062,42067,24.23
17062,42099,75.77
17063,42087,99.49
17063,42109,0.51
17064,42075,100
17065,42041,100
17066,42061,76.22
17066,42087,23.78
17067,42011,12.89
17067,42075,87.11
17068,42099,100
17069,42099,100
17070,42041,53.31
17070,42133,46.69
17071,42099,100
17072,42041,100
17073,42071,0.19
17073,42075,99.81
17074,42099,100
17075,42087,100
17076,42067,100
17077,42075,100
17078,42043,6.82
17078,42075,93.18
17080,42043,100
17081,42041,100
17082,42067,100
17083,42075,100
17084,42087,100
17086,42067,63.99
17086,42109,36.01
17087,42011,25.8
17087,42075,74.2
17088,42075,100
17090,42099,100
17093,42041,100
17094,42067,100
17097,42043,100
17098,42043,100
17099,42087,100
17101,42043,100
17102,42043,100
17103,42043,100
17104,42043,100
17109,42043,100
17110,42043,100
17111,42043,100
17112,42043,100
17113,42043,100
17120,42043,0
17201,42055,100
17202,42055,100
17210,42055,100
17211,42009,100
17212,42057,100
17213,42061,100
17214,42055,100
17215,42057,58.79
17215,42061,41.21
17217,42055,100
17219,42055,100
17220,42055,100
17221,42055,100
17222,42001,6.32
17222,42055,93.68
17223,42057,100
17224,42055,100
17224,42057,0
17225,42055,100
17228,42057,100
17229,42057,86.68
17229,42061,13.32
17233,42057,100
17235,42055,100
17236,42055,97.41
17236,42057,2.59
17237,42055,100
17238,42057,100
17239,42061,100
17240,42041,70.49
17240,42055,29.51
17241,42041,100
17243,42061,97.67
17243,42067,2.33
17244,42055,100
17246,42055,100
17247,42055,100
17249,42061,100
17250,42055,100
17251,42055,100
17252,42055,100
17253,42061,100
17254,42055,100
17255,42061,100
17256,42055,100
17257,42041,66.26
17257,42055,33.74
17260,42061,100
17261,42055,100
17262,42055,100
17263,42055,100
17264,42057,4.9
17264,42061,95.1
17265,42055,100
17266,42041,100
17267,42057,100
17268,42055,100
17270,42055,100
17271,42055,100
17272,42055,100
17301,42001,74.24
17301,42133,25.76
17302,42133,100
17304,42001,100
17306,42001,100
17307,42001,99.49
17307,42041,0.51
17309,42133,100
17311,42133,100
17313,42133,100
17314,42133,100
17315,42133,100
17316,42001,78.27
17316,42133,21.73
17317,42133,100
17318,42133,100
17319,42133,100
17320,42001,100
17321,42133,100
17322,42133,100
17324,42001,40.15
17324,42041,59.85
17325,42001,100
17327,42133,100
17329,42133,100
17331,42001,19.74
17331,42133,80.26
17339,42133,100
17340,42001,100
17343,42001,100
17344,42001,100
17345,42133,100
17347,42133,100
17349,42133,100
17350,42001,100
17352,42133,100
17353,42001,100
17355,42133,100
17356,42133,100
17360,42133,100
17361,42133,100
17362,42133,100
17363,42133,100
17364,42133,100
17365,42133,100
17366,42133,100
17368,42133,100
17370,42133,100
17371,42133,100
17372,42001,97.71
17372,42133,2.29
17401,42133,100
17402,42133,100
17403,42133,100
17404,42133,100
17406,42133,100
17407,42133,100
17408,42133,100
17501,42071,100
17502,42071,100
17505,42071,100
17507,42071,100
17508,42071,100
17509,42071,100
17512,42071,100
17516,42071,100
17517,42071,100
17518,42071,100
17519,42071,100
17520,42071,100
17522,42071,100
17527,42029,3.68
17527,42071,96.32
17529,42071,100
17532,42071,100
17535,42071,100
17536,42071,100
17538,42071,100
17540,42071,100
17543,42071,100
17545,42071,97.42
17545,42075,2.58
17547,42071,100
17550,42071,100
17551,42071,100
17552,42071,100
17554,42071,100
17555,42011,0.25
17555,42071,99.75
17557,42071,100
17560,42071,100
17562,42071,100
17563,42071,100
17565,42071,100
17566,42071,100
17569,42011,16.94
17569,42071,83.06
17570,42071,100
17572,42071,100
17576,42071,100
17578,42071,100
17579,42071,100
17581,42071,100
17582,42071,100
17584,42071,100
17601,42071,100
17602,42071,100
17603,42071,100
17606,42071,100
17701,42081,99.95
17701,42113,0.05
17702,42081,100
17721,42035,100
17723,42081,100
17724,42015,93.62
17724,42081,0.22
17724,42117,6.16
17727,42081,94.44
17727,42117,5.56
17728,42081,100
17729,42035,53.46
17729,42105,46.54
17730,42097,100
17731,42113,100
17737,42081,99.84
17737,42113,0.16
17739,42081,100
17740,42035,18.47
17740,42081,81.53
17742,42081,100
17744,42081,100
17745,42035,99.42
17745,42081,0.58
17747,42035,100
17748,42035,100
17749,42097,100
17750,42035,100
17751,42035,100
17752,42081,100
17754,42081,100
17756,42037,0.57
17756,42081,90.41
17756,42093,1.61
17756,42097,7.41
17758,42081,20.02
17758,42113,79.98
17760,42035,100
17762,42081,100
17763,42081,100
17764,42035,100
17765,42081,19.54
17765,42117,80.46
17767,42035,100
17768,42113,100
17771,42081,100
17772,42093,39.6
17772,42097,60.4
17774,42037,2.27
17774,42081,87.71
17774,42113,10.02
17776,42081,100
17777,42093,2.21
17777,42097,97.79
17778,42035,100
17779,42035,100
17801,42097,100
17810,42081,25.22
17810,42119,74.78
17812,42109,100
17813,42109,100
17814,42037,75.86
17814,42079,15.31
17814,42081,1.73
17814,42113,7.1
17815,42037,99.01
17815,42079,0.74
17815,42093,0.25
17820,42037,97.08
17820,42093,2.92
17821,42037,2.23
17821,42093,86.32
17821,42097,11.45
17822,42093,0
17823,42097,100
17824,42037,15.5
17824,42097,84.5
17827,42109,100
17829,42119,100
17830,42097,100
17832,42097,100
17834,42097,100
17835,42119,100
17836,42097,100
17837,42119,100
17840,42097,100
17841,42087,54.59
17841,42109,45.41
17842,42109,100
17844,42119,100
17845,42119,100
17846,42037,99.2
17846,42081,0.8
17847,42093,5.73
17847,42097,94.27
17850,42097,100
17851,42097,100
17853,42067,13.47
17853,42109,86.53
17855,42119,100
17856,42119,100
17857,42097,100
17859,42037,100
17860,42097,100
17861,42109,100
17862,42109,100
17864,42109,100
17865,42097,100
17866,42097,100
17867,42097,100
17868,42097,100
17870,42109,99.01
17870,42119,0.99
17872,42097,100
17876,42109,100
17878,42037,58.97
17878,42079,41.03
17880,42119,100
17881,42097,100
17884,42093,100
17885,42119,100
17886,42119,100
17887,42119,100
17888,42037,100
17889,42109,45.41
17889,42119,54.59
17901,42107,100
17920,42037,100
17921,42037,0.18
17921,42107,99.82
17922,42107,100
17923,42107,100
17925,42107,100
17929,42107,100
17930,42107,100
17931,42107,100
17933,42107,100
17934,42107,100
17935,42107,100
17936,42107,100
17938,42107,100
17941,42097,21.1
17941,42107,78.9
17943,42107,100
17944,42107,100
17945,42037,51.67
17945,42107,48.33
17946,42107,100
17948,42107,100
17949,42107,100
17951,42107,100
17952,42107,100
17953,42107,100
17954,42107,100
17957,42107,100
17959,42107,100
17960,42107,100
17961,42107,100
17963,42075,0.68
17963,42107,99.32
17964,42097,5.39
17964,42107,94.61
17965,42107,100
17967,42107,100
17968,42107,100
17970,42107,100
17972,42107,100
17974,42107,100
17976,42107,100
17978,42107,100
17979,42107,100
17980,42043,7.13
17980,42107,92.87
17981,42107,100
17982,42107,100
17983,42107,100
17985,42037,12.32
17985,42107,87.68
18011,42011,29.43
18011,42077,70.57
18013,42095,100
18014,42095,100
18015,42077,21.87
18015,42095,78.13
18016,42077,0
18017,42077,3.24
18017,42095,96.76
18018,42077,55.93
18018,42095,44.07
18020,42095,100
18030,42025,100
18031,42011,0.24
18031,42077,99.76
18032,42077,69.32
18032,42095,30.68
18034,42077,100
18035,42095,100
18036,42017,16.67
18036,42077,83.33
18037,42077,100
18038,42095,100
18040,42095,100
18041,42011,2.3
18041,42017,0.5
18041,42077,9.83
18041,42091,87.37
18042,42095,100
18045,42095,100
18046,42077,100
18049,42077,100
18051,42077,100
18052,42077,100
18053,42077,100
18054,42017,18.56
18054,42091,81.44
18055,42017,1.05
18055,42095,98.95
18056,42011,100
18058,42025,12.58
18058,42089,87.42
18059,42077,100
18062,42011,7.96
18062,42077,92.04
18063,42095,100
18064,42095,100
18066,42077,100
18067,42095,100
18068,42077,100
18069,42077,100
18070,42011,21.24
18070,42091,78.76
18071,42025,99.2
18071,42089,0.8
18072,42095,100
18073,42017,7.21
18073,42091,92.79
18074,42091,100
18076,42091,100
18077,42017,91.94
18077,42095,8.06
18078,42077,100
18079,42077,100
18080,42077,100
18081,42017,100
18083,42095,100
18085,42095,100
18086,42095,100
18087,42077,100
18088,42095,100
18091,42095,100
18092,42011,2.79
18092,42077,97.21
18101,42077,100
18102,42077,100
18103,42077,100
18104,42077,100
18105,42077,100
18106,42077,100
18109,42077,98.78
18109,42095,1.22
18195,42077,0
18201,42025,0.26
18201,42079,99.33
18201,42107,0.41
18202,42079,96.42
18202,42107,3.58
18210,42025,77.45
18210,42089,22.55
18211,42025,2.61
18211,42107,97.39
18212,42025,100
18214,42107,100
18216,42025,96.63
18216,42079,3.37
18218,42107,100
18219,42079,100
18220,42107,100
18221,42079,100
18222,42079,100
18223,42079,100
18224,42079,100
18225,42079,100
18229,42025,100
18230,42025,100
18231,42107,100
18232,42025,100
18234,42079,100
18235,42025,100
18237,42025,0.64
18237,42107,99.36
18239,42079,100
18240,42025,86.07
18240,42107,13.93
18241,42079,47.06
18241,42107,52.94
18242,42107,100
18244,42025,74.63
18244,42079,25.37
18245,42107,100
18246,42079,100
18248,42107,100
18249,42079,100
18250,42025,100
18251,42079,100
18252,42107,100
18254,42025,100
18255,42025,97.86
18255,42079,2.14
18256,42079,100
18301,42089,100
18302,42089,99.21
18302,42103,0.79
18321,42089,100
18322,42089,100
18323,42089,100
18324,42089,2.05
18324,42103,97.95
18325,42089,79.72
18325,42103,20.28
18326,42089,100
18327,42089,100
18328,42103,100
18330,42089,100
18331,42089,100
18332,42089,100
18333,42089,100
18334,42089,100
18335,42089,100
18336,42103,100
18337,42103,100
18340,42103,100
18342,42089,100
18343,42095,100
18344,42089,100
18346,42089,100
18347,42089,100
18349,42089,100
18350,42089,100
18351,42095,100
18352,42089,100
18353,42089,100
18354,42089,100
18355,42089,100
18356,42089,100
18357,42089,100
18360,42089,100
18370,42089,100
18371,42103,100
18372,42089,100
18403,42069,100
18405,42103,8.24
18405,42127,91.76
18407,42069,97.73
18407,42115,2.27
18411,42069,100
18413,42115,100
18414,42069,72.98
18414,42131,27.02
18415,42127,100
18417,42127,100
18419,42069,24.23
18419,42115,0.54
18419,42131,75.23
18420,42069,100
18421,42069,19.48
18421,42115,58.62
18421,42127,21.9
18424,42069,61.38
18424,42079,1.09
18424,42089,4.63
18424,42127,32.91
18425,42103,100
18426,42103,100
18427,42127,100
18428,42103,64.46
18428,42127,35.54
18430,42115,100
18431,42127,100
18433,42069,100
18434,42069,100
18435,42103,100
18436,42069,24.56
18436,42127,75.44
18437,42127,100
18438,42127,100
18439,42127,100
18441,42115,100
18443,42127,100
18444,42069,87.66
18444,42127,12.34
18445,42103,20.52
18445,42127,79.48
18446,42069,6.99
18446,42115,41.49
18446,42131,51.51
18447,42069,100
18451,42103,100
18452,42069,100
18453,42127,100
18454,42127,100
18455,42127,100
18456,42127,100
18457,42103,100
18458,42103,100
18459,42127,100
18460,42103,19.02
18460,42127,80.98
18461,42127,100
18462,42127,100
18463,42127,100
18464,42103,100
18465,42115,92.69
18465,42127,7.31
18466,42089,100
18469,42127,100
18470,42115,93.53
18470,42127,6.47
18471,42069,100
18472,42127,100
18473,42127,100
18503,42069,100
18504,42069,100
18505,42069,100
18507,42069,100
18508,42069,100
18509,42069,100
18510,42069,100
18512,42069,100
18517,42069,100
18518,42069,100
18519,42069,100
18602,42079,100
18603,42037,79.75
18603,42079,20.25
18610,42025,0.18
18610,42079,0.1
18610,42089,99.72
18612,42079,98.11
18612,42131,1.89
18614,42113,99.26
18614,42131,0.74
18615,42069,0.86
18615,42079,4.71
18615,42131,94.43
18616,42113,100
18617,42079,100
18618,42079,86.21
18618,42131,13.79
18619,42113,100
18621,42079,100
18622,42079,100
18623,42015,32.2
18623,42115,15.73
18623,42131,52.07
18624,42025,100
18625,42131,100
18626,42113,100
18628,42113,100
18629,42131,100
18630,42115,48.2
18630,42131,51.8
18631,42037,100
18632,42113,100
18634,42079,100
18635,42037,21.67
18635,42079,78.33
18636,42079,17.73
18636,42131,82.27
18640,42079,100
18641,42069,12.18
18641,42079,87.82
18642,42079,100
18643,42079,100
18644,42079,100
18651,42079,100
18653,42069,100
18655,42037,3.9
18655,42079,96.1
18656,42079,100
18657,42131,100
18660,42079,100
18661,42025,14.12
18661,42079,85.88
18701,42079,100
18702,42079,100
18704,42079,100
18705,42079,100
18706,42079,100
18707,42079,100
18708,42079,100
18709,42079,100
18801,42115,100
18810,42015,100
18812,42115,100
18814,42015,100
18816,42115,100
18817,42015,100
18818,42115,100
18821,42115,100
18822,42115,100
18823,42115,100
18824,42115,100
18825,42115,100
18826,42115,100
18828,42115,100
18829,42015,100
18830,42015,3.4
18830,42115,96.6
18831,42015,100
18832,42015,100
18833,42015,95.67
18833,42113,4.33
18834,42115,100
18837,42015,100
18840,42015,100
18842,42115,100
18843,42115,100
18844,42115,98.77
18844,42131,1.23
18845,42015,100
18846,42015,100
18847,42115,95.34
18847,42127,4.66
18848,42015,100
18850,42015,100
18851,42015,100
18853,42015,100
18854,42015,100
18901,42017,100
18902,42017,100
18912,42017,100
18913,42017,100
18914,42017,100
18915,42091,100
18917,42017,100
18920,42017,100
18923,42017,100
18925,42017,100
18929,42017,100
18930,42017,100
18932,42017,100
18935,42017,100
18936,42091,100
18938,42017,100
18940,42017,100
18942,42017,100
18944,42017,100
18947,42017,100
18950,42017,100
18951,42017,99.89
18951,42077,0.11
18954,42017,100
18955,42017,100
18960,42017,100
18962,42017,100
18964,42017,3.24
18964,42091,96.76
18966,42017,100
18969,42017,30.56
18969,42091,69.44
18970,42017,100
18972,42017,100
18974,42017,100
18976,42017,100
18977,42017,100
18980,42017,100
19001,42091,100
19002,42091,100
19003,42045,48.86
19003,42091,51.14
19004,42091,100
19006,42017,5.35
19006,42091,94.65
19007,42017,100
19008,42045,100
19009,42091,100
19010,42045,61.26
19010,42091,38.74
19012,42091,100
19013,42045,100
19014,42045,100
19015,42045,100
19017,42045,100
19018,42045,100
19020,42017,100
19021,42017,100
19022,42045,100
19023,42045,100
19025,42091,100
19026,42045,100
19027,42091,100
19029,42045,100
19030,42017,100
19031,42091,100
19032,42045,100
19033,42045,100
19034,42091,100
19035,42091,100
19036,42045,100
19038,42091,100
19040,42017,1.09
19040,42091,98.91
19041,42045,52.19
19041,42091,47.81
19043,42045,100
19044,42091,100
19046,42091,100
19047,42017,100
19050,42045,100
19053,42017,100
19054,42017,100
19055,42017,100
19056,42017,100
19057,42017,100
19060,42045,100
19061,42045,100
19063,42045,100
19064,42045,100
19066,42091,100
19067,42017,100
19070,42045,100
19072,42091,100
19073,42029,11
19073,42045,89
19074,42045,100
19075,42091,100
19076,42045,100
19078,42045,100
19079,42045,100
19081,42045,100
19082,42045,100
19083,42045,99.82
19083,42091,0.18
19085,42045,68.24
19085,42091,31.76
19086,42045,100
19087,42029,45.28
19087,42045,43.12
19087,42091,11.61
19090,42091,100
19094,42045,100
19095,42091,100
19096,42045,3.96
19096,42091,96.04
19102,42101,100
19103,42101,100
19104,42101,100
19106,42101,100
19107,42101,100
19109,42101,0
19111,42101,100
19112,42101,100
19113,42045,100
19114,42101,100
19115,42101,100
19116,42101,100
19118,42091,0.82
19118,42101,99.18
19119,42101,100
19120,42101,100
19121,42101,100
19122,42101,100
19123,42101,100
19124,42101,100
19125,42101,100
19126,42101,100
19127,42101,100
19128,42101,100
19129,42101,100
19130,42101,100
19131,42101,100
19132,42101,100
19133,42101,100
19134,42101,100
19135,42101,100
19136,42101,100
19137,42101,100
19138,42101,100
19139,42101,100
19140,42101,100
19141,42101,100
19142,42101,100
19143,42101,100
19144,42101,100
19145,42101,100
19146,42101,100
19147,42101,100
19148,42101,100
19149,42101,100
19150,42091,0
19150,42101,100
19151,42101,100
19152,42101,100
19153,42101,100
19154,42101,100
19301,42029,100
19310,42029,97
19310,42071,3
19311,42029,100
19312,42029,99.8
19312,42045,0.2
19316,42029,100
19317,42029,44.66
19317,42045,55.34
19319,42029,0.18
19319,42045,99.82
19320,42029,100
19330,42029,100
19333,42029,100
19335,42029,100
19341,42029,100
19342,42029,1.3
19342,42045,98.7
19343,42029,100
19344,42029,97.42
19344,42071,2.58
19345,42029,100
19348,42029,100
19350,42029,100
19352,42029,100
19355,42029,100
19358,42029,100
19362,42029,60.14
19362,42071,39.86
19363,42029,97.53
19363,42071,2.47
19365,42029,100
19367,42029,100
19372,42029,100
19373,42045,100
19374,42029,100
19375,42029,100
19380,42029,100
19382,42029,98.27
19382,42045,1.73
19383,42029,100
19390,42029,100
19401,42091,100
19403,42091,100
19405,42091,100
19406,42091,100
19422,42091,100
19425,42029,100
19426,42091,100
19428,42091,100
19435,42091,100
19436,42091,100
19437,42091,100
19438,42091,100
19440,42017,7.87
19440,42091,92.13
19442,42029,100
19444,42091,100
19446,42091,100
19453,42091,100
19454,42091,100
19456,42091,100
19457,42029,100
19460,42029,87.87
19460,42091,12.13
19462,42091,100
19464,42011,0.11
19464,42091,99.89
19465,42029,100
19468,42091,100
19472,42091,100
19473,42091,100
19474,42091,100
19475,42029,100
19477,42091,100
19492,42091,100
19501,42071,100
19503,42011,100
19504,42011,65.07
19504,42091,34.93
19505,42011,92.72
19505,42091,7.28
19506,42011,100
19507,42011,100
19508,42011,100
19510,42011,100
19511,42011,100
19512,42011,91.93
19512,42091,8.07
19518,42011,100
19519,42011,100
19520,42011,18.02
19520,42029,81.98
19522,42011,100
19523,42011,100
19525,42091,100
19526,42011,100
19529,42011,53.82
19529,42077,46.18
19530,42011,96.04
19530,42077,3.96
19533,42011,100
19534,42011,100
19535,42011,100
19536,42011,100
19538,42011,100
19539,42011,98.32
19539,42077,1.68
19540,42011,92.43
19540,42071,7.57
19541,42011,100
19542,42011,100
19543,42011,81.05
19543,42029,4
19543,42071,14.95
19544,42011,100
19545,42011,100
19547,42011,100
19549,42107,100
19550,42011,100
19551,42011,93.62
19551,42071,0.74
19551,42075,5.64
19554,42011,100
19555,42011,100
19559,42011,100
19560,42011,100
19562,42011,100
19564,42011,100
19565,42011,100
19567,42011,100
19601,42011,100
19602,42011,100
19604,42011,100
19605,42011,100
19606,42011,100
19607,42011,100
19608,42011,100
19609,42011,100
19610,42011,100
19611,42011,100
19701,10003,100
19702,10003,100
19703,10003,100
19706,10003,100
19707,10003,100
19709,10003,100
19710,10003,100
19711,10003,100
19713,10003,100
19716,10003,100
19717,10003,100
19720,10003,100
19730,10003,100
19731,10003,100
19732,10003,100
19733,10003,100
19734,10003,100
19735,10003,100
19736,10003,100
19801,10003,100
19802,10003,100
19803,10003,100
19804,10003,100
19805,10003,100
19806,10003,100
19807,10003,100
19808,10003,100
19809,10003,100
19810,10003,100
19901,10001,100
19902,10001,100
19904,10001,100
19930,10005,100
19931,10005,100
19933,10005,100
19934,10001,100
19936,10001,100
19938,10001,92.47
19938,10003,7.53
19939,10005,100
19940,10005,100
19941,10005,100
19943,10001,100
19944,10005,100
19945,10005,100
19946,10001,100
19947,10005,100
19950,10001,20.95
19950,10005,79.05
19951,10005,100
19952,10001,99.07
19952,10005,0.93
19953,10001,100
19954,10001,100
19955,10001,100
19956,10005,100
19958,10005,100
19960,10005,100
19962,10001,100
19963,10001,40.87
19963,10005,59.13
19964,10001,100
19966,10005,100
19967,10005,100
19968,10005,100
19970,10005,100
19971,10005,100
19973,10005,100
19975,10005,100
19977,10001,81.06
19977,10003,18.94
19979,10001,100
20001,11001,100
20002,11001,100
20003,11001,100
20004,11001,100
20005,11001,100
20006,11001,100
20007,11001,100
20008,11001,100
20009,11001,100
20010,11001,100
20011,11001,100
20012,11001,100
20015,11001,100
20016,11001,100
20017,11001,100
20018,11001,100
20019,11001,100
20020,11001,100
20024,11001,100
20032,11001,100
20036,11001,100
20037,11001,100
20045,11001,0
20052,11001,100
20053,11001,0
20057,11001,100
20064,11001,100
20105,51107,100
20106,51047,61.42
20106,51061,3.7
20106,51157,34.89
20109,51153,99.72
20109,51683,0.28
20110,51153,14.04
20110,51683,85.96
20111,51153,53.34
20111,51685,46.66
20112,51153,100
20115,51061,100
20117,51061,6.28
20117,51107,93.72
20118,51107,100
20119,51061,100
20120,51059,99.96
20120,51107,0.04
20121,51059,100
20124,51059,100
20129,51107,100
20130,51043,77.58
20130,51061,22.42
20132,51107,100
20135,51043,63.02
20135,51107,32.04
20135,54037,4.94
20136,51153,100
20137,51061,67.81
20137,51153,32.19
20139,51061,100
20141,51107,100
20143,51153,100
20144,51061,100
20147,51107,100
20148,51107,100
20151,51059,100
20152,51107,100
20155,51153,100
20158,51107,100
20164,51107,100
20165,51107,100
20166,51107,100
20169,51153,100
20170,51059,100
20171,51059,100
20175,51107,100
20176,51107,100
20180,51107,100
20181,51061,9.84
20181,51153,90.16
20184,51061,55.3
20184,51107,44.7
20186,51047,0.1
20186,51061,99.9
20187,51061,100
20190,51059,100
20191,51059,100
20194,51059,100
20197,51107,100
20198,51061,100
20202,11001,0
20204,11001,0
20228,11001,0
20230,11001,0
20240,11001,0
20245,11001,0
20260,11001,0
20307,11001,100
20317,11001,100
20319,11001,100
20373,11001,100
20390,11001,100
20405,11001,0
20418,11001,0
20427,11001,0
20506,11001,0
20510,11001,0
20520,11001,0
20535,11001,100
20540,11001,0
20551,11001,0
20553,11001,0
20560,11001,0
20565,11001,0
20566,11001,0
20593,11001,0
20601,24017,98.8
20601,24033,1.2
20602,24017,100
20603,24017,100
20606,24037,100
20607,24017,0.44
20607,24033,99.56
20608,24033,100
20609,24037,100
20611,24017,100
20612,24017,100
20613,24017,13.3
20613,24033,86.7
20615,24009,100
20616,24017,100
20617,24017,100
20618,24037,100
20619,24037,100
20620,24037,100
20621,24037,100
20622,24017,63.88
20622,24037,36.12
20623,24033,100
20624,24037,100
20625,24017,100
20626,24037,100
20628,24037,100
20629,24009,100
20630,24037,100
20632,24017,100
20634,24037,100
20636,24037,100
20637,24017,100
20639,24009,100
20640,24017,100
20645,24017,100
20646,24017,100
20650,24037,100
20653,24037,100
20657,24009,100
20658,24017,100
20659,24017,1.57
20659,24037,98.43
20660,24037,100
20662,24017,100
20664,24017,100
20667,24037,100
20670,24037,100
20674,24037,100
20675,24017,100
20676,24009,100
20677,24017,100
20678,24009,100
20680,24037,100
20684,24037,100
20685,24009,100
20686,24037,100
20687,24037,100
20688,24009,100
20689,24009,100
20690,24037,100
20692,24037,100
20693,24017,100
20695,24017,100
20701,24003,0
20701,24027,100
20705,24031,0.65
20705,24033,99.35
20706,24033,100
20707,24031,0.94
20707,24033,99.06
20708,24033,100
20710,24033,100
20711,24003,100
20712,24033,100
20714,24003,20.83
20714,24009,79.17
20715,24033,100
20716,24033,100
20720,24033,100
20721,24033,100
20722,24033,100
20723,24027,100
20724,24003,100
20732,24009,100
20733,24003,100
20735,24033,100
20736,24003,0.15
20736,24009,99.85
20737,24033,100
20740,24033,100
20742,24033,100
20743,24033,100
20744,24033,100
20745,24033,100
20746,24033,100
20747,24033,100
20748,24033,100
20751,24003,100
20754,24003,14.72
20754,24009,85.28
20755,24003,100
20758,24003,100
20759,24027,100
20762,24033,100
20763,24027,100
20764,24003,100
20765,24003,100
20769,24033,100
20770,24033,100
20772,24033,100
20774,24033,100
20776,24003,100
20777,24027,98.64
20777,24031,1.36
20778,24003,100
20779,24003,100
20781,24033,100
20782,24033,100
20783,24033,100
20784,24033,100
20785,24033,100
20794,24003,46.06
20794,24027,53.94
20812,24031,100
20814,24031,100
20815,24031,100
20816,24031,100
20817,24031,100
20818,24031,100
20832,24031,100
20833,24027,1.09
20833,24031,98.91
20837,24031,100
20838,24031,100
20839,24031,100
20841,24031,100
20842,24021,19.57
20842,24031,80.43
20850,24031,100
20851,24031,100
20852,24031,100
20853,24031,100
20854,24031,100
20855,24031,100
20860,24031,100
20861,24031,100
20862,24031,100
20866,24031,100
20868,24031,100
20871,24021,2.54
20871,24031,97.46
20872,24031,100
20874,24031,100
20876,24031,100
20877,24031,100
20878,24031,100
20879,24031,100
20880,24031,100
20882,24031,100
20886,24031,100
20895,24031,100
20896,24031,100
20899,24031,100
20901,24031,100
20902,24031,100
20903,24031,77.43
20903,24033,22.57
20904,24031,99.41
20904,24033,0.59
20905,24031,100
20906,24031,100
20910,24031,100
20912,24031,86.07
20912,24033,13.93
21001,24025,100
21005,24025,100
21009,24025,100
21010,24025,100
21012,24003,100
21013,24005,68.04
21013,24025,31.96
21014,24025,100
21015,24025,100
21017,24025,100
21028,24025,100
21029,24027,100
21030,24005,100
21031,24005,100
21032,24003,100
21034,24025,100
21035,24003,100
21036,24027,100
21037,24003,100
21040,24025,100
21042,24027,100
21043,24005,2.12
21043,24027,97.88
21044,24027,100
21045,24027,100
21046,24027,100
21047,24025,100
21048,24013,100
21050,24025,100
21051,24005,100
21052,24005,100
21053,24005,100
21054,24003,100
21056,24003,100
21057,24005,100
21060,24003,100
21061,24003,100
21071,24005,100
21074,24005,9.04
21074,24013,90.96
21075,24027,100
21076,24003,87.33
21076,24027,12.67
21077,24003,100
21078,24025,100
21082,24005,92.51
21082,24025,7.49
21084,24025,100
21085,24005,0.14
21085,24025,99.86
21087,24005,85.09
21087,24025,14.91
21090,24003,100
21093,24005,100
21102,24005,8.45
21102,24013,91.55
21104,24005,3.26
21104,24013,54.88
21104,24027,41.86
21105,24005,100
21108,24003,100
21111,24005,80.91
21111,24025,19.09
21113,24003,100
21114,24003,100
21117,24005,100
21120,24005,100
21122,24003,100
21128,24005,100
21130,24025,100
21131,24005,100
21132,24025,100
21133,24005,100
21136,24005,97.08
21136,24013,2.92
21140,24003,100
21144,24003,100
21146,24003,100
21152,24005,100
21153,24005,100
21154,24025,100
21155,24005,86.29
21155,24013,13.71
21156,24005,100
21157,24013,100
21158,24013,100
21160,24025,100
21161,24005,49.71
21161,24025,50.29
21162,24005,100
21163,24005,36.92
21163,24027,63.08
21201,24510,100
21202,24510,100
21204,24005,100
21205,24510,100
21206,24005,20.58
21206,24510,79.42
21207,24005,70.45
21207,24510,29.55
21208,24005,94.2
21208,24510,5.8
21209,24005,53.86
21209,24510,46.14
21210,24005,6.58
21210,24510,93.42
21211,24510,100
21212,24005,33.83
21212,24510,66.17
21213,24510,100
21214,24510,100
21215,24005,2.9
21215,24510,97.1
21216,24510,100
21217,24510,100
21218,24510,100
21219,24005,100
21220,24005,100
21221,24005,100
21222,24005,96.68
21222,24510,3.32
21223,24510,100
21224,24005,17.6
21224,24510,82.4
21225,24003,42.93
21225,24510,57.07
21226,24003,56.51
21226,24510,43.49
21227,24005,97.47
21227,24510,2.53
21228,24005,99.44
21228,24510,0.56
21229,24005,15.48
21229,24510,84.52
21230,24510,100
21231,24510,100
21234,24005,87.51
21234,24510,12.49
21236,24005,99.5
21236,24510,0.5
21237,24005,99.84
21237,24510,0.16
21239,24005,17.39
21239,24510,82.61
21240,24003,0
21244,24005,100
21250,24005,100
21251,24510,100
21252,24005,100
21286,24005,100
21401,24003,100
21402,24003,100
21403,24003,100
21405,24003,100
21409,24003,100
21502,24001,100
21520,24023,100
21521,24001,94.23
21521,24023,5.77
21522,24023,100
21523,24023,100
21524,24001,100
21529,24001,100
21530,24001,100
21531,24023,100
21532,24001,90.26
21532,24023,9.74
21536,24023,100
21538,24023,100
21539,24001,80.92
21539,24023,19.08
21540,24001,100
21541,24023,100
21542,24001,100
21543,24001,100
21545,24001,100
21550,24023,100
21555,24001,100
21557,24001,100
21561,24023,100
21562,24001,98.95
21562,24023,1.05
21601,24041,100
21607,24035,100
21610,24029,100
21612,24041,100
21613,24019,100
21617,24035,100
21619,24035,100
21620,24029,74.7
21620,24035,25.3
21622,24019,100
21623,24035,100
21624,24041,100
21625,24041,100
21626,24019,100
21627,24019,100
21628,24035,100
21629,24011,100
21631,24019,100
21632,24011,88.92
21632,24019,11.08
21634,24019,100
21635,24029,100
21636,24011,100
21638,24035,100
21639,24011,100
21640,24011,94.36
21640,24035,5.64
21641,24011,100
21643,24019,100
21644,24035,100
21645,24029,100
21647,24041,100
21648,24019,100
21649,24011,82.83
21649,24035,17.17
21650,24029,100
21651,24029,54.49
21651,24035,45.51
21652,24041,100
21653,24041,100
21654,24041,100
21655,24011,100
21657,24035,88.93
21657,24041,11.07
21658,24035,100
21659,24019,100
21660,24011,100
21661,24029,100
21662,24041,100
21663,24041,100
21664,24019,100
21665,24041,100
21666,24035,100
21667,24029,100
21668,24035,100
21669,24019,100
21671,24041,100
21672,24019,100
21673,24041,100
21675,24019,100
21676,24041,100
21677,24019,100
21678,24029,100
21679,24041,100
21701,24021,100
21702,24021,100
21703,24021,100
21704,24021,100
21705,24021,100
21710,24021,100
21711,24043,100
21713,24043,100
21714,24021,100
21716,24021,100
21717,24021,100
21718,24021,100
21719,24021,2.52
21719,24043,97.48
21722,24043,100
21723,24027,100
21727,24021,100
21733,24043,100
21734,24043,100
21737,24027,100
21738,24027,100
21740,24043,100
21742,24043,100
21746,24043,100
21750,24043,100
21754,24021,100
21755,24021,100
21756,24043,100
21757,24013,45.92
21757,24021,54.08
21758,24021,63.6
21758,24043,36.4
21762,24021,100
21766,24001,100
21767,24043,100
21769,24021,99.66
21769,24043,0.34
21770,24021,100
21771,24013,42.51
21771,24021,46.46
21771,24027,10.11
21771,24031,0.91
21773,24021,100
21774,24021,100
21776,24013,85.95
21776,24021,14.05
21777,24021,100
21778,24021,100
21779,24043,100
21780,24021,94.89
21780,24043,5.11
21781,24043,100
21782,24043,100
21783,24021,12.43
21783,24043,87.57
21784,24013,94.43
21784,24027,5.57
21787,24013,97.72
21787,24021,2.28
21788,24021,100
21790,24021,100
21791,24013,52.83
21791,24021,47.17
21793,24021,100
21794,24027,100
21795,24043,100
21797,24013,34.57
21797,24027,65.43
21798,24021,100
21801,24045,100
21802,24045,100
21804,24045,99.28
21804,24047,0.72
21810,24045,100
21811,24047,100
21813,24047,100
21814,24045,100
21817,24039,100
21821,24039,100
21822,24039,50.36
21822,24045,40.57
21822,24047,9.07
21824,24039,100
21826,24045,100
21829,24047,100
21830,24045,100
21835,24019,100
21837,24045,100
21838,24039,100
21840,24045,100
21841,24047,100
21842,24047,100
21849,24045,100
21850,24045,100
21851,24039,8.95
21851,24047,91.05
21853,24039,100
21856,24045,100
21861,24045,100
21862,24047,100
21863,24047,100
21864,24047,100
21865,24045,100
21866,24039,100
21867,24039,100
21869,24019,100
21871,24039,100
21872,24047,100
21874,24045,100
21875,24045,100
21890,24039,100
21901,24015,100
21902,24015,100
21903,24015,100
21904,24015,100
21911,24015,100
21912,10003,0.73
21912,24015,99.27
21913,24015,100
21914,24015,100
21915,24015,100
21916,24015,100
21917,24015,100
21918,24015,100
21919,24015,100
21920,24015,100
21921,24015,100
21930,24015,100
22003,51059,100
22015,51059,100
22025,51153,100
22026,51153,100
22027,51059,100
22030,51059,68.17
22030,51600,31.83
22031,51059,86.62
22031,51600,13.38
22032,51059,96.43
22032,51600,3.57
22033,51059,100
22035,51059,0
22039,51059,100
22041,51059,100
22042,51059,99.16
22042,51610,0.84
22043,51059,100
22044,51059,89.36
22044,51610,10.64
22046,51059,35.12
22046,51610,64.88
22060,51059,100
22066,51059,93.54
22066,51107,6.46
22079,51059,100
22101,51013,0.12
22101,51059,99.88
22102,51059,100
22124,51059,100
22125,51153,100
22134,51153,71.87
22134,51179,28.13
22150,51059,100
22151,51059,100
22152,51059,100
22153,51059,100
22172,51153,100
22180,51059,100
22181,51059,100
22182,51059,100
22185,51059,0
22191,51153,100
22192,51153,100
22193,51153,100
22201,51013,100
22202,51013,100
22203,51013,100
22204,51013,100
22205,51013,99.9
22205,51610,0.1
22206,51013,98.08
22206,51510,1.92
22207,51013,99.72
22207,51059,0.28
22209,51013,100
22211,51013,100
22213,51013,100
22214,51013,0
22301,51510,100
22302,51059,5.38
22302,51510,94.62
22303,51059,100
22304,51059,0.37
22304,51510,99.63
22305,51510,100
22306,51059,100
22307,51059,100
22308,51059,100
22309,51059,100
22310,51059,100
22311,51059,7.05
22311,51510,92.95
22312,51059,76.18
22312,51510,23.82
22314,51510,100
22315,51059,100
22401,51630,100
22405,51179,100
22406,51061,0.08
22406,51179,99.92
22407,51177,100
22408,51033,0.92
22408,51177,99.08
22427,51033,100
22432,51133,100
22433,51137,100
22435,51133,94.63
22435,51159,4.18
22435,51193,1.19
22436,51057,100
22437,51057,84.69
22437,51097,15.31
22438,51057,100
22443,51193,100
22448,51099,100
22454,51057,100
22460,51159,100
22469,51193,100
22473,51103,1.61
22473,51133,98.39
22476,51057,100
22480,51103,100
22482,51103,65.69
22482,51133,34.31
22485,51099,99.92
22485,51193,0.08
22488,51193,100
22503,51103,100
22504,51057,82.51
22504,51119,17.49
22508,51137,91.87
22508,51177,8.13
22509,51057,100
22511,51133,100
22514,51033,99.73
22514,51097,0.27
22520,51193,100
22529,51193,100
22530,51133,100
22534,51177,100
22535,51033,100
22538,51033,100
22539,51133,100
22542,51137,100
22546,51033,96.86
22546,51085,3.14
22548,51159,100
22551,51177,100
22553,51177,100
22554,51179,100
22556,51179,100
22560,51057,97.49
22560,51097,2.51
22567,51137,100
22572,51159,96.43
22572,51193,3.57
22576,51103,100
22578,51103,100
22579,51133,100
22580,51033,91.38
22580,51177,8.62
22601,51069,5.79
22601,51840,94.21
22602,51069,100
22603,51069,100
22610,51187,100
22611,51043,100
22620,51043,100
22623,51157,80.15
22623,51187,19.85
22624,51069,100
22625,51069,100
22627,51157,100
22630,51043,0.07
22630,51061,0.04
22630,51069,1.54
22630,51187,98.35
22637,51069,100
22639,51061,100
22640,51157,100
22641,51171,100
22642,51061,15.99
22642,51187,84.01
22643,51061,100
22644,51171,100
22645,51069,70.03
22645,51187,29.97
22646,51043,100
22650,51139,100
22652,51171,100
22654,51069,81.72
22654,51171,18.28
22655,51069,99.56
22655,51187,0.44
22656,51069,100
22657,51171,92.24
22657,51187,7.76
22660,51171,100
22663,51043,45.44
22663,51069,54.56
22664,51171,100
22701,51047,95.51
22701,51113,1.84
22701,51137,2.65
22709,51113,100
22711,51113,100
22712,51061,100
22713,51047,78.24
22713,51157,21.76
22714,51047,100
22715,51113,100
22716,51157,100
22718,51047,100
22719,51113,100
22720,51061,100
22722,51113,100
22723,51113,100
22724,51047,100
22726,51047,100
22727,51113,100
22728,51061,100
22729,51047,100
22730,51113,100
22731,51113,100
22732,51113,100
22733,51047,60.79
22733,51113,3.68
22733,51137,35.53
22734,51047,5.33
22734,51061,94.67
22735,51047,59.6
22735,51113,40.4
22736,51047,100
22737,51047,100
22738,51113,100
22740,51047,4.19
22740,51113,1.9
22740,51157,93.91
22741,51047,100
22742,51061,100
22743,51113,100
22747,51157,100
22749,51157,100
22801,51165,26.27
22801,51660,73.73
22802,51165,33.09
22802,51660,66.91
22807,51660,100
22810,51171,100
22811,51165,100
22812,51015,8.24
22812,51165,91.76
22815,51165,99.66
22815,51171,0.34
22820,51165,100
22821,51165,100
22824,51171,100
22827,51139,5.82
22827,51165,94.18
22830,51165,100
22831,51165,100
22832,51165,100
22834,51165,100
22835,51113,0
22835,51139,100
22840,51165,100
22841,51015,3.73
22841,51165,96.27
22842,51171,100
22843,51015,100
22844,51165,5.5
22844,51171,94.5
22845,51171,100
22846,51165,100
22847,51171,100
22849,51139,96.53
22849,51165,3.47
22850,51165,100
22851,51139,100
22853,51165,99.06
22853,51171,0.94
22901,51003,82.36
22901,51540,17.64
22902,51003,43.28
22902,51540,56.72
22903,51003,33.29
22903,51540,66.71
22904,51003,95.75
22904,51540,4.25
22911,51003,100
22920,51003,33.87
22920,51015,0.98
22920,51125,65.15
22922,51009,4.11
22922,51125,95.89
22923,51003,25.1
22923,51079,43.73
22923,51137,31.16
22931,51003,100
22932,51003,100
22935,51003,44.6
22935,51079,55.4
22936,51003,100
22937,51003,100
22938,51003,4.99
22938,51125,95.01
22939,51015,100
22940,51003,87.4
22940,51079,12.6
22942,51003,5.81
22942,51109,48.14
22942,51137,46.05
22943,51003,100
22946,51003,100
22947,51003,94
22947,51065,1.5
22947,51109,4.5
22948,51113,100
22949,51125,100
22952,51015,100
22958,51015,1.16
22958,51125,98.84
22959,51003,100
22960,51113,9.46
22960,51137,87.43
22960,51177,3.12
22963,51065,100
22964,51125,100
22967,51009,13.34
22967,51125,86.66
22968,51003,3.56
22968,51079,96.44
22969,51003,49.83
22969,51125,50.17
22971,51125,100
22972,51137,100
22973,51079,98.22
22973,51113,1.78
22974,51003,7.58
22974,51065,74.39
22974,51109,18.03
22976,51125,100
22980,51015,33.21
22980,51820,66.79
22989,51113,100
23002,51007,99.46
23002,51135,0.54
23004,51029,100
23005,51085,100
23009,51101,100
23011,51127,100
23015,51033,9.6
23015,51085,74.72
23015,51109,1.2
23015,51177,14.47
23021,51115,100
23022,51065,100
23023,51097,100
23024,51085,0.86
23024,51109,84.85
23024,51177,14.29
23025,51115,100
23027,51049,100
23030,51036,99.36
23030,51087,0.64
23032,51119,100
23035,51115,100
23038,51049,29.3
23038,51065,22.03
23038,51075,48.68
23039,51075,100
23040,51029,6.35
23040,51049,93.65
23043,51119,100
23045,51115,100
23047,51033,17.37
23047,51085,82.63
23050,51073,17.73
23050,51115,82.27
23055,51065,100
23056,51115,100
23059,51085,13.16
23059,51087,86.84
23060,51087,100
23061,51073,100
23062,51073,100
23063,51075,100
23064,51115,100
23065,51075,58.56
23065,51109,41.44
23066,51115,100
23068,51115,100
23069,51033,22.36
23069,51085,57.52
23069,51101,20.11
23070,51119,100
23071,51119,100
23072,51073,100
23075,51087,100
23076,51115,100
23079,51119,100
23083,51007,99.13
23083,51135,0.87
23084,51065,64.54
23084,51075,24.01
23084,51109,11.45
23085,51097,100
23086,51101,100
23089,51095,34.92
23089,51127,65.08
23091,51097,100
23092,51119,100
23093,51065,0.28
23093,51075,5.83
23093,51109,93.89
23102,51075,86.72
23102,51085,4.1
23102,51109,9.18
23103,51075,100
23106,51101,100
23108,51097,100
23109,51115,100
23110,51097,100
23111,51085,100
23112,51041,100
23113,51041,95.67
23113,51145,4.33
23114,51041,100
23115,51057,100
23116,51085,100
23117,51075,2.42
23117,51109,83.67
23117,51177,13.92
23119,51115,100
23120,51041,87.27
23120,51145,12.73
23123,51029,96.67
23123,51049,3.33
23124,51127,100
23125,51115,100
23126,51097,100
23128,51073,39.14
23128,51115,60.86
23129,51075,100
23130,51115,100
23138,51115,100
23139,51049,0.79
23139,51145,99.21
23140,51036,34.22
23140,51127,65.78
23141,51127,100
23146,51075,13.16
23146,51085,86.84
23148,51057,12.75
23148,51097,87.25
23149,51073,39.31
23149,51097,10.72
23149,51119,49.97
23150,51087,100
23153,51075,100
23156,51097,100
23160,51075,25.37
23160,51145,74.63
23161,51097,100
23163,51115,100
23168,51095,100
23169,51119,100
23173,51760,100
23175,51119,100
23176,51119,100
23177,51097,82.79
23177,51101,17.21
23180,51119,100
23181,51101,86.33
23181,51127,13.67
23185,51036,0.12
23185,51095,52.51
23185,51199,20.13
23185,51830,27.24
23187,51830,100
23188,51095,89.92
23188,51199,7.06
23188,51830,3.02
23192,51085,95.2
23192,51109,4.8
23219,51760,100
23220,51760,100
23221,51760,100
23222,51087,30.54
23222,51760,69.46
23223,51087,52.48
23223,51760,47.52
23224,51041,8.33
23224,51760,91.67
23225,51041,10.78
23225,51760,89.22
23226,51087,49.2
23226,51760,50.8
23227,51087,58.82
23227,51760,41.18
23228,51087,100
23229,51087,100
23230,51087,62.12
23230,51760,37.88
23231,51036,0.96
23231,51087,85.86
23231,51760,13.18
23233,51075,1.08
23233,51087,98.92
23234,51041,71.57
23234,51760,28.43
23235,51041,80.29
23235,51760,19.71
23236,51041,100
23237,51041,100
23238,51075,7.78
23238,51087,92.22
23250,51087,0
23294,51087,100
23301,51001,100
23302,51001,100
23303,51001,100
23304,51093,100
23306,51001,100
23307,51131,100
23308,51001,100
23310,51131,100
23313,51131,100
23314,51093,100
23315,51093,100
23316,51131,100
23320,51550,100
23321,51550,99.81
23321,51800,0.19
23322,51550,100
23323,51550,100
23324,51550,100
23325,51550,100
23336,51001,100
23337,51001,100
23347,51131,100
23350,51131,100
23354,51131,100
23356,51001,100
23357,51001,100
23358,51001,100
23359,51001,100
23389,51001,100
23395,51001,100
23398,51131,100
23401,51001,100
23405,51131,100
23407,51001,100
23408,51131,100
23409,51001,100
23410,51001,100
23413,51131,100
23414,51001,100
23415,51001,100
23416,51001,100
23417,51001,100
23418,51001,100
23420,51001,100
23421,51001,100
23422,51001,100
23423,51001,100
23426,51001,100
23427,51001,100
23430,51093,100
23432,51800,100
23433,51800,100
23434,51800,100
23435,51800,100
23436,51800,100
23437,51800,100
23438,51800,100
23440,51001,100
23441,51001,100
23442,51001,100
23451,51810,100
23452,51810,100
23453,51810,100
23454,51810,100
23455,51810,100
23456,51810,100
23457,51810,100
23459,51810,100
23460,51810,100
23461,51810,100
23462,51810,100
23464,51810,100
23480,51001,100
23486,51131,100
23487,51093,100
23488,51001,100
23502,51710,100
23503,51710,100
23504,51710,100
23505,51710,100
23507,51710,100
23508,51710,100
23509,51710,100
23510,51710,100
23511,51710,100
23513,51710,100
23517,51710,100
23518,51710,100
23523,51710,100
23551,51710,100
23601,51700,100
23602,51199,0.24
23602,51700,99.76
23603,51199,14.36
23603,51700,85.64
23604,51700,100
23605,51650,26.14
23605,51700,73.86
23606,51700,100
23607,51700,100
23608,51700,100
23651,51650,100
23661,51650,100
23662,51735,100
23663,51650,100
23664,51650,100
23665,51199,73.77
23665,51650,26.23
23666,51650,100
23669,51650,100
23690,51199,100
23691,51199,100
23692,51199,100
23693,51199,100
23696,51199,100
23701,51740,100
23702,51740,100
23703,51740,100
23704,51740,100
23707,51740,100
23708,51740,100
23709,51740,100
23801,51149,100
23803,51041,26.42
23803,51053,26.05
23803,51730,47.53
23805,51053,9.75
23805,51149,22.78
23805,51730,67.47
23806,51041,100
23821,51025,100
23824,51025,3.11
23824,51053,1.3
23824,51111,0.75
23824,51135,94.84
23827,51175,100
23828,51175,100
23829,51175,100
23830,51053,40.24
23830,51149,44
23830,51183,15.76
23831,51041,100
23832,51041,100
23833,51007,7.44
23833,51053,92.56
23834,51041,32.02
23834,51570,67.98
23836,51041,100
23837,51175,98.51
23837,51183,1.49
23838,51041,100
23839,51181,100
23840,51053,100
23841,51053,100
23842,51149,93.64
23842,51181,0.46
23842,51183,5.89
23843,51025,100
23844,51175,100
23845,51025,100
23846,51181,100
23847,51025,2.5
23847,51081,60.61
23847,51175,1.25
23847,51183,0.7
23847,51595,34.94
23850,51007,22.93
23850,51053,77.07
23851,51093,8.46
23851,51175,28.97
23851,51620,62.57
23856,51025,96.22
23856,51081,3.78
23857,51025,100
23860,51149,29.34
23860,51670,70.66
23866,51093,21.77
23866,51175,78.23
23867,51081,56.88
23867,51183,43.12
23868,51025,100
23872,51053,100
23874,51175,100
23875,51149,100
23876,51025,100
23878,51175,100
23879,51081,100
23881,51149,23.53
23881,51181,76.47
23882,51053,28.5
23882,51183,71.5
23883,51181,100
23884,51183,100
23885,51053,100
23887,51025,100
23888,51175,11.65
23888,51181,10.59
23888,51183,77.76
23889,51025,100
23890,51181,12.83
23890,51183,87.17
23891,51183,100
23893,51025,100
23894,51053,100
23897,51183,100
23898,51093,65.54
23898,51175,34.46
23899,51181,100
23901,51029,6.57
23901,51049,20.51
23901,51147,72.93
23909,51147,100
23915,51117,100
23917,51117,100
23919,51025,4.13
23919,51117,95.87
23920,51025,73.29
23920,51111,3.87
23920,51117,22.84
23921,51029,100
23922,51135,85.87
23922,51147,14.13
23923,51037,96.18
23923,51147,3.82
23924,51037,1.93
23924,51111,3.1
23924,51117,94.98
23927,51117,100
23930,51135,100
23934,51037,59.91
23934,51147,40.09
23936,51029,98.33
23936,51049,1.67
23937,51037,89.04
23937,51111,10.96
23938,51025,66.09
23938,51111,33.91
23942,51111,23.56
23942,51147,76.44
23943,51147,100
23944,51111,100
23947,51037,57.95
23947,51111,33.96
23947,51147,8.08
23950,51025,8.72
23950,51117,91.28
23952,51111,100
23954,51111,25.93
23954,51147,74.07
23958,51011,48.45
23958,51037,5.99
23958,51147,45.55
23959,51037,100
23960,51011,1.71
23960,51147,98.29
23962,51037,69.7
23962,51083,30.3
23963,51011,6.47
23963,51031,13.8
23963,51037,79.73
23964,51037,91.48
23964,51117,8.52
23966,51007,7.62
23966,51147,92.38
23967,51037,100
23968,51117,100
23970,51111,5.39
23970,51117,94.61
23974,51111,100
23976,51037,100
24011,51770,100
24012,51023,4.02
24012,51161,21.5
24012,51770,74.48
24013,51770,100
24014,51161,28.12
24014,51770,71.88
24015,51161,1.63
24015,51770,98.37
24016,51770,100
24017,51770,100
24018,51161,89.99
24018,51770,10.01
24018,51775,0
24019,51023,15.66
24019,51161,71.07
24019,51770,13.27
24020,51161,100
24053,51035,3.2
24053,51141,96.8
24054,51089,71.22
24054,51143,28.78
24055,51067,4.21
24055,51089,91.58
24055,51141,4.21
24058,51155,100
24059,51067,3.67
24059,51161,96.33
24060,51121,100
24064,51019,28.89
24064,51023,71.11
24065,51067,82.35
24065,51161,17.65
24066,51023,98.38
24066,51163,1.62
24067,51067,100
24069,51143,100
24070,51045,21.13
24070,51121,0.81
24070,51161,78.06
24072,51063,100
24073,51121,100
24076,51141,100
24077,51023,100
24078,51089,100
24079,51063,99.89
24079,51067,0.11
24082,51141,100
24083,51023,100
24084,51021,2.48
24084,51155,97.52
24085,51005,0.5
24085,51023,99.5
24086,51071,100
24087,51121,96.81
24087,51161,3.19
24088,51067,96.86
24088,51141,3.14
24089,51089,100
24090,51023,100
24091,51063,98.95
24091,51067,0.49
24091,51141,0.57
24092,51067,100
24093,51071,100
24095,51019,100
24101,51019,14.56
24101,51067,85.44
24102,51067,93.4
24102,51089,6.6
24104,51019,100
24105,51035,6.2
24105,51063,93.8
24112,51067,3.56
24112,51089,54.11
24112,51690,42.34
24120,51035,11.51
24120,51063,16.08
24120,51141,72.42
24121,51019,64.28
24121,51067,35.72
24122,51019,100
24124,51021,5.26
24124,51071,94.74
24127,51045,100
24128,51045,26.76
24128,51071,73.24
24130,51023,100
24131,51045,100
24132,51155,100
24133,51141,100
24134,51071,100
24136,51071,100
24137,51067,82.3
24137,51143,17.7
24138,51063,39.99
24138,51121,60.01
24139,51019,11.3
24139,51143,88.7
24141,51063,0.72
24141,51121,7.3
24141,51155,24.55
24141,51750,67.44
24142,51750,100
24147,51071,100
24148,51089,100
24149,51063,25.94
24149,51121,74.06
24150,51071,100
24151,51067,100
24153,51023,0.07
24153,51161,34.25
24153,51775,65.68
24161,51143,100
24162,51063,0.95
24162,51121,99.05
24165,51089,64.85
24165,51141,35.15
24167,51071,100
24168,51089,100
24171,51141,100
24174,51019,100
24175,51023,99.5
24175,51161,0.5
24176,51067,100
24179,51019,29.82
24179,51161,70.18
24184,51067,100
24185,51141,100
24201,51520,100
24202,51169,3.44
24202,51191,90.99
24202,51520,5.57
24210,51191,100
24211,51191,100
24216,51195,100
24217,51027,18.72
24217,51051,81.28
24219,51105,11.78
24219,51195,88.22
24220,51051,100
24221,51105,58
24221,51169,42
24224,51167,100
24225,51167,100
24226,51051,100
24228,51051,100
24230,51051,17.6
24230,51169,2.1
24230,51195,80.3
24236,51191,100
24237,51051,52.35
24237,51167,47.65
24239,51027,100
24243,51105,100
24244,51105,16.69
24244,51169,83.31
24245,51169,100
24246,51195,100
24248,51105,100
24250,51169,100
24251,51169,100
24256,51027,19.22
24256,51051,80.78
24258,51169,97.6
24258,51191,2.4
24260,51027,18.92
24260,51167,81.08
24263,51105,100
24265,51105,100
24266,51167,100
24269,51051,100
24270,51191,100
24271,51169,100
24272,51051,100
24273,51195,36.79
24273,51720,63.21
24277,51105,100
24279,51195,100
24280,51167,100
24281,51105,100
24282,51105,100
24283,51051,7.05
24283,51167,11.05
24283,51195,81.9
24290,51169,100
24292,51077,100
24293,51195,100
24301,51155,100
24311,51173,100
24312,51035,56.85
24312,51197,43.15
24313,51155,1.47
24313,51197,98.53
24314,51021,89.49
24314,51185,10.51
24315,51021,99.55
24315,51071,0.45
24316,51185,100
24317,51035,100
24318,51021,59.62
24318,51173,40.38
24319,51173,90.41
24319,51191,9.59
24322,51197,100
24323,51197,100
24324,51155,92.25
24324,51197,7.75
24325,51035,100
24326,51077,100
24328,51035,100
24330,51035,21.23
24330,51077,78.77
24333,51035,33.72
24333,51077,27.14
24333,51640,39.13
24340,51191,100
24343,51035,99.13
24343,51141,0.44
24343,51197,0.43
24347,51035,1.86
24347,51121,7.3
24347,51155,90.83
24348,51077,100
24350,51035,25.69
24350,51077,4.6
24350,51197,69.71
24351,51035,100
24352,51035,99.89
24352,51063,0.11
24354,51173,100
24360,51197,100
24361,51191,100
24363,51077,100
24366,51021,100
24368,51173,16.96
24368,51197,83.04
24370,51173,86.17
24370,51191,13.83
24374,51197,100
24375,51173,100
24377,51185,100
24378,51077,80.96
24378,51173,19.04
24380,51035,0.45
24380,51063,99.55
24381,51035,100
24382,51197,100
24401,51015,33.11
24401,51790,66.89
24411,51015,100
24412,51017,100
24413,51091,100
24415,51163,100
24416,51163,24.49
24416,51530,75.51
24421,51015,100
24422,51005,96.53
24422,51023,3.47
24426,51005,58.4
24426,51580,41.6
24430,51015,100
24431,51015,100
24432,51015,93.75
24432,51017,6.25
24433,51091,100
24435,51163,100
24437,51015,100
24439,51015,17.96
24439,51163,82.04
24440,51015,100
24441,51015,37.64
24441,51165,62.36
24442,51091,100
24445,51005,21.89
24445,51017,78.11
24448,51005,100
24450,51163,57.94
24450,51678,42.06
24457,51005,100
24458,51091,100
24459,51015,92.05
24459,51163,7.95
24460,51017,100
24464,51125,100
24465,51091,100
24467,51015,100
24471,51165,100
24472,51015,40.6
24472,51163,59.4
24473,51163,100
24474,51005,100
24476,51015,100
24477,51015,100
24479,51015,100
24482,51015,100
24482,51790,0
24483,51009,22.15
24483,51163,77.85
24484,51017,91.09
24484,51091,8.91
24485,51015,100
24486,51015,93.95
24486,51165,6.05
24487,51017,89.38
24487,51091,10.63
24501,51031,17.54
24501,51680,82.46
24502,51019,2.01
24502,51031,25.29
24502,51680,72.7
24503,51019,23.96
24503,51680,76.04
24504,51011,1.01
24504,51031,26.76
24504,51680,72.23
24517,51031,100
24520,51083,100
24521,51009,97.76
24521,51125,2.24
24522,51011,99.57
24522,51029,0.43
24523,51019,67.17
24523,51515,32.83
24526,51009,0
24526,51019,100
24527,51143,100
24528,51031,82.97
24528,51037,17.03
24529,51117,100
24530,51089,0.92
24530,51143,99.08
24531,51143,100
24534,51083,100
24536,51019,100
24538,51011,34.44
24538,51031,65.56
24539,51083,100
24540,51143,39.9
24540,51590,60.1
24541,51143,15.94
24541,51590,84.06
24549,51143,100
24550,51019,5.81
24550,51031,94.19
24551,51019,85.5
24551,51031,13.66
24551,51680,0.83
24553,51009,25.76
24553,51011,26.13
24553,51029,20.82
24553,51125,27.29
24554,51031,100
24555,51163,100
24556,51019,100
24557,51083,0.46
24557,51143,99.54
24558,51083,100
24562,51003,3.52
24562,51029,78.17
24562,51125,18.31
24563,51143,100
24565,51083,7.21
24565,51143,92.79
24566,51143,100
24569,51031,14.85
24569,51083,20.49
24569,51143,64.66
24570,51019,100
24571,51019,21.42
24571,51031,78.58
24572,51009,100
24574,51009,100
24577,51083,100
24578,51163,100
24579,51163,100
24580,51117,100
24581,51125,100
24586,51143,100
24588,51031,100
24589,51083,100
24590,51003,41.27
24590,51029,24.2
24590,51065,34.53
24592,51083,100
24593,51011,100
24594,51083,30.89
24594,51143,69.11
24595,51009,100
24597,51083,90.21
24597,51143,9.79
24598,51083,98.29
24598,51117,1.71
24599,51029,55.28
24599,51125,44.72
24601,51185,100
24602,51185,100
24603,51027,100
24604,51185,76.61
24604,54047,23.39
24605,51185,100
24606,51185,100
24607,51027,80.09
24607,51051,19.91
24609,51167,24.88
24609,51185,75.12
24612,51185,100
24613,51185,100
24614,51027,100
24620,51027,100
24622,51027,53.11
24622,51185,46.89
24628,51027,100
24630,51185,100
24631,51027,100
24634,51027,100
24635,51185,100
24637,51185,100
24639,51027,34.73
24639,51167,0.48
24639,51185,64.79
24641,51185,100
24646,51027,100
24649,51027,0.36
24649,51167,99.64
24651,51185,100
24656,51027,100
24657,51027,100
24701,54055,100
24712,54055,100
24714,54055,100
24715,54055,100
24716,54109,100
24719,54109,100
24724,54055,100
24726,54109,100
24729,54055,100
24731,54055,100
24733,54055,100
24736,54055,83.48
24736,54109,16.52
24737,54055,100
24738,54055,100
24740,54055,100
24747,54055,100
24801,54047,92.69
24801,54109,7.31
24808,54047,100
24811,54047,100
24813,54047,100
24815,54047,100
24816,54047,100
24817,54047,100
24818,54109,100
24822,54109,100
24823,54109,100
24826,54047,100
24827,54109,100
24828,54047,96.01
24828,54109,3.99
24830,54047,100
24831,54047,100
24834,54109,100
24836,54047,100
24839,54109,100
24843,54047,100
24844,54047,100
24845,54109,100
24846,54047,37.7
24846,54059,62.3
24847,54109,100
24848,54047,100
24849,54109,100
24850,54047,100
24851,54059,94.99
24851,54109,5.01
24853,54047,100
24854,54109,100
24857,54109,100
24860,54109,100
24861,54047,100
24862,54047,100
24866,54047,100
24867,54109,100
24868,54047,100
24869,54109,100
24870,54109,100
24871,54047,100
24872,54047,100
24873,54047,100
24874,54109,100
24878,54047,100
24879,54047,100
24880,54109,100
24881,54047,100
24882,54109,100
24884,54047,100
24887,54047,100
24888,54047,100
24892,54047,100
24894,54047,100
24898,54109,100
24901,54025,100
24910,54025,45.22
24910,54063,17.8
24910,54089,36.99
24915,54075,100
24916,54025,100
24918,54063,93.14
24918,54089,6.86
24920,54075,100
24924,54075,100
24925,54025,90.48
24925,54063,9.52
24927,54075,100
24931,54025,100
24934,54075,100
24935,54089,100
24938,54025,100
24941,54063,100
24944,54075,100
24945,54063,100
24946,54075,100
24951,54063,100
24954,54075,100
24957,54025,100
24962,54089,100
24963,54063,96.63
24963,54089,3.37
24966,54025,100
24970,54025,98.91
24970,54063,1.09
24974,54063,100
24976,54025,5.17
24976,54063,94.83
24977,54025,100
24981,54063,10.3
24981,54089,89.7
24983,54063,100
24984,54063,100
24986,54025,99.31
24986,54075,0.69
24991,54025,100
25002,54019,100
25003,54039,43.6
25003,54043,56.4
25005,54087,100
25007,54081,100
25008,54081,100
25009,54005,100
25011,54079,100
25015,54039,100
25019,54015,100
25021,54005,100
25022,54045,100
25024,54005,100
25025,54039,100
25028,54005,100
25030,54015,100
25031,54019,100
25033,54079,100
25035,54039,100
25036,54019,88.25
25036,54039,11.75
25039,54039,100
25040,54019,100
25043,54015,96.93
25043,54067,3.07
25044,54081,100
25045,54015,7.22
25045,54039,79.68
25045,54087,13.1
25047,54005,39.17
25047,54045,60.83
25048,54081,100
25049,54005,100
25051,54005,100
25053,54005,100
25054,54039,100
25057,54019,100
25059,54019,56.93
25059,54067,43.07
25060,54081,100
25061,54039,100
25062,54081,100
25063,54007,58.49
25063,54015,38.79
25063,54067,2.73
25064,54039,100
25067,54039,100
25070,54079,100
25071,54039,98.93
25071,54087,1.07
25075,54039,100
25076,54045,100
25081,54005,100
25082,54053,31.2
25082,54079,68.8
25083,54019,6.25
25083,54039,93.75
25085,54019,100
25086,54039,100
25088,54015,100
25090,54019,100
25093,54005,100
25102,54039,100
25103,54039,100
25106,54053,100
25107,54039,100
25108,54005,91.62
25108,54045,8.38
25109,54079,100
25110,54039,100
25111,54015,80.12
25111,54067,19.88
25112,54039,100
25113,54015,100
25114,54005,100
25115,54019,100
25118,54019,100
25119,54019,100
25121,54045,100
25123,54053,83.59
25123,54079,16.41
25124,54035,2.72
25124,54039,0.66
25124,54079,96.62
25125,54015,88.53
25125,54067,11.47
25126,54039,100
25130,54005,100
25132,54039,100
25133,54015,100
25134,54039,100
25136,54019,58.68
25136,54039,41.32
25139,54019,100
25140,54081,100
25141,54015,100
25142,54005,100
25143,54039,73.84
25143,54079,26.16
25148,54005,100
25149,54005,100
25152,54019,100
25154,54005,100
25156,54039,100
25159,54079,100
25160,54039,100
25161,54019,100
25162,54039,100
25164,54015,80.99
25164,54087,19.01
25165,54005,100
25168,54079,100
25169,54005,100
25173,54019,100
25174,54081,100
25177,54039,99.81
25177,54079,0.19
25180,54081,100
25181,54005,100
25183,54045,100
25185,54019,100
25186,54019,100
25187,54053,100
25193,54005,100
25201,54039,100
25202,54039,85.47
25202,54043,14.53
25203,54005,100
25204,54005,100
25205,54005,100
25206,54005,100
25208,54005,100
25209,54005,66.18
25209,54081,33.82
25211,54015,100
25213,54079,100
25214,54039,100
25234,54013,100
25235,54013,89.57
25235,54015,10.43
25239,54035,95.5
25239,54053,4.5
25241,54035,88.6
25241,54053,11.4
25243,54087,100
25244,54035,87.98
25244,54087,12.02
25245,54035,85.52
25245,54079,14.48
25247,54053,100
25248,54035,99.32
25248,54039,0.68
25251,54087,100
25252,54035,58.26
25252,54087,19.61
25252,54105,22.13
25253,54053,100
25259,54087,100
25260,54053,100
25261,54013,100
25262,54035,100
25264,54035,56.24
25264,54053,43.76
25265,54053,100
25266,54087,100
25267,54013,2.11
25267,54021,97.89
25268,54013,100
25270,54087,100
25271,54035,100
25275,54035,100
25276,54087,100
25285,54015,100
25286,54087,100
25287,54053,100
25301,54039,100
25302,54039,100
25303,54039,100
25304,54039,100
25305,54039,0
25306,54039,100
25309,54039,100
25311,54039,100
25312,54039,100
25313,54039,100
25314,54039,100
25315,54039,100
25320,54039,100
25401,54003,100
25403,54003,100
25404,54003,100
25405,54003,100
25411,54065,100
25413,54003,100
25414,54037,100
25419,54003,100
25420,54003,100
25422,54027,0.88
25422,54065,99.12
25425,54037,100
25427,54003,83.68
25427,54065,16.32
25428,54003,100
25430,54003,20.65
25430,54037,79.35
25431,54027,100
25432,54037,100
25434,54027,64.89
25434,54065,35.11
25437,54027,100
25438,54037,100
25442,54037,100
25443,54003,2.12
25443,54037,97.88
25444,54027,100
25446,54037,100
25501,54043,100
25502,54053,100
25503,54053,100
25504,54011,99.21
25504,54099,0.79
25505,54043,14.68
25505,54045,85.32
25506,54011,13.54
25506,54043,86.46
25507,54099,100
25508,54005,7.59
25508,54045,92.41
25510,54011,63.95
25510,54043,4.63
25510,54079,31.42
25511,54099,100
25512,54099,100
25514,54099,100
25515,54053,100
25517,54099,100
25520,54011,43.37
25520,54053,56.63
25521,54043,100
25523,54043,94.11
25523,54079,5.89
25524,54043,80.29
25524,54045,19.71
25526,54053,0.09
25526,54079,99.91
25529,54005,98.22
25529,54043,1.78
25530,54099,100
25534,54043,4.26
25534,54099,95.74
25535,54099,100
25537,54011,100
25540,54043,100
25541,54011,89.64
25541,54053,10.36
25545,54011,100
25547,54045,100
25550,54053,100
25555,54099,100
25557,54043,100
25559,54011,100
25560,54079,100
25564,54043,100
25565,54005,46.7
25565,54043,53.3
25567,54043,100
25570,54099,100
25571,54043,100
25573,54043,100
25601,54045,100
25606,54045,100
25607,54045,100
25608,54059,100
25611,54045,100
25617,54045,100
25621,54059,100
25624,54045,100
25625,54045,100
25628,54045,100
25630,54045,100
25632,54045,100
25634,54045,100
25635,54045,100
25637,54045,100
25638,54045,100
25639,54045,100
25644,54045,100
25646,54045,100
25647,54045,100
25649,54045,100
25650,54045,18.1
25650,54059,81.9
25651,54059,100
25652,54045,100
25653,54045,100
25654,54045,100
25661,54059,100
25666,54059,100
25669,54099,100
25670,54059,100
25671,54059,100
25672,54059,100
25674,54059,64.74
25674,54099,35.26
25676,54059,100
25678,54059,100
25688,54059,100
25690,54059,100
25692,54059,100
25696,54059,100
25699,54099,100
25701,54011,93.93
25701,54099,6.07
25702,54011,100
25703,54011,100
25704,54011,30.39
25704,54099,69.61
25705,54011,100
25801,54081,100
25810,54109,100
25811,54081,49.35
25811,54109,50.65
25812,54019,100
25813,54081,100
25817,54081,100
25818,54081,100
25820,54055,100
25823,54081,100
25825,54081,91.84
25825,54089,8.16
25826,54109,100
25827,54081,100
25831,54019,100
25832,54081,100
25836,54081,100
25837,54019,100
25839,54081,100
25840,54019,100
25841,54055,87.48
25841,54089,12.52
25843,54081,100
25844,54081,100
25845,54109,100
25846,54019,100
25848,54109,100
25849,54081,100
25853,54081,100
25854,54019,100
25855,54019,100
25857,54081,100
25862,54019,100
25864,54019,90.29
25864,54081,9.71
25865,54081,100
25868,54019,100
25870,54109,100
25871,54081,100
25873,54081,100
25875,54109,100
25876,54109,100
25878,54081,100
25879,54019,100
25880,54019,36.71
25880,54081,63.29
25882,54109,100
25901,54019,100
25902,54055,19.52
25902,54081,80.48
25904,54019,100
25906,54081,100
25907,54019,100
25908,54081,100
25911,54081,100
25913,54109,100
25915,54081,100
25916,54109,100
25917,54019,100
25918,54081,100
25920,54081,100
25921,54081,100
25922,54055,100
25928,54109,100
25932,54081,100
25936,54019,100
25938,54019,100
25942,54019,100
25951,54081,2.45
25951,54089,97.55
25958,54025,100
25962,54019,24.83
25962,54025,75.17
25969,54089,100
25971,54055,100
25972,54025,100
25976,54019,54.6
25976,54025,11.3
25976,54089,34.1
25977,54089,100
25978,54089,100
25979,54055,5.04
25979,54089,94.96
25981,54025,78.13
25981,54067,21.87
25984,54025,100
25985,54089,100
25989,54081,100
26003,54009,0.72
26003,54051,10.22
26003,54069,89.06
26030,54009,100
26031,54051,100
26032,54009,100
26033,54051,100
26034,54029,100
26035,54009,100
26036,54051,100
26037,54009,100
26038,54051,100
26039,54051,100
26040,54051,100
26041,54051,100
26047,54029,100
26050,54029,100
26055,54051,71.07
26055,54103,28.93
26056,54029,100
26059,54069,100
26060,54069,100
26062,54009,17.98
26062,54029,82.02
26070,54009,100
26074,54069,100
26075,54009,100
26101,54107,100
26104,54107,100
26105,54107,100
26133,54107,100
26134,54073,100
26136,54013,100
26137,54013,66.67
26137,54021,27.05
26137,54085,6.28
26138,54105,100
26141,54013,59.89
26141,54105,40.11
26142,54107,100
26143,54013,0.62
26143,54035,2.33
26143,54085,0.9
26143,54105,89.16
26143,54107,6.99
26146,54073,29.91
26146,54095,70.09
26147,54013,100
26148,54085,100
26149,54095,100
26150,54107,100
26151,54013,100
26152,54105,100
26155,54051,0.43
26155,54095,4.09
26155,54103,95.48
26159,54095,30.53
26159,54103,69.47
26160,54105,100
26161,54085,99.17
26161,54105,0.83
26164,54035,99.21
26164,54107,0.79
26167,54103,100
26169,54107,100
26170,54073,98.04
26170,54085,1.96
26175,54095,100
26178,54085,100
26180,54105,5.82
26180,54107,94.18
26181,54107,100
26184,54073,12.24
26184,54107,87.76
26187,54107,100
26201,54001,2.34
26201,54041,1.05
26201,54097,96.61
26202,54067,100
26203,54101,100
26205,54067,100
26206,54101,100
26208,54067,1.75
26208,54101,98.25
26209,54075,100
26215,54101,100
26217,54101,100
26218,54097,100
26222,54101,100
26224,54083,81.9
26224,54097,18.1
26228,54097,100
26230,54083,100
26234,54097,100
26236,54097,100
26237,54097,100
26238,54001,82.41
26238,54097,17.59
26241,54083,100
26250,54001,90.27
26250,54083,9.73
26253,54083,100
26254,54083,100
26257,54083,100
26259,54083,100
26260,54093,100
26261,54025,2.7
26261,54067,97.3
26263,54083,62.97
26263,54093,37.03
26264,54075,100
26266,54101,100
26267,54001,8.13
26267,54083,55.01
26267,54097,36.86
26268,54083,100
26269,54093,100
26270,54083,100
26271,54093,100
26273,54083,100
26275,54001,100
26276,54083,80.06
26276,54093,19.94
26278,54083,100
26280,54083,100
26282,54083,100
26283,54001,12.75
26283,54083,75.26
26283,54093,12
26285,54083,100
26287,54093,100
26288,54101,100
26291,54075,100
26292,54093,100
26293,54083,100
26294,54083,100
26296,54083,100
26298,54101,100
26301,54033,100
26320,54095,100
26321,54041,100
26323,54033,100
26325,54085,100
26327,54085,100
26330,54001,0.99
26330,54033,86.75
26330,54091,12.26
26335,54007,83.6
26335,54021,16.4
26337,54085,100
26338,54041,100
26339,54017,100
26342,54021,100
26343,54041,62.02
26343,54097,37.98
26346,54073,11.42
26346,54085,88.58
26347,54001,23.5
26347,54091,76.5
26348,54103,100
26349,54001,100
26351,54021,100
26354,54049,0.28
26354,54091,99.72
26361,54033,100
26362,54085,100
26366,54033,100
26369,54033,100
26372,54041,100
26374,54061,10.04
26374,54077,85.45
26374,54091,4.51
26376,54007,34.99
26376,54041,65.01
26377,54095,28.57
26377,54103,71.43
26378,54033,25
26378,54041,75
26384,54021,90.19
26384,54041,9.81
26385,54033,100
26386,54033,100
26404,54033,100
26405,54001,93.38
26405,54077,6.62
26408,54033,100
26410,54077,100
26411,54017,100
26412,54007,39.01
26412,54021,11.17
26412,54041,49.82
26415,54017,27.37
26415,54085,68.38
26415,54095,4.26
26416,54001,100
26419,54103,100
26421,54085,100
26422,54033,100
26424,54091,100
26425,54077,100
26426,54017,33.87
26426,54033,66.13
26430,54021,100
26431,54033,90.4
26431,54091,9.6
26435,54091,100
26436,54017,100
26437,54049,1.55
26437,54103,98.45
26438,54033,100
26440,54001,9.25
26440,54077,27.4
26440,54091,63.35
26443,54017,6.2
26443,54021,93.8
26444,54077,100
26447,54041,100
26448,54017,1.76
26448,54033,91.91
26448,54049,6.33
26451,54033,100
26452,54041,100
26456,54017,94.38
26456,54085,1.42
26456,54095,4.2
26501,54061,100
26505,54061,100
26508,54061,100
26519,54077,100
26520,54077,100
26521,54061,100
26525,54077,100
26534,54061,100
26537,54077,100
26541,54061,100
26542,54061,10.25
26542,54077,89.75
26543,54061,100
26547,54077,100
26554,54033,0.56
26554,54049,95.61
26554,54061,2.2
26554,54091,1.64
26559,54049,100
26560,54049,100
26562,54061,37.7
26562,54103,62.3
26563,54049,100
26568,54033,100
26570,54049,44.7
26570,54061,55.3
26571,54049,100
26572,54049,100
26574,54049,100
26575,54103,100
26576,54049,100
26581,54103,100
26582,54033,1.05
26582,54049,98.95
26585,54049,81
26585,54103,19
26586,54049,100
26587,54049,100
26588,54049,88.74
26588,54061,11.26
26590,54061,100
26591,54033,8.27
26591,54049,91.73
26601,54007,100
26610,54067,96.42
26610,54101,3.58
26611,54021,100
26615,54007,100
26617,54015,73.26
26617,54067,26.74
26619,54007,100
26621,54007,100
26623,54007,100
26624,54007,100
26627,54007,100
26629,54007,100
26631,54007,100
26636,54007,39.43
26636,54013,8.42
26636,54021,52.16
26638,54013,29.21
26638,54021,70.79
26651,54067,100
26656,54019,10.47
26656,54067,89.53
26660,54067,100
26662,54067,100
26676,54067,100
26678,54067,100
26679,54067,100
26680,54019,50.59
26680,54025,25.59
26680,54067,23.82
26681,54067,100
26684,54067,100
26690,54019,54.62
26690,54067,45.38
26691,54067,85.85
26691,54101,14.15
26704,54027,100
26705,54077,100
26707,54023,100
26710,54023,4.31
26710,54027,8.77
26710,54057,86.92
26711,54027,100
26714,54027,100
26716,54077,100
26717,54023,14.1
26717,54057,85.9
26719,54057,100
26720,54023,100
26722,54027,100
26726,54023,1.78
26726,54057,98.22
26731,54023,100
26739,54023,100
26743,54023,19.16
26743,54057,80.84
26750,54057,100
26753,54057,100
26755,54027,53.9
26755,54031,46.1
26757,54027,100
26761,54027,100
26763,54027,81.69
26763,54057,18.31
26764,54077,100
26767,54057,100
26801,54031,100
26802,54071,100
26804,54071,100
26807,54071,100
26808,54027,100
26810,54031,100
26812,54031,100
26814,54071,100
26815,54071,100
26817,54027,100
26818,54031,100
26823,54027,100
26833,54023,100
26836,54031,100
26845,54031,100
26847,54023,99.78
26847,54071,0.22
26851,54027,5.14
26851,54031,94.86
26852,54027,72.84
26852,54031,27.16
26855,54023,93.58
26855,54071,6.42
26865,54027,100
26866,54071,100
26884,54071,100
27006,37059,100
27007,37171,100
27009,37067,99.7
27009,37169,0.3
27011,37197,100
27012,37057,19.96
27012,37067,80.04
27013,37097,28.91
27013,37159,71.09
27014,37059,100
27016,37169,100
27017,37171,100
27018,37197,100
27019,37067,36.93
27019,37169,63.07
27020,37097,6.7
27020,37193,6.06
27020,37197,87.24
27021,37067,0.76
27021,37169,99.24
27022,37169,100
27023,37067,100
27024,37171,100
27025,37157,79.57
27025,37169,20.43
27027,37157,100
27028,37059,99.83
27028,37097,0.17
27030,37169,0.87
27030,37171,99.13
27040,37067,100
27041,37169,16.8
27041,37171,83.2
27042,37169,100
27043,37067,0.17
27043,37169,57.28
27043,37171,42.55
27045,37067,98.18
27045,37169,1.82
27046,37169,100
27047,37171,100
27048,37157,100
27050,37067,84
27050,37169,16
27051,37067,100
27052,37067,12.3
27052,37169,87.7
27053,37169,91.75
27053,37171,8.25
27054,37159,100
27055,37059,0.24
27055,37097,0.37
27055,37197,99.39
27101,37067,100
27103,37067,100
27104,37067,100
27105,37067,100
27106,37067,100
27107,37057,26.53
27107,37067,73.47
27109,37067,100
27110,37067,100
27127,37057,12.1
27127,37067,87.9
27201,37001,100
27203,37151,100
27205,37151,100
27207,37037,100
27208,37037,53.4
27208,37125,12.29
27208,37151,34.31
27209,37123,92.22
27209,37125,7.78
27212,37033,100
27214,37081,95.55
27214,37157,4.45
27215,37001,96.32
27215,37081,3.68
27217,37001,96.9
27217,37033,3.1
27229,37123,100
27231,37135,100
27233,37081,37.76
27233,37151,62.24
27235,37081,100
27239,37057,73.4
27239,37151,26.6
27242,37125,100
27243,37135,100
27244,37001,89.44
27244,37033,7.96
27244,37081,2.6
27248,37151,100
27249,37001,27.04
27249,37033,4.86
27249,37081,67.34
27249,37157,0.76
27252,37037,100
27253,37001,100
27258,37001,100
27260,37081,98.9
27260,37151,1.1
27262,37057,6.37
27262,37081,93.63
27263,37081,32.06
27263,37151,67.94
27265,37057,16.35
27265,37067,1.01
27265,37081,82.64
27278,37063,5.79
27278,37135,94.21
27281,37123,45.55
27281,37125,54.45
27282,37081,100
27283,37081,97.61
27283,37151,2.39
27284,37057,1.01
27284,37067,94.06
27284,37081,4.93
27288,37157,100
27291,37033,59.75
27291,37145,40.25
27292,37057,99.85
27292,37151,0.15
27295,37057,100
27298,37001,23.81
27298,37037,0.36
27298,37081,15.55
27298,37151,60.28
27299,37057,100
27301,37081,100
27302,37001,68.81
27302,37033,3.38
27302,37135,27.82
27305,37033,97.74
27305,37145,2.26
27306,37123,94.82
27306,37153,5.18
27310,37081,100
27311,37033,84.3
27311,37157,15.7
27312,37001,0.29
27312,37037,99.71
27313,37081,67.05
27313,37151,32.95
27314,37033,100
27315,37033,100
27316,37151,100
27317,37081,3.14
27317,37151,96.86
27320,37033,5.26
27320,37081,0.55
27320,37157,94.19
27325,37125,99.43
27325,37151,0.57
27326,37033,33.06
27326,37157,66.94
27330,37037,2.04
27330,37085,0.03
27330,37105,97.49
27330,37125,0.45
27332,37085,39.78
27332,37105,60.22
27340,37001,100
27341,37123,10.3
27341,37125,24.63
27341,37151,65.07
27343,37033,28.67
27343,37145,71.33
27344,37037,98.4
27344,37151,1.6
27349,37001,94.18
27349,37037,5.82
27350,37151,100
27355,37037,20.6
27355,37151,79.4
27356,37123,90.55
27356,37125,9.45
27357,37081,44.27
27357,37157,55.64
27357,37169,0.09
27358,37081,82.31
27358,37157,17.69
27360,37057,92.32
27360,37151,7.68
27370,37151,100
27371,37123,97.43
27371,37151,2.57
27376,37125,100
27377,37081,100
27379,37033,100
27401,37081,100
27403,37081,100
27405,37081,100
27406,37081,100
27407,37081,100
27408,37081,100
27409,37081,100
27410,37081,100
27455,37081,100
27501,37085,69.36
27501,37101,29.24
27501,37183,1.4
27502,37037,0.28
27502,37183,99.72
27503,37063,100
27504,37085,3.7
27504,37101,96.3
27505,37085,78.24
27505,37105,21.76
27507,37077,87.51
27507,37181,12.49
27508,37069,100
27509,37077,100
27510,37135,100
27511,37183,100
27513,37183,100
27514,37135,100
27516,37037,8.67
27516,37135,91.33
27517,37037,35.31
27517,37063,24.17
27517,37135,40.53
27518,37183,100
27519,37037,3.66
27519,37183,96.34
27520,37101,97.34
27520,37183,2.66
27521,37085,100
27522,37077,96.99
27522,37183,3.01
27523,37037,22.68
27523,37183,77.32
27524,37101,97.58
27524,37191,2.42
27525,37069,67.55
27525,37077,32.45
27526,37085,20.38
27526,37183,79.62
27527,37101,100
27529,37101,25.18
27529,37183,74.82
27530,37191,100
27531,37191,100
27534,37191,100
27536,37181,100
27537,37069,3.75
27537,37181,94.13
27537,37185,2.11
27539,37183,100
27540,37037,0.02
27540,37085,3.55
27540,37183,96.42
27541,37033,0.42
27541,37135,33.4
27541,37145,66.18
27542,37101,70.29
27542,37191,7.56
27542,37195,22.15
27544,37069,21.94
27544,37077,11.26
27544,37181,66.8
27545,37183,100
27546,37085,100
27549,37069,100
27551,37185,100
27553,37181,30.27
27553,37185,69.73
27555,37101,100
27556,37181,100
27557,37101,42.11
27557,37127,56.81
27557,37195,1.08
27559,37037,100
27560,37063,11.86
27560,37183,88.14
27562,37037,56.19
27562,37183,43.81
27563,37181,2.16
27563,37185,97.84
27565,37077,96.85
27565,37145,0.44
27565,37181,2.71
27568,37101,100
27569,37101,72.58
27569,37191,27.42
27571,37183,100
27572,37063,29.27
27572,37077,6.66
27572,37135,27.47
27572,37145,36.6
27573,37145,100
27574,37145,100
27576,37101,100
27577,37101,100
27581,37077,100
27582,37077,100
27583,37135,2.54
27583,37145,97.46
27587,37069,3.33
27587,37077,3.62
27587,37183,93.05
27589,37069,2.96
27589,37185,97.04
27591,37101,19.67
27591,37183,80.33
27592,37085,0.22
27592,37101,41.8
27592,37183,57.98
27596,37069,88.53
27596,37077,7.13
27596,37183,4.33
27597,37069,25.22
27597,37101,13.95
27597,37127,5.52
27597,37183,55.31
27601,37183,100
27603,37101,3.13
27603,37183,96.87
27604,37183,100
27605,37183,100
27606,37183,100
27607,37183,100
27608,37183,100
27609,37183,100
27610,37183,100
27612,37183,100
27613,37063,2.11
27613,37183,97.89
27614,37183,100
27615,37183,100
27616,37183,100
27617,37063,0.75
27617,37183,99.25
27701,37063,100
27703,37063,100
27703,37183,0
27704,37063,100
27705,37063,90.43
27705,37135,9.57
27707,37063,99.54
27707,37135,0.46
27709,37063,100
27712,37063,100
27713,37037,1.5
27713,37063,98.5
27801,37065,100
27803,37065,1.64
27803,37127,96.23
27803,37195,2.12
27804,37127,100
27805,37015,49.3
27805,37091,50.7
27806,37013,100
27807,37127,94.3
27807,37195,5.7
27808,37013,100
27809,37065,42.07
27809,37127,57.93
27810,37013,88.97
27810,37095,11.03
27812,37065,5.51
27812,37117,3.55
27812,37147,90.94
27813,37195,100
27814,37013,100
27816,37069,45.31
27816,37127,54.69
27817,37013,100
27818,37091,100
27819,37065,100
27820,37131,100
27821,37013,100
27822,37065,6.9
27822,37127,18.9
27822,37195,74.2
27823,37083,100
27824,37095,100
27825,37117,100
27826,37095,93.4
27826,37177,6.6
27827,37147,100
27828,37079,12.02
27828,37147,87.98
27829,37065,18.65
27829,37147,69.84
27829,37195,11.5
27830,37191,93.96
27830,37195,6.04
27831,37131,100
27832,37131,100
27834,37013,0.08
27834,37065,0.08
27834,37147,99.84
27837,37013,5.12
27837,37147,94.88
27839,37083,100
27840,37117,100
27841,37117,100
27842,37131,86.4
27842,37185,13.6
27843,37065,20.83
27843,37083,61.88
27843,37117,17.29
27844,37083,81.97
27844,37185,18.03
27845,37131,100
27846,37117,100
27847,37015,100
27849,37015,100
27850,37083,62.87
27850,37185,37.13
27851,37195,100
27852,37065,85.79
27852,37147,3.93
27852,37195,10.28
27853,37131,100
27855,37091,92.58
27855,37131,7.42
27856,37127,100
27857,37117,100
27858,37147,100
27860,37013,88.78
27860,37095,5.08
27860,37187,6.14
27861,37117,100
27862,37131,100
27863,37079,0.91
27863,37191,99.09
27864,37065,100
27865,37013,100
27866,37131,100
27869,37131,100
27870,37083,100
27871,37013,0.3
27871,37117,87.08
27871,37147,12.62
27872,37015,100
27873,37195,100
27874,37083,100
27875,37095,100
27876,37131,100
27878,37065,8.03
27878,37127,62.82
27878,37195,29.16
27879,37147,100
27880,37127,4.66
27880,37195,95.34
27881,37065,100
27882,37069,13.19
27882,37127,86.81
27883,37079,26.2
27883,37191,17
27883,37195,56.8
27884,37147,100
27885,37095,100
27886,37065,98.43
27886,37147,1.57
27888,37079,93.36
27888,37147,4.88
27888,37195,1.76
27889,37013,91.78
27889,37147,8.22
27890,37083,100
27891,37065,35.26
27891,37083,3.46
27891,37127,61.28
27892,37013,0.32
27892,37117,99.68
27893,37195,100
27896,37127,3
27896,37195,97
27897,37091,6.05
27897,37131,93.95
27909,37029,0.09
27909,37139,99.91
27910,37015,10.06
27910,37091,89.94
27915,37055,100
27916,37053,100
27917,37053,100
27919,37041,14.25
27919,37143,85.75
27920,37055,100
27921,37029,100
27922,37091,100
27923,37053,100
27924,37015,99.14
27924,37091,0.86
27925,37177,100
27926,37073,100
27927,37053,100
27928,37177,4.88
27928,37187,95.12
27929,37053,100
27932,37041,100
27935,37073,100
27936,37055,100
27937,37073,100
27938,37073,100
27939,37053,100
27941,37053,100
27942,37091,100
27943,37055,100
27944,37143,100
27946,37041,14.91
27946,37073,85.09
27947,37053,100
27948,37055,100
27949,37055,100
27950,37053,100
27953,37055,100
27954,37055,100
27956,37053,100
27957,37015,100
27958,37053,100
27959,37055,100
27960,37095,100
27962,37187,100
27964,37053,100
27965,37053,100
27966,37053,100
27967,37015,100
27968,37055,100
27970,37187,100
27972,37055,100
27973,37029,30.46
27973,37053,69.54
27974,37029,100
27976,37029,100
27978,37055,100
27979,37073,100
27980,37041,86.62
27980,37143,13.38
27981,37055,100
27982,37055,100
27983,37015,100
27985,37143,100
27986,37091,100
28001,37167,100
28006,37071,64.6
28006,37109,35.4
28007,37007,100
28009,37167,100
28012,37071,100
28016,37071,100
28017,37045,100
28018,37161,100
28019,37161,100
28020,37045,96.94
28020,37161,3.06
28021,37045,20.28
28021,37071,65.4
28021,37109,14.32
28023,37159,100
28025,37025,100
28027,37025,100
28031,37119,100
28032,37071,100
28033,37071,33.94
28033,37109,66.06
28034,37071,100
28036,37025,17.97
28036,37097,2.83
28036,37119,79.21
28037,37035,9.71
28037,37109,90.29
28039,37159,100
28040,37045,1.62
28040,37161,98.38
28043,37161,100
28052,37071,100
28054,37071,100
28056,37071,100
28071,37025,24.95
28071,37159,69.27
28071,37167,5.78
28072,37159,100
28073,37045,100
28075,37025,100
28076,37161,100
28077,37071,100
28078,37025,4.35
28078,37119,95.65
28079,37179,100
28080,37109,100
28081,37025,57.76
28081,37159,42.24
28083,37025,76.45
28083,37159,23.55
28086,37045,85.74
28086,37071,14.26
28088,37159,100
28089,37045,100
28090,37023,0.38
28090,37035,0.49
28090,37045,97.13
28090,37109,1.99
28091,37007,100
28092,37035,0.99
28092,37071,5.31
28092,37109,93.7
28097,37025,3.65
28097,37167,96.35
28098,37071,100
28101,37071,100
28102,37007,100
28103,37007,0.68
28103,37179,99.32
28104,37119,1.97
28104,37179,98.03
28105,37119,98.9
28105,37179,1.1
28107,37025,92.14
28107,37119,5.12
28107,37167,1.14
28107,37179,1.6
28108,37179,100
28109,37167,100
28110,37179,100
28112,37179,100
28114,37045,40.61
28114,37161,59.39
28115,37097,93.22
28115,37159,6.78
28117,37097,100
28119,37007,100
28120,37071,100
28124,37025,90.83
28124,37167,9.17
28125,37097,20.44
28125,37159,79.56
28127,37057,2.52
28127,37123,21.03
28127,37167,76.46
28128,37167,100
28129,37167,100
28133,37007,95.62
28133,37179,4.38
28134,37119,100
28135,37007,100
28137,37159,23.46
28137,37167,76.54
28138,37025,8.22
28138,37159,91.78
28139,37149,4.95
28139,37161,95.05
28144,37159,100
28146,37159,100
28147,37159,100
28150,37045,99.98
28150,37161,0.02
28152,37045,100
28159,37159,100
28160,37161,100
28163,37167,100
28164,37071,66.28
28164,37109,33.72
28166,37097,100
28167,37111,5.76
28167,37161,94.24
28168,37035,34.15
28168,37109,65.85
28169,37045,100
28170,37007,100
28173,37179,100
28174,37179,100
28202,37119,100
28203,37119,100
28204,37119,100
28205,37119,100
28206,37119,100
28207,37119,100
28208,37119,100
28209,37119,100
28210,37119,100
28211,37119,100
28212,37119,100
28213,37025,2.24
28213,37119,97.76
28214,37119,100
28215,37025,2.83
28215,37119,97.17
28216,37119,100
28217,37119,100
28226,37119,100
28227,37119,99.02
28227,37179,0.98
28244,37119,0
28262,37025,0.01
28262,37119,99.99
28269,37025,5.01
28269,37119,94.99
28270,37119,100
28273,37119,100
28277,37119,100
28278,37119,100
28280,37119,100
28282,37119,0
28301,37051,100
28303,37051,100
28304,37051,99.18
28304,37093,0.82
28305,37051,100
28306,37017,0.49
28306,37051,98.14
28306,37093,1.37
28307,37051,100
28308,37051,100
28310,37051,100
28311,37051,100
28312,37017,1.26
28312,37051,98.74
28314,37051,100
28315,37093,13.3
28315,37125,86.7
28318,37051,16.38
28318,37163,83.62
28320,37017,97.15
28320,37047,2.85
28323,37085,100
28325,37061,100
28326,37085,75.17
28326,37105,7.84
28326,37125,16.99
28327,37125,100
28328,37163,100
28330,37153,100
28332,37017,100
28333,37191,100
28334,37051,1.97
28334,37085,64.52
28334,37101,5.58
28334,37163,27.94
28337,37017,100
28338,37153,100
28339,37085,100
28340,37155,100
28341,37061,53.75
28341,37163,46.25
28342,37051,100
28343,37165,100
28344,37051,27.44
28344,37163,72.56
28345,37153,98.79
28345,37165,1.21
28347,37125,0.76
28347,37153,99.24
28348,37051,100
28349,37061,100
28350,37125,100
28351,37165,100
28352,37165,100
28356,37051,73.61
28356,37085,26.39
28357,37093,37.98
28357,37155,62.02
28358,37155,100
28360,37155,100
28363,37153,40.18
28363,37165,59.82
28364,37093,0.57
28364,37155,96.27
28364,37165,3.17
28365,37061,36.74
28365,37163,1.38
28365,37191,61.88
28366,37101,18.89
28366,37163,81.11
28367,37153,100
28369,37155,100
28371,37051,37.11
28371,37093,2.95
28371,37155,59.95
28372,37155,100
28373,37125,100
28374,37125,100
28375,37155,100
28376,37093,100
28377,37093,30.7
28377,37155,69.3
28379,37153,100
28382,37051,11.71
28382,37163,88.29
28383,37155,100
28384,37017,6.98
28384,37051,3.81
28384,37155,89.21
28385,37163,100
28386,37093,19.09
28386,37155,80.91
28387,37125,100
28390,37051,48.88
28390,37085,51.12
28391,37051,100
28392,37017,100
28393,37061,0.25
28393,37163,99.75
28394,37125,100
28395,37051,100
28396,37165,100
28398,37061,100
28399,37017,100
28401,37129,100
28403,37129,100
28405,37129,100
28409,37129,100
28411,37129,94.69
28411,37141,5.31
28412,37129,100
28420,37019,100
28421,37141,100
28422,37019,100
28423,37017,10.04
28423,37047,89.96
28424,37047,100
28425,37141,100
28428,37129,100
28429,37129,100
28430,37047,100
28431,37047,100
28432,37047,100
28433,37017,77.5
28433,37047,22.5
28434,37017,100
28435,37141,100
28436,37019,0.32
28436,37047,99.68
28438,37017,2.6
28438,37047,97.4
28439,37047,100
28441,37017,33.15
28441,37163,66.85
28442,37047,100
28443,37141,100
28444,37017,39.14
28444,37061,1.73
28444,37163,59.14
28445,37133,67.62
28445,37141,32.38
28447,37017,29.55
28447,37141,28.11
28447,37163,42.34
28448,37017,96.3
28448,37141,3.7
28449,37129,100
28450,37047,100
28451,37019,100
28452,37019,100
28453,37061,91.98
28453,37163,8.02
28454,37133,64.64
28454,37141,35.36
28455,37047,100
28456,37017,29.36
28456,37019,7.93
28456,37047,62.71
28457,37141,100
28458,37061,84.73
28458,37163,15.27
28460,37133,100
28461,37019,100
28462,37019,100
28463,37047,100
28464,37061,100
28465,37019,100
28466,37061,93.15
28466,37141,6.85
28467,37019,100
28468,37019,100
28469,37019,100
28470,37019,100
28472,37047,100
28478,37061,0.15
28478,37141,94.14
28478,37163,5.71
28479,37019,100
28480,37129,100
28501,37103,3.16
28501,37107,96.84
28504,37103,0.21
28504,37107,99.79
28508,37061,100
28510,37137,100
28511,37031,100
28512,37031,100
28513,37079,5.06
28513,37147,94.94
28515,37137,100
28516,37031,100
28518,37061,84.21
28518,37133,15.79
28519,37049,100
28520,37031,100
28521,37061,93.88
28521,37133,6.12
28523,37049,100
28524,37031,100
28525,37061,6.1
28525,37107,93.9
28526,37049,78.71
28526,37103,20.13
28526,37107,1.17
28527,37049,100
28528,37031,100
28529,37137,100
28530,37049,8.65
28530,37079,3.71
28530,37107,35.32
28530,37147,52.32
28531,37031,100
28532,37049,100
28533,37049,100
28537,37137,100
28538,37079,88.18
28538,37107,11.82
28539,37133,100
28540,37133,100
28543,37133,100
28544,37133,100
28546,37133,100
28547,37133,100
28551,37079,8.93
28551,37107,62.59
28551,37191,28.48
28552,37137,100
28553,37031,100
28554,37079,100
28555,37103,39.38
28555,37133,60.62
28556,37137,100
28557,37031,100
28560,37049,93.29
28560,37137,6.71
28562,37049,98.94
28562,37103,1.06
28570,37031,100
28571,37137,100
28572,37061,55.99
28572,37103,5.83
28572,37107,37.93
28572,37133,0.24
28573,37049,7.58
28573,37103,92.42
28574,37061,0.89
28574,37103,1.36
28574,37133,97.76
28575,37031,100
28577,37031,100
28578,37061,18.09
28578,37107,15.83
28578,37191,66.09
28579,37031,100
28580,37079,99.75
28580,37107,0.25
28581,37031,100
28582,37031,46.22
28582,37133,53.78
28583,37137,100
28584,37031,55.16
28584,37133,44.84
28585,37103,100
28586,37013,4.59
28586,37049,93.75
28586,37147,1.67
28587,37137,100
28589,37031,100
28590,37147,100
28594,37031,100
28601,37003,5.39
28601,37023,7.62
28601,37027,3.86
28601,37035,83.13
28602,37023,13.64
28602,37035,86.36
28604,37011,47.78
28604,37189,52.22
28605,37011,1.32
28605,37027,3.81
28605,37189,94.87
28606,37027,15.66
28606,37193,84.34
28607,37189,100
28609,37035,100
28610,37035,100
28611,37011,7.12
28611,37027,92.88
28612,37023,99.52
28612,37035,0.48
28613,37035,100
28615,37009,100
28616,37011,100
28617,37009,100
28618,37189,98.34
28618,37193,1.66
28619,37023,100
28621,37171,68.43
28621,37193,31.57
28622,37011,100
28623,37005,100
28624,37193,100
28625,37003,0.23
28625,37097,99.77
28626,37009,100
28627,37005,100
28628,37023,100
28629,37009,100
28630,37003,0.92
28630,37027,99.08
28631,37005,4.71
28631,37009,95.29
28634,37059,8.06
28634,37097,91.94
28635,37193,100
28636,37003,95.85
28636,37097,4.15
28637,37023,100
28638,37027,100
28640,37009,100
28642,37193,5.15
28642,37197,94.85
28643,37009,100
28644,37005,52.54
28644,37009,47.26
28644,37193,0.2
28645,37023,0.63
28645,37027,99.19
28645,37189,0.18
28646,37011,100
28647,37011,100
28649,37193,100
28650,37035,79.82
28650,37109,20.18
28651,37193,100
28652,37011,100
28654,37003,5.55
28654,37193,94.45
28655,37023,99.92
28655,37111,0.08
28657,37011,92.65
28657,37023,7.15
28657,37111,0.2
28658,37035,100
28659,37193,100
28660,37097,100
28662,37011,100
28663,37005,100
28665,37193,100
28666,37023,100
28667,37023,40.79
28667,37027,59.21
28668,37005,100
28669,37193,100
28670,37193,100
28671,37023,100
28672,37009,100
28673,37035,98.33
28673,37109,1.67
28675,37005,100
28676,37171,72.04
28676,37193,27.96
28677,37097,100
28678,37003,52.81
28678,37097,47.19
28679,37011,3.78
28679,37189,96.22
28681,37003,100
28682,37035,100
28683,37171,54.51
28683,37193,45.49
28684,37009,55.72
28684,37189,44.28
28685,37193,100
28689,37003,4.61
28689,37097,78.8
28689,37193,11.33
28689,37197,5.26
28690,37023,100
28692,37189,100
28693,37009,100
28694,37009,99.94
28694,37193,0.06
28697,37193,100
28698,37009,5.98
28698,37189,94.02
28701,37021,100
28702,37075,78.69
28702,37173,21.31
28704,37021,97.68
28704,37089,2.32
28705,37121,100
28707,37099,100
28708,37175,100
28709,37021,100
28711,37021,98.57
28711,37089,0.1
28711,37111,0.58
28711,37161,0.75
28712,37175,100
28713,37173,100
28714,37199,100
28715,37021,100
28716,37087,100
28717,37099,100
28718,37175,100
28719,37099,45.56
28719,37173,54.44
28720,37161,100
28721,37087,100
28722,37149,100
28723,37099,100
28725,37099,100
28726,37089,100
28729,37089,100
28730,37021,100
28731,37089,100
28732,37021,27.43
28732,37089,72.57
28733,37075,100
28734,37113,100
28735,37089,100
28736,37099,100
28739,37089,99.14
28739,37175,0.86
28740,37121,43.18
28740,37199,56.82
28741,37099,4.32
28741,37113,95.68
28742,37089,88.78
28742,37175,11.22
28743,37087,0.52
28743,37115,99.48
28745,37087,100
28746,37161,100
28747,37099,0.18
28747,37175,99.82
28748,37021,99.49
28748,37115,0.51
28749,37111,78
28749,37121,22
28751,37087,98.87
28751,37099,1.13
28752,37111,100
28753,37021,9.54
28753,37115,90.46
28754,37115,98.23
28754,37199,1.77
28756,37149,98.36
28756,37161,1.64
28757,37021,100
28759,37021,2.15
28759,37089,97.85
28761,37023,7.86
28761,37111,92.14
28762,37111,100
28763,37113,100
28766,37089,6.66
28766,37175,93.34
28768,37175,100
28771,37075,99.93
28771,37173,0.07
28772,37175,100
28773,37089,37.21
28773,37149,62.79
28774,37099,46.89
28774,37175,53.11
28775,37113,100
28777,37011,20.65
28777,37111,0.22
28777,37121,77.68
28777,37199,1.45
28778,37021,100
28779,37099,100
28781,37039,14.59
28781,37113,85.41
28782,37149,100
28783,37099,100
28785,37087,100
28786,37087,100
28786,37099,0
28787,37021,97.5
28787,37115,2.5
28789,37099,83.72
28789,37173,16.28
28790,37089,100
28791,37089,100
28792,37089,99.98
28792,37149,0.02
28801,37021,100
28803,37021,100
28804,37021,100
28805,37021,100
28806,37021,100
28901,37039,100
28902,37039,25.42
28902,37043,74.58
28904,37043,100
28905,37039,100
28906,37039,100
28909,37043,100
29001,45027,93.06
29001,45085,6.94
29003,45009,100
29006,45003,18.93
29006,45063,52.66
29006,45081,28.41
29009,45025,4.75
29009,45055,92.62
29009,45061,2.62
29010,45055,0.78
29010,45061,99.22
29014,45023,67
29014,45039,33
29015,45039,100
29016,45039,2.22
29016,45079,97.78
29018,45035,6.11
29018,45075,93.89
29020,45055,97.34
29020,45061,2.66
29030,45017,74.38
29030,45075,25.62
29031,45023,27.35
29031,45039,6.23
29031,45087,66.42
29032,45055,97.2
29032,45061,2.8
29033,45063,100
29036,45063,72.4
29036,45071,1.83
29036,45079,25.76
29037,45071,58.01
29037,45081,41.99
29038,45075,100
29039,45075,100
29040,45061,10.03
29040,45085,89.97
29042,45009,100
29044,45079,100
29045,45055,60.21
29045,45079,39.79
29046,45061,100
29047,45017,36
29047,45075,64
29048,45075,100
29051,45027,43.22
29051,45085,56.78
29052,45079,100
29053,45017,5.7
29053,45063,94.3
29054,45063,100
29055,45023,78
29055,45039,22
29056,45027,7.6
29056,45089,92.4
29058,45055,1.52
29058,45057,98.48
29059,45015,2.97
29059,45075,97.03
29061,45079,100
29062,45085,100
29063,45063,7.56
29063,45079,92.44
29065,45039,100
29067,45055,25.09
29067,45057,74.91
29069,45031,93.33
29069,45061,6.67
29070,45063,85.77
29070,45081,14.23
29072,45063,100
29073,45063,100
29074,45055,100
29075,45063,12.49
29075,45071,62.77
29075,45079,24.74
29078,45055,98.32
29078,45079,1.68
29079,45031,100
29080,45061,52.53
29080,45085,47.47
29081,45009,98.96
29081,45029,1.04
29082,45009,1.75
29082,45029,98.25
29101,45025,81.11
29101,45031,18.89
29102,45027,100
29104,45061,44.61
29104,45085,55.39
29105,45003,79.39
29105,45081,20.61
29107,45075,100
29108,45071,100
29111,45027,93.81
29111,45089,6.19
29112,45017,3.42
29112,45063,6.32
29112,45075,90.26
29113,45075,100
29114,45027,1.69
29114,45041,74.2
29114,45085,24.11
29115,45075,100
29117,45075,100
29118,45017,3.53
29118,45075,96.47
29122,45071,100
29123,45063,100
29125,45027,48.31
29125,45085,51.69
29126,45071,100
29127,45071,95.67
29127,45081,4.33
29128,45055,6.63
29128,45061,10.83
29128,45085,82.54
29129,45003,52.05
29129,45037,11.03
29129,45081,36.92
29130,45039,82.37
29130,45055,13.33
29130,45079,4.3
29133,45075,100
29135,45017,97.41
29135,45075,2.59
29137,45003,90
29137,45075,10
29138,45037,0.13
29138,45047,1.54
29138,45081,98.33
29142,45075,100
29145,45071,100
29146,45003,25.64
29146,45075,74.36
29147,45079,0
29148,45027,100
29150,45085,100
29152,45085,100
29153,45061,2.86
29153,45085,97.14
29154,45085,100
29160,45017,23.05
29160,45063,76.95
29161,45031,18.26
29161,45041,81.74
29162,45027,99.22
29162,45085,0.78
29163,45075,100
29164,45003,100
29166,45081,100
29168,45085,100
29169,45063,100
29170,45063,100
29172,45063,100
29175,45055,100
29178,45059,2.67
29178,45071,81.23
29178,45087,16.11
29180,45039,98.36
29180,45079,1.64
29201,45079,100
29202,45079,100
29203,45079,100
29204,45079,100
29205,45079,100
29206,45079,100
29207,45079,100
29208,45079,100
29209,45079,100
29210,45063,27.18
29210,45079,72.82
29212,45063,72.33
29212,45079,27.67
29223,45079,100
29225,45079,100
29229,45079,100
29301,45083,100
29302,45083,100
29303,45083,100
29306,45083,100
29307,45021,2.12
29307,45083,97.88
29316,45083,100
29320,45083,100
29321,45087,100
29322,45045,1.57
29322,45083,98.43
29323,45021,10.67
29323,45083,89.33
29324,45083,100
29325,45059,100
29329,45083,100
29330,45021,36.36
29330,45083,63.64
29331,45083,100
29332,45059,93.96
29332,45071,6.04
29333,45083,100
29334,45083,100
29335,45059,10.47
29335,45083,85.71
29335,45087,3.82
29338,45083,100
29340,45021,100
29341,45021,100
29346,45083,100
29349,45083,100
29351,45059,100
29353,45087,100
29355,45059,59.26
29355,45071,40.74
29356,45045,46.51
29356,45083,53.49
29360,45059,100
29364,45087,100
29365,45083,100
29368,45083,100
29369,45083,100
29370,45059,100
29372,45021,13.36
29372,45083,73.6
29372,45087,13.05
29373,45083,100
29374,45083,95.22
29374,45087,4.78
29375,45083,100
29376,45083,100
29377,45083,100
29378,45083,100
29379,45087,100
29384,45059,100
29385,45083,100
29388,45059,1.96
29388,45083,98.04
29401,45019,100
29403,45019,100
29404,45019,100
29405,45019,100
29406,45015,0.55
29406,45019,99.45
29407,45019,100
29409,45019,100
29410,45015,100
29412,45019,100
29414,45019,99.87
29414,45035,0.13
29418,45019,77.03
29418,45035,22.97
29420,45019,24.26
29420,45035,75.74
29423,45019,100
29424,45019,100
29426,45019,87.42
29426,45035,12.58
29429,45019,100
29431,45015,100
29432,45009,15.88
29432,45035,3.68
29432,45075,80.44
29434,45015,100
29435,45029,100
29436,45015,98.23
29436,45075,1.77
29437,45035,100
29438,45019,78.03
29438,45029,21.97
29439,45019,100
29440,45043,100
29445,45015,100
29446,45029,100
29448,45035,100
29449,45019,100
29450,45015,98.29
29450,45019,1.71
29451,45019,100
29452,45029,100
29453,45015,100
29455,45019,100
29456,45015,38.05
29456,45019,16.96
29456,45035,44.99
29458,45019,100
29461,45015,100
29464,45019,100
29466,45019,100
29468,45015,100
29469,45015,100
29470,45019,91.78
29470,45035,8.22
29471,45035,100
29472,45015,24.71
29472,45029,6.43
29472,45035,68.86
29474,45029,100
29475,45029,100
29477,45035,100
29479,45015,100
29481,45009,12.71
29481,45029,87.29
29482,45019,100
29483,45015,40.71
29483,45019,0.12
29483,45035,59.18
29485,45019,6.57
29485,45035,93.43
29487,45019,100
29488,45029,100
29492,45015,100
29493,45029,100
29501,45031,7.94
29501,45041,92.06
29505,45041,100
29506,45031,0.17
29506,45041,99.83
29510,45043,59.22
29510,45089,40.78
29511,45051,100
29512,45069,100
29516,45069,100
29518,45089,100
29519,45067,100
29520,45025,100
29525,45069,100
29526,45051,100
29527,45051,100
29530,45041,100
29532,45031,100
29536,45033,100
29540,45031,100
29541,45041,100
29543,45033,100
29544,45051,100
29545,45051,100
29546,45067,100
29547,45033,100
29550,45025,6.92
29550,45031,92.67
29550,45061,0.41
29554,45041,1.26
29554,45043,39.31
29554,45089,59.43
29555,45041,98.52
29555,45089,1.48
29556,45089,100
29560,45027,5.53
29560,45041,82.07
29560,45089,12.4
29563,45033,100
29564,45089,100
29565,45033,85.74
29565,45067,12.81
29565,45069,1.45
29566,45051,100
29567,45033,100
29568,45051,100
29569,45051,100
29570,45069,100
29571,45067,100
29572,45051,100
29574,45033,0.25
29574,45067,99.75
29575,45051,100
29576,45043,32.17
29576,45051,67.83
29577,45051,100
29579,45051,100
29580,45089,100
29581,45033,13.89
29581,45051,61.98
29581,45067,24.13
29582,45051,100
29583,45041,100
29584,45025,100
29585,45043,100
29588,45051,100
29590,45089,100
29591,45041,100
29592,45033,66
29592,45067,34
29593,45025,31.37
29593,45031,68.63
29594,45069,100
29596,45069,100
29601,45045,100
29605,45045,100
29607,45045,100
29609,45045,100
29611,45007,5.97
29611,45045,92.28
29611,45077,1.75
29613,45045,100
29614,45045,100
29615,45045,100
29617,45045,100
29620,45001,99.79
29620,45065,0.21
29621,45007,100
29624,45007,100
29625,45007,100
29626,45007,100
29627,45001,0.11
29627,45007,90.78
29627,45045,9.11
29628,45001,98.7
29628,45065,1.3
29630,45007,4.78
29630,45077,95.22
29631,45007,0.34
29631,45077,99.66
29634,45077,100
29635,45045,56.3
29635,45077,43.7
29638,45001,83.87
29638,45047,16.13
29639,45001,100
29640,45077,100
29642,45007,39.81
29642,45077,60.19
29643,45007,23.19
29643,45073,76.81
29644,45045,59.9
29644,45059,40.1
29645,45059,100
29646,45001,0.49
29646,45047,99.51
29649,45001,0.94
29649,45047,99.06
29650,45045,99.81
29650,45083,0.19
29651,45045,62.53
29651,45083,37.47
29653,45001,2.74
29653,45047,97.26
29654,45001,20.45
29654,45007,63.77
29654,45045,10.84
29654,45059,4.94
29655,45001,27.13
29655,45007,72.87
29657,45007,13.95
29657,45077,86.05
29658,45073,100
29659,45001,100
29661,45045,81.43
29661,45077,18.57
29662,45045,100
29664,45073,100
29665,45073,100
29666,45047,96.93
29666,45081,3.07
29667,45077,100
29669,45007,51.24
29669,45045,48.76
29670,45007,99.65
29670,45077,0.35
29671,45077,100
29672,45073,100
29673,45007,48.76
29673,45045,51.24
29676,45073,100
29678,45073,100
29678,45077,0
29680,45045,100
29681,45045,100
29682,45077,100
29683,45045,100
29684,45007,100
29685,45077,100
29686,45073,100
29687,45045,100
29689,45007,88.61
29689,45073,11.39
29690,45045,100
29691,45073,100
29692,45001,15.09
29692,45047,41.08
29692,45059,43.82
29693,45073,100
29696,45073,100
29697,45007,100
29702,45021,95.96
29702,45091,4.04
29704,45023,14.94
29704,45091,85.06
29706,45023,99.88
29706,45091,0.12
29707,45057,99.96
29707,45091,0.04
29708,45091,100
29709,45025,100
29710,45091,100
29712,45023,86.06
29712,45091,13.94
29714,45023,100
29715,45091,100
29717,45091,100
29718,45025,93.57
29718,45055,6.43
29720,45057,100
29724,45023,100
29726,45091,100
29727,45025,100
29728,45025,100
29729,45023,100
29730,45023,0.53
29730,45091,99.47
29732,45091,100
29733,45091,100
29741,45025,100
29742,45023,9.31
29742,45091,90.69
29743,45091,100
29745,45091,100
29801,45003,100
29803,45003,100
29805,45003,100
29809,45003,100
29810,45005,100
29812,45005,0.08
29812,45011,99.92
29816,45003,100
29817,45009,4.66
29817,45011,95.34
29819,45001,2.76
29819,45047,94.48
29819,45065,2.76
29821,45037,46.67
29821,45065,53.33
29824,45037,99.44
29824,45081,0.56
29826,45011,100
29827,45005,100
29828,45003,100
29829,45003,100
29831,45003,100
29832,45037,83.22
29832,45081,16.78
29834,45003,100
29835,45037,5.65
29835,45065,94.35
29836,45005,88.59
29836,45011,11.41
29838,45037,54.49
29838,45065,45.51
29840,45065,100
29841,45003,100
29842,45003,100
29843,45009,67.08
29843,45011,32.92
29844,45065,100
29845,45037,1.36
29845,45065,98.64
29847,45003,19.74
29847,45037,80.26
29848,45047,67.51
29848,45065,27.3
29848,45081,5.19
29849,45005,95.92
29849,45011,4.08
29850,45003,100
29851,45003,100
29853,45003,17.52
29853,45011,82.48
29856,45003,100
29860,45003,45.02
29860,45037,54.98
29899,45065,100
29902,45013,100
29904,45013,100
29905,45013,100
29906,45013,100
29907,45013,100
29909,45013,99.65
29909,45053,0.35
29910,45013,100
29911,45049,100
29912,45053,100
29915,45013,100
29916,45049,59.88
29916,45053,40.12
29918,45049,100
29920,45013,100
29921,45049,100
29922,45049,70.84
29922,45053,29.16
29923,45049,100
29924,45049,100
29926,45013,100
29927,45013,0.13
29927,45053,99.87
29928,45013,100
29929,45029,100
29932,45005,31.97
29932,45049,68.03
29934,45049,8.53
29934,45053,91.47
29935,45013,100
29936,45053,100
29939,45049,100
29940,45013,100
29941,45013,100
29943,45053,100
29944,45049,98.36
29944,45053,1.64
29945,45013,24.91
29945,45029,28.9
29945,45049,35.94
29945,45053,10.25
30002,13089,100
30004,13057,4.81
30004,13117,16.15
30004,13121,79.04
30005,13117,12.92
30005,13121,87.08
30008,13067,100
30009,13121,100
30011,13013,72.98
30011,13135,27.02
30012,13089,1.83
30012,13247,97.51
30012,13297,0.65
30013,13217,5.28
30013,13247,94.72
30014,13159,0.49
30014,13217,91.89
30014,13297,7.62
30016,13217,99.68
30016,13247,0.32
30017,13135,100
30019,13135,99.82
30019,13297,0.18
30021,13089,100
30022,13121,100
30024,13117,27.21
30024,13121,3.81
30024,13135,68.98
30025,13217,29.41
30025,13297,70.59
30028,13057,2.8
30028,13117,97.2
30030,13089,100
30032,13089,100
30033,13089,100
30034,13089,100
30035,13089,100
30038,13089,100
30039,13089,1.23
30039,13135,98.77
30040,13057,0.6
30040,13117,99.4
30041,13117,100
30043,13135,100
30044,13135,100
30045,13135,100
30046,13135,100
30047,13135,100
30052,13135,47.49
30052,13217,0.21
30052,13247,0.5
30052,13297,51.81
30054,13217,82.49
30054,13297,17.51
30055,13159,50.8
30055,13211,8.98
30055,13217,40.23
30056,13159,48.88
30056,13211,6.32
30056,13217,44.8
30058,13089,99.73
30058,13247,0.27
30060,13067,100
30062,13067,100
30064,13067,100
30066,13067,100
30067,13067,100
30068,13067,100
30070,13217,100
30071,13135,100
30072,13089,100
30075,13057,0.95
30075,13067,21.35
30075,13121,77.7
30076,13121,100
30078,13135,100
30079,13089,100
30080,13067,100
30082,13067,100
30083,13089,100
30084,13089,68.25
30084,13135,31.75
30087,13089,69.22
30087,13135,30.78
30088,13089,100
30092,13121,1.02
30092,13135,98.98
30093,13135,100
30094,13089,0.33
30094,13247,99.67
30096,13135,100
30097,13117,6.19
30097,13121,47.54
30097,13135,46.27
30101,13015,2.03
30101,13057,0.61
30101,13067,77.88
30101,13223,19.48
30102,13015,17.88
30102,13057,53.54
30102,13067,28.59
30103,13015,74.89
30103,13115,5.11
30103,13129,19.99
30104,13015,4.35
30104,13115,21.09
30104,13233,74.55
30105,13055,9.46
30105,13115,90.54
30106,13067,99.46
30106,13097,0.54
30107,13057,78.63
30107,13117,9.26
30107,13227,12.11
30108,13045,97.27
30108,13149,2.73
30110,13045,4.51
30110,13143,95.49
30113,13143,92.97
30113,13233,7.03
30114,13057,100
30115,13057,100
30116,13045,100
30117,13045,100
30118,13045,100
30120,13015,100
30121,13015,100
30122,13097,100
30124,13115,100
30125,13115,2.36
30125,13233,97.64
30126,13067,100
30127,13067,86.4
30127,13223,13.6
30132,13223,100
30134,13097,67.04
30134,13223,32.96
30135,13097,100
30137,13015,100
30139,13015,8.84
30139,13129,68.63
30139,13227,22.52
30141,13067,7.63
30141,13223,92.37
30143,13057,0.79
30143,13085,2.13
30143,13227,97.09
30144,13067,100
30145,13015,76.87
30145,13115,23.13
30147,13115,97.78
30147,13233,2.22
30148,13085,35.76
30148,13227,64.24
30149,13115,100
30152,13067,100
30153,13143,1.96
30153,13223,26.35
30153,13233,71.7
30157,13067,2.52
30157,13223,97.48
30161,13015,0.37
30161,13115,99.63
30164,13217,100
30165,01019,0.18
30165,13055,0.05
30165,13115,99.77
30168,13067,88.25
30168,13097,11.75
30170,13045,60.99
30170,13149,39.01
30171,13015,91.01
30171,13129,8.99
30173,13115,95.48
30173,13233,4.52
30175,13123,24.4
30175,13227,75.6
30176,13143,100
30177,13227,100
30178,13015,94.29
30178,13223,0.72
30178,13233,4.99
30179,13045,66.79
30179,13143,9.66
30179,13223,23.55
30180,13045,72.51
30180,13097,23.24
30180,13223,4.25
30182,13045,54.28
30182,13143,45.72
30183,13015,0.64
30183,13057,99.26
30183,13227,0.09
30184,13015,85.83
30184,13057,14.17
30185,13045,94.81
30185,13097,5.19
30187,13097,100
30188,13057,97.48
30188,13067,2.52
30189,13057,100
30204,13171,96.4
30204,13207,1.58
30204,13293,2.02
30205,13113,72.92
30205,13255,27.08
30206,13231,100
30213,13121,100
30214,13113,100
30215,13063,10.03
30215,13113,89.97
30216,13035,100
30217,13149,98.99
30217,13285,1.01
30218,13199,100
30220,13077,79.11
30220,13199,20.89
30222,13199,100
30223,13255,100
30224,13171,2.41
30224,13231,7.97
30224,13255,89.62
30228,13063,45.11
30228,13151,51.34
30228,13255,3.55
30230,13077,1.53
30230,13149,11.89
30230,13199,7.61
30230,13285,78.97
30233,13035,84.64
30233,13151,3.69
30233,13171,2.43
30233,13207,9.11
30233,13217,0.12
30234,13035,86.45
30234,13151,13.55
30236,13063,93.69
30236,13151,6.31
30238,13063,97.89
30238,13113,2.11
30240,13285,100
30241,13285,100
30248,13035,0.72
30248,13151,96.38
30248,13255,2.9
30250,13063,100
30251,13199,100
30252,13151,99.28
30252,13247,0.72
30253,13151,100
30256,13231,78.31
30256,13293,21.69
30257,13171,90.33
30257,13231,9.67
30258,13231,74.71
30258,13293,25.29
30259,13077,100
30260,13063,100
30263,13077,99.91
30263,13149,0.09
30265,13077,100
30268,13077,24.84
30268,13121,75.16
30269,13113,100
30273,13063,94.14
30273,13151,5.86
30274,13063,100
30275,13077,100
30276,13077,89.85
30276,13113,7.54
30276,13199,2.61
30277,13077,100
30281,13063,9.45
30281,13151,86.55
30281,13247,4
30284,13255,100
30285,13171,16.41
30285,13231,16.41
30285,13293,67.19
30286,13293,100
30288,13063,53.95
30288,13089,46.05
30289,13077,100
30290,13113,100
30291,13121,100
30292,13231,69.83
30292,13255,30.17
30293,13199,100
30294,13063,33.74
30294,13089,43.32
30294,13151,22.69
30294,13247,0.25
30295,13171,2.28
30295,13231,97.72
30296,13063,83.34
30296,13121,16.66
30297,13063,100
30303,13121,100
30305,13121,100
30306,13089,36.35
30306,13121,63.65
30307,13089,72.32
30307,13121,27.68
30308,13121,100
30309,13121,100
30310,13121,100
30311,13121,100
30312,13121,100
30313,13121,100
30314,13121,100
30315,13089,0.03
30315,13121,99.97
30316,13089,76.16
30316,13121,23.84
30317,13089,99.76
30317,13121,0.24
30318,13121,100
30319,13089,84.21
30319,13121,15.79
30322,13089,100
30324,13089,17.98
30324,13121,82.02
30326,13121,100
30327,13121,100
30328,13121,100
30329,13089,100
30331,13121,100
30332,13121,100
30334,13121,100
30336,13121,100
30337,13063,0
30337,13121,100
30338,13089,99.25
30338,13121,0.75
30339,13067,98.61
30339,13121,1.39
30340,13089,84.92
30340,13135,15.08
30341,13089,100
30342,13121,100
30344,13121,100
30345,13089,100
30346,13089,100
30349,13063,27
30349,13121,73
30350,13089,0.29
30350,13121,99.71
30354,13063,0.09
30354,13121,99.91
30360,13089,83.74
30360,13135,16.26
30363,13121,100
30401,13107,100
30410,13209,100
30411,13175,5.22
30411,13271,0
30411,13309,94.78
30412,13209,100
30413,13163,75.3
30413,13167,5.97
30413,13303,18.73
30415,13031,100
30417,13031,0.12
30417,13109,96.12
30417,13267,3.76
30420,13043,12.67
30420,13267,87.33
30421,13267,100
30423,13109,100
30425,13031,17.53
30425,13107,51.59
30425,13165,30.88
30426,13033,91.91
30426,13251,8.09
30427,13109,0.12
30427,13183,17.5
30427,13267,82.38
30428,13175,9.87
30428,13309,90.13
30429,13109,100
30434,13033,5.41
30434,13163,94.59
30436,13107,6.86
30436,13267,0.6
30436,13279,92.54
30438,13267,100
30439,13043,99.11
30439,13107,0.89
30441,13033,35.6
30441,13107,63.32
30441,13165,1.08
30442,13033,3.53
30442,13165,96.47
30445,13209,100
30446,13103,12.45
30446,13251,87.55
30448,13107,100
30449,13251,100
30450,13031,100
30451,13043,100
30452,13031,100
30453,13267,100
30454,13175,100
30455,13251,100
30456,13033,100
30457,13107,0.36
30457,13175,0.22
30457,13209,0.48
30457,13283,98.94
30458,13031,100
30460,13031,100
30461,13031,100
30464,13107,100
30467,13251,100
30470,13209,55.51
30470,13283,44.49
30471,13031,4.57
30471,13107,95.43
30473,13209,54.85
30473,13279,45.15
30474,13107,0.8
30474,13209,9.9
30474,13279,88.95
30474,13283,0.36
30475,13279,100
30477,13163,100
30501,13139,100
30504,13139,100
30506,13117,26.13
30506,13139,73.87
30507,13139,100
30510,13011,27.44
30510,13137,66.4
30510,13139,6.16
30511,13011,70.24
30511,13137,28.5
30511,13257,1.26
30512,13111,0.92
30512,13291,99.08
30513,13111,95.83
30513,13123,4.17
30516,13147,100
30517,13013,9.07
30517,13135,24.4
30517,13139,24.47
30517,13157,42.06
30518,13135,91.62
30518,13139,8.38
30519,13135,92.52
30519,13139,7.48
30520,13119,54.43
30520,13147,45.57
30521,13011,4.75
30521,13119,95.25
30522,13111,36.08
30522,13123,63.92
30523,13137,98.19
30523,13241,1.81
30525,13241,100
30527,13139,100
30528,13187,1.12
30528,13311,98.88
30529,13011,10.99
30529,13157,89.01
30530,13011,46.13
30530,13119,7.98
30530,13157,24.19
30530,13195,21.7
30531,13137,98.93
30531,13139,1.07
30533,13085,0.06
30533,13139,1.49
30533,13187,98.09
30533,13311,0.36
30534,13057,0.24
30534,13085,81.28
30534,13117,6.04
30534,13187,12.41
30534,13227,0.03
30535,13137,100
30536,13085,0.17
30536,13123,99.83
30537,13241,100
30538,13119,3.22
30538,13257,96.78
30540,13123,100
30541,13111,100
30542,13139,100
30543,13011,16.49
30543,13139,72.79
30543,13157,10.72
30545,13311,100
30546,13281,100
30547,13011,100
30548,13013,19.3
30548,13135,22.32
30548,13139,17.59
30548,13157,40.79
30549,13157,100
30552,13241,100
30553,13119,74.03
30553,13147,25.97
30554,13011,29.85
30554,13139,70.15
30555,13111,100
30557,13119,48.06
30557,13257,51.94
30558,13011,46.43
30558,13157,53.57
30559,13111,100
30560,13111,86.58
30560,13291,13.42
30562,13241,100
30563,13137,100
30564,13139,64.19
30564,13187,35.54
30564,13311,0.27
30565,13157,88.4
30565,13195,11.6
30566,13139,100
30567,13139,1.27
30567,13157,98.73
30568,13241,100
30571,13311,100
30572,13111,33.65
30572,13291,66.35
30573,13137,17.79
30573,13241,82.21
30575,13139,32.65
30575,13157,67.35
30576,13241,100
30577,13011,0.84
30577,13119,4.04
30577,13137,1.6
30577,13257,93.52
30581,13241,100
30582,13281,87.04
30582,13291,12.96
30601,13059,98.3
30601,13157,0.3
30601,13195,1.4
30602,13059,100
30605,13059,99.48
30605,13219,0.52
30606,13059,90.67
30606,13219,9.33
30607,13059,73.93
30607,13157,26.07
30609,13059,100
30619,13219,6.39
30619,13221,93.61
30620,13013,79.02
30620,13135,15.75
30620,13297,5.22
30621,13211,15.87
30621,13219,84.13
30622,13013,0.35
30622,13059,36.87
30622,13157,4.82
30622,13219,57.96
30623,13211,100
30624,13105,89.31
30624,13147,4.48
30624,13195,6.2
30625,13211,80.31
30625,13237,19.69
30627,13195,42.1
30627,13221,57.9
30628,13195,78.13
30628,13221,21.87
30629,13195,79.96
30629,13221,20.04
30630,13221,100
30631,13265,91.17
30631,13317,8.83
30633,13011,0.66
30633,13119,1.44
30633,13195,97.9
30634,13105,74.35
30634,13147,25.65
30635,13105,99.64
30635,13147,0.36
30641,13211,15.19
30641,13297,84.81
30642,13133,100
30643,13147,100
30646,13059,0.78
30646,13195,99.22
30648,13221,100
30650,13133,3.71
30650,13211,95.74
30650,13297,0.56
30655,13297,100
30656,13013,0.77
30656,13297,99.23
30660,13221,21.41
30660,13317,78.59
30662,13105,1.02
30662,13119,65.23
30662,13147,24.86
30662,13195,8.89
30663,13211,100
30664,13265,100
30665,13133,100
30666,13013,82.61
30666,13157,1.82
30666,13219,15.57
30667,13221,100
30668,13181,20.32
30668,13317,79.68
30669,13133,93.87
30669,13221,4.68
30669,13265,1.45
30673,13317,100
30677,13133,0.94
30677,13219,99.06
30678,13133,93.35
30678,13141,5.1
30678,13265,1.55
30680,13013,99.2
30680,13157,0.23
30680,13219,0.56
30683,13059,55.22
30683,13221,44.78
30701,13115,0.84
30701,13129,99.16
30705,13213,100
30707,13047,3.36
30707,13295,96.64
30708,13213,100
30710,13047,0.11
30710,13313,99.89
30711,13213,100
30720,13313,100
30721,13213,1.55
30721,13313,98.45
30725,13295,100
30726,13047,100
30728,13295,100
30730,13055,100
30731,13055,73.81
30731,13083,15.32
30731,13295,10.87
30733,13115,3.56
30733,13129,96.44
30734,13129,84.77
30734,13227,15.23
30735,13129,55.16
30735,13213,20.8
30735,13313,24.04
30736,13047,98.4
30736,13295,0.64
30736,13313,0.96
30738,13083,69.65
30738,13295,30.35
30739,13047,17.82
30739,13295,82.18
30740,13295,2.6
30740,13313,97.4
30741,13047,37.12
30741,13295,62.88
30742,13047,99.91
30742,13295,0.09
30746,13129,100
30747,13055,98.64
30747,13295,1.36
30750,13083,49.16
30750,13295,50.84
30751,13213,100
30752,13083,100
30753,13055,80.08
30753,13295,19.92
30755,13047,37.9
30755,13313,62.1
30756,13313,100
30757,13083,100
30802,13073,99.43
30802,13189,0.57
30803,13163,100
30805,13033,29.19
30805,13245,70.81
30807,13301,100
30808,13189,100
30809,13073,100
30810,13125,97.29
30810,13163,0.61
30810,13301,2.1
30812,13245,100
30813,13073,95.6
30813,13245,4.4
30814,13073,98.64
30814,13189,1.36
30815,13033,6.15
30815,13245,93.85
30816,13033,85.87
30816,13163,14.13
30817,13181,99.08
30817,13317,0.92
30818,13163,100
30820,13125,70.12
30820,13301,21.83
30820,13303,8.05
30821,13301,100
30822,13165,100
30823,13125,4.78
30823,13163,89.22
30823,13301,6
30824,13189,99.49
30824,13301,0.51
30828,13125,1.63
30828,13301,98.37
30830,13033,100
30833,13163,100
30901,13245,100
30903,13073,100
30904,13245,100
30905,13245,100
30906,13245,100
30907,13073,81.46
30907,13245,18.54
30909,13073,1.02
30909,13245,98.98
30912,13245,100
31001,13315,100
31002,13107,42.03
31002,13167,41.27
31002,13175,8.45
31002,13283,8.25
31003,13319,100
31005,13153,100
31006,13269,100
31007,13093,100
31008,13079,12.42
31008,13153,26.49
31008,13225,61.09
31009,13175,100
31011,13091,100
31012,13023,10.47
31012,13091,89.53
31014,13023,88.22
31014,13091,8.89
31014,13289,2.89
31015,13081,99.85
31015,13315,0.15
31016,13079,2.31
31016,13171,8.5
31016,13207,59.46
31016,13293,29.73
31017,13023,19.5
31017,13289,53
31017,13319,27.51
31018,13303,100
31019,13175,100
31020,13021,12.71
31020,13289,87.29
31021,13175,100
31022,13023,1.47
31022,13175,98.53
31023,13091,98.75
31023,13235,1.25
31024,13237,100
31025,13153,100
31027,13175,100
31028,13153,100
31029,13035,0.03
31029,13207,99.97
31030,13079,13.81
31030,13153,0.25
31030,13193,0.62
31030,13225,85.32
31031,13009,23.75
31031,13169,4.33
31031,13289,8.17
31031,13319,63.75
31032,13169,100
31033,13009,14.62
31033,13169,85.38
31035,13303,100
31036,13153,12.76
31036,13235,87.24
31037,13091,8.93
31037,13271,76.91
31037,13309,14.17
31038,13159,63.07
31038,13169,36.93
31039,13269,100
31041,13193,100
31042,13319,100
31044,13289,97.05
31044,13319,2.95
31045,13141,19.18
31045,13301,80.82
31046,13169,8.79
31046,13207,91.21
31047,13153,100
31049,13107,26.85
31049,13167,73.15
31050,13079,100
31051,13093,100
31052,13021,75.91
31052,13079,24.09
31054,13319,100
31055,13271,100
31057,13193,100
31058,13197,64.63
31058,13269,35.37
31060,13091,41.67
31060,13271,58.33
31061,13009,98.02
31061,13141,0.14
31061,13169,0.07
31061,13237,1.6
31061,13319,0.18
31062,13009,100
31063,13093,4.41
31063,13193,95.59
31064,13159,100
31065,13023,21.29
31065,13175,78.71
31066,13021,2.09
31066,13079,93.11
31066,13207,4.8
31067,13303,100
31068,13193,100
31069,13153,98.78
31069,13225,1.22
31070,13093,100
31071,13235,37.53
31071,13315,62.47
31072,13081,5.43
31072,13315,94.57
31075,13175,100
31076,13193,8.91
31076,13269,91.09
31077,13091,68.63
31077,13271,31.37
31078,13079,100
31079,13017,5.46
31079,13315,94.54
31081,13269,100
31082,13009,0.36
31082,13303,99.64
31083,13271,91.99
31083,13309,8.01
31084,13315,100
31085,13159,100
31087,13009,3.62
31087,13141,96.19
31087,13303,0.19
31088,13153,100
31089,13167,2.83
31089,13303,97.17
31090,13319,100
31091,13093,99.13
31091,13153,0.33
31091,13235,0.54
31092,13081,2.67
31092,13093,97.33
31093,13153,100
31094,13303,100
31096,13167,97.73
31096,13303,2.27
31097,13171,4.69
31097,13207,4.07
31097,13293,91.24
31098,13153,100
31201,13021,100
31204,13021,100
31206,13021,100
31207,13021,100
31210,13021,91.46
31210,13207,8.54
31211,13021,54.16
31211,13169,45.84
31213,13021,0
31216,13021,100
31217,13021,67.17
31217,13169,22
31217,13289,10.83
31220,13021,91.97
31220,13207,8.03
31301,13179,69.64
31301,13183,30.36
31302,13051,49.1
31302,13103,50.9
31303,13103,100
31304,13191,100
31305,13191,100
31307,13103,100
31308,13029,77.41
31308,13031,22.59
31309,13179,100
31312,13103,100
31313,13179,97.39
31313,13183,2.61
31314,13179,100
31315,13179,100
31316,13183,100
31318,13103,100
31320,13179,100
31321,13029,64.54
31321,13031,35.46
31322,13051,100
31323,13179,89.73
31323,13183,1.14
31323,13191,9.14
31324,13029,100
31326,13103,100
31327,13191,100
31328,13051,100
31329,13103,100
31331,13191,100
31401,13051,100
31404,13051,100
31405,13051,100
31406,13051,100
31407,13051,100
31408,13051,100
31409,13051,100
31410,13051,100
31411,13051,100
31415,13051,100
31419,13051,100
31501,13299,100
31503,13025,11.68
31503,13299,88.32
31510,13005,96.47
31510,13161,0.12
31510,13229,3.41
31512,13069,100
31513,13001,99.8
31513,13161,0.2
31516,13229,100
31518,13001,52.13
31518,13229,34.38
31518,13305,13.49
31519,13069,97.42
31519,13161,2.58
31520,13127,100
31522,13127,100
31523,13127,100
31524,13127,0
31525,13127,100
31527,13127,100
31532,13161,100
31533,13069,100
31535,13069,100
31537,13039,1.31
31537,13049,98.69
31539,13001,1.82
31539,13161,98.18
31542,13025,100
31543,13025,91.45
31543,13127,2.38
31543,13305,6.17
31544,13271,100
31545,13305,100
31546,13305,100
31547,13039,100
31548,13039,100
31549,13271,93.52
31549,13309,6.48
31550,13299,100
31551,13005,46.96
31551,13229,53.04
31552,13003,5.26
31552,13069,0.75
31552,13299,93.99
31553,13025,99.68
31553,13049,0.32
31554,13005,15.79
31554,13069,78.8
31554,13299,5.41
31555,13001,8.02
31555,13305,91.98
31556,13229,100
31557,13025,6.77
31557,13229,93.23
31558,13039,100
31560,13305,100
31561,13127,100
31562,13049,100
31563,13001,100
31565,13039,100
31566,13025,95.68
31566,13127,4.32
31567,13069,100
31568,13039,100
31569,13039,100
31601,13185,100
31602,13027,8
31602,13185,92
31605,13185,100
31606,13185,100
31620,13075,100
31622,13019,100
31623,13065,100
31624,13003,91.52
31624,13069,4.71
31624,13299,3.77
31625,13027,100
31626,13027,7.05
31626,13275,92.95
31627,13075,100
31629,13027,100
31630,13065,81.38
31630,13101,18.62
31631,13049,1.25
31631,13065,77.1
31631,13101,21.65
31631,13299,0
31632,13075,10.59
31632,13185,89.41
31634,13065,100
31635,13003,0.43
31635,13065,0.72
31635,13173,98.86
31636,13101,29.3
31636,13185,70.7
31637,13019,30.09
31637,13071,7.02
31637,13075,58.22
31637,13277,4.67
31638,13027,100
31639,13019,99.64
31639,13173,0.36
31641,13173,42.16
31641,13185,57.84
31642,13003,99.88
31642,13065,0.12
31643,13027,100
31645,13019,53.29
31645,13173,33.55
31645,13185,13.15
31647,13075,100
31648,13101,100
31649,13173,100
31650,13003,67.68
31650,13069,32.32
31698,13185,100
31699,13185,100
31701,13095,96.27
31701,13177,3.73
31705,13095,91.35
31705,13205,2
31705,13321,6.65
31707,13095,96.61
31707,13177,3.39
31709,13261,100
31711,13193,32.53
31711,13261,67.47
31712,13081,100
31714,13287,97.37
31714,13321,2.63
31716,13205,100
31719,13261,100
31720,13027,47.25
31720,13275,52.75
31721,13007,0.35
31721,13095,88.25
31721,13177,10.86
31721,13273,0.53
31722,13071,100
31730,13087,0.89
31730,13205,99.11
31733,13155,29.43
31733,13277,70.44
31733,13287,0.13
31735,13261,100
31738,13071,8.04
31738,13275,91.96
31743,13177,9.05
31743,13261,90.95
31744,13071,59.31
31744,13205,2.15
31744,13321,38.54
31747,13071,100
31749,13019,86.78
31749,13155,0.61
31749,13277,12.61
31750,13017,92.34
31750,13155,7.61
31750,13315,0.04
31756,13071,100
31757,13275,100
31763,13095,0.31
31763,13177,99.69
31764,13177,4.86
31764,13261,95.14
31765,13071,17.19
31765,13205,28.45
31765,13275,54.36
31768,13071,100
31771,13071,98.62
31771,13321,1.38
31772,13321,100
31773,13131,21.43
31773,13275,78.57
31774,13155,100
31775,13071,38
31775,13277,52.7
31775,13321,9.3
31778,13027,46.06
31778,13071,3.71
31778,13275,50.23
31779,13131,12.44
31779,13205,87.56
31780,13261,99.21
31780,13307,0.79
31781,13321,100
31783,13017,10.48
31783,13155,40.2
31783,13287,49.32
31784,13205,100
31787,13177,76.61
31787,13261,23.39
31788,13071,100
31789,13321,100
31790,13287,100
31791,13095,0.35
31791,13321,99.65
31792,13131,2.58
31792,13275,97.42
31793,13277,100
31794,13019,2.19
31794,13277,97.81
31795,13277,67.11
31795,13321,32.89
31796,13321,100
31798,13017,13.33
31798,13069,38.45
31798,13155,48.22
31801,13197,60.51
31801,13215,3.96
31801,13263,35.54
31803,13197,98.02
31803,13249,1.84
31803,13307,0.14
31804,13145,100
31805,13053,97.56
31805,13259,2.44
31806,13193,1.13
31806,13249,98.87
31807,13145,100
31808,13145,85.25
31808,13215,14.75
31810,13263,100
31811,13145,100
31812,13263,79.47
31812,13269,20.53
31814,13259,100
31815,13259,100
31816,13199,93.47
31816,13263,6.53
31820,13145,29.97
31820,13215,70.03
31821,13259,100
31822,13145,56.47
31822,13199,11.83
31822,13285,31.7
31823,13145,100
31824,13307,100
31825,13259,77.12
31825,13307,22.88
31826,13145,54.64
31826,13263,45.36
31827,13263,100
31829,13145,22.41
31829,13215,77.59
31830,13145,3.83
31830,13199,96.17
31831,13145,88.05
31831,13263,11.95
31832,13307,100
31833,13145,29.72
31833,13285,70.28
31836,13263,100
31901,13215,100
31903,13215,100
31904,13215,100
31905,01113,0.06
31905,13053,50.82
31905,13215,49.12
31906,13215,100
31907,13215,100
31909,13215,100
32003,12019,100
32008,12029,2.47
32008,12041,19.89
32008,12067,29.35
32008,12121,48.3
32009,12089,100
32011,12089,100
32024,12023,88.8
32024,12121,11.2
32025,12023,100
32026,12007,100
32033,12109,100
32034,12089,100
32038,12023,100
32040,12003,100
32043,12019,99.3
32043,12107,0.7
32044,12007,100
32046,12089,100
32052,12047,100
32053,12047,100
32054,12007,4.18
32054,12125,95.82
32055,12023,100
32058,12007,96.15
32058,12019,0.66
32058,12125,3.19
32059,12079,100
32060,12121,100
32061,12023,100
32062,12121,100
32063,12003,100
32064,12121,100
32065,12019,100
32066,12067,100
32068,12019,100
32071,12121,100
32072,12003,100
32073,12019,99.02
32073,12031,0.98
32079,12019,100
32080,12109,100
32081,12109,100
32082,12109,100
32083,12007,28.61
32083,12125,71.39
32084,12109,100
32086,12109,100
32087,12003,100
32091,12007,97.12
32091,12019,2.88
32092,12109,100
32094,12023,7.53
32094,12121,92.47
32095,12109,100
32096,12023,34.19
32096,12047,64.78
32096,12121,1.02
32097,12089,100
32102,12069,77.93
32102,12127,22.07
32110,12035,100
32112,12107,100
32113,12083,100
32114,12127,100
32117,12127,100
32118,12127,100
32119,12127,100
32124,12127,100
32127,12127,100
32128,12127,100
32129,12127,100
32130,12127,100
32131,12107,100
32132,12127,100
32133,12083,100
32134,12069,0.3
32134,12083,96.81
32134,12107,2.89
32136,12035,97.39
32136,12127,2.61
32137,12035,100
32139,12107,100
32140,12107,100
32141,12127,100
32145,12109,100
32147,12107,100
32148,12107,100
32157,12107,100
32159,12069,69.58
32159,12119,30.42
32162,12083,17.72
32162,12119,82.28
32164,12035,100
32168,12127,100
32169,12127,100
32174,12035,3.68
32174,12127,96.32
32176,12127,100
32177,12107,100
32179,12083,100
32180,12035,0.33
32180,12127,99.67
32181,12107,100
32187,12107,100
32189,12107,100
32190,12127,100
32193,12107,100
32195,12069,10.22
32195,12083,89.78
32202,12031,100
32204,12031,100
32205,12031,100
32206,12031,100
32207,12031,100
32208,12031,100
32209,12031,100
32210,12031,100
32211,12031,100
32212,12031,100
32216,12031,100
32217,12031,100
32218,12031,100
32219,12031,100
32220,12031,100
32221,12031,100
32222,12031,100
32223,12031,100
32224,12031,99.89
32224,12109,0.11
32225,12031,100
32226,12031,100
32227,12031,100
32228,12031,100
32233,12031,100
32234,12003,3.6
32234,12019,34.82
32234,12031,60.05
32234,12089,1.53
32244,12031,100
32246,12031,100
32250,12031,100
32254,12031,100
32256,12031,100
32257,12031,100
32258,12031,100
32259,12109,100
32266,12031,100
32277,12031,100
32301,12073,100
32303,12073,100
32304,12073,100
32305,12073,100
32308,12073,100
32309,12073,100
32310,12073,100
32311,12073,100
32312,12073,100
32317,12073,100
32320,12037,100
32321,12037,0
32321,12077,100
32322,12037,100
32323,12037,100
32324,12039,100
32327,12073,0.04
32327,12129,99.96
32328,12037,100
32330,12039,100
32331,12065,10.61
32331,12079,76.8
32331,12123,12.59
32332,12039,100
32333,12039,100
32334,12077,100
32336,12065,62.26
32336,12079,26.17
32336,12123,11.57
32340,12079,100
32343,12039,100
32344,12065,100
32346,12037,13.82
32346,12129,86.18
32347,12123,100
32348,12123,100
32350,12079,100
32351,12039,100
32352,12039,100
32355,12129,100
32356,12123,100
32358,12037,3.92
32358,12129,96.08
32359,12029,28.18
32359,12123,71.82
32361,12065,100
32399,12073,100
32401,12005,100
32403,12005,100
32404,12005,100
32405,12005,100
32407,12005,100
32408,12005,100
32409,12005,100
32410,12005,100
32413,12005,91.51
32413,12131,8.49
32420,12063,99.07
32420,12133,0.93
32421,12013,100
32423,12063,100
32424,12013,100
32425,12059,92.01
32425,12133,7.99
32426,12063,100
32427,12133,100
32428,12133,100
32430,12013,100
32431,12063,84.93
32431,12133,15.07
32432,12063,100
32433,12131,100
32435,12131,100
32437,12005,16.79
32437,12133,83.21
32438,12005,91.8
32438,12013,7.07
32438,12133,1.13
32439,12131,100
32440,12059,16.59
32440,12063,83.41
32442,12013,4.6
32442,12063,95.4
32443,12063,100
32444,12005,100
32445,12063,100
32446,12063,100
32447,12063,100
32448,12063,100
32449,12013,100
32455,12059,44.64
32455,12131,55.36
32456,12005,4.81
32456,12045,95.19
32459,12131,100
32460,12063,100
32461,12131,100
32462,12005,1.2
32462,12131,5.28
32462,12133,93.52
32463,12133,100
32464,12059,85.88
32464,12131,14.12
32465,12045,100
32466,12005,96.77
32466,12133,3.23
32501,12033,100
32502,12033,100
32503,12033,100
32504,12033,100
32505,12033,100
32506,12033,100
32507,12033,100
32508,12033,100
32509,12033,100
32511,12033,100
32514,12033,100
32526,12033,100
32530,12113,100
32531,12091,99.24
32531,12113,0.76
32533,12033,100
32534,12033,100
32535,12033,100
32536,12091,100
32539,12091,97.97
32539,12131,2.03
32541,12091,100
32542,12091,100
32544,12091,100
32547,12091,100
32548,12091,100
32550,12131,100
32561,12033,27.04
32561,12113,72.96
32563,12113,100
32564,12091,84.42
32564,12113,15.58
32565,12113,100
32566,12113,100
32567,12091,57.69
32567,12131,42.31
32568,12033,100
32569,12091,100
32570,12113,100
32571,12113,100
32577,12033,100
32578,12091,97.21
32578,12131,2.79
32579,12091,100
32580,12091,100
32583,12113,100
32601,12001,100
32603,12001,100
32605,12001,100
32606,12001,100
32607,12001,100
32608,12001,100
32609,12001,100
32612,12001,100
32615,12001,100
32616,12001,100
32617,12083,100
32618,12001,76.1
32618,12075,23.9
32619,12041,100
32621,12075,100
32622,12001,23.72
32622,12007,76.28
32625,12075,100
32626,12075,100
32628,12029,100
32631,12001,100
32639,12075,100
32640,12001,46.62
32640,12107,53.38
32641,12001,100
32643,12001,69.51
32643,12023,12.15
32643,12041,18.33
32648,12029,100
32653,12001,100
32656,12007,9.38
32656,12019,90.62
32658,12001,100
32664,12083,100
32666,12001,12.86
32666,12007,18.1
32666,12019,21.11
32666,12107,47.92
32667,12001,56.4
32667,12083,43.6
32668,12075,83.94
32668,12083,16.06
32669,12001,93
32669,12041,6.37
32669,12075,0.64
32680,12029,100
32681,12083,100
32683,12075,100
32686,12083,100
32692,12029,100
32693,12041,69.18
32693,12075,30.82
32694,12001,100
32696,12075,91.28
32696,12083,8.72
32697,12125,100
32701,12117,100
32702,12069,89.87
32702,12083,10.13
32703,12095,76.01
32703,12117,23.99
32707,12117,100
32708,12117,100
32709,12095,100
32712,12095,100
32713,12127,100
32714,12117,100
32720,12069,8.36
32720,12127,91.64
32724,12127,100
32725,12127,100
32726,12069,100
32730,12117,100
32732,12117,100
32735,12069,100
32736,12069,100
32738,12127,100
32744,12127,100
32746,12117,100
32750,12117,100
32751,12095,70.74
32751,12117,29.26
32754,12009,94.71
32754,12127,5.29
32757,12069,81.22
32757,12095,18.78
32759,12127,100
32763,12127,100
32764,12127,100
32765,12117,100
32766,12117,100
32767,12069,100
32771,12117,100
32773,12117,100
32776,12069,99.18
32776,12095,0.82
32778,12069,100
32779,12117,100
32780,12009,100
32784,12069,70.58
32784,12083,29.42
32789,12095,100
32792,12095,57.55
32792,12117,42.45
32796,12009,100
32798,12095,100
32801,12095,100
32803,12095,100
32804,12095,100
32805,12095,100
32806,12095,100
32807,12095,100
32808,12095,100
32809,12095,100
32810,12095,100
32811,12095,100
32812,12095,100
32814,12095,100
32817,12095,100
32818,12095,100
32819,12095,100
32820,12095,100
32821,12095,100
32822,12095,100
32824,12095,100
32825,12095,100
32826,12095,100
32827,12095,100
32828,12095,100
32829,12095,100
32830,12095,100
32831,12095,100
32832,12095,100
32833,12095,100
32835,12095,100
32836,12095,100
32837,12095,100
32839,12095,100
32901,12009,100
32903,12009,100
32904,12009,100
32905,12009,100
32907,12009,100
32908,12009,100
32909,12009,100
32920,12009,100
32922,12009,100
32925,12009,100
32926,12009,100
32927,12009,100
32931,12009,100
32934,12009,100
32935,12009,100
32937,12009,100
32940,12009,100
32948,12009,0.77
32948,12061,99.23
32949,12009,100
32950,12009,100
32951,12009,100
32952,12009,100
32953,12009,100
32955,12009,100
32958,12061,100
32960,12061,100
32962,12061,100
32963,12061,100
32966,12061,100
32967,12061,100
32968,12061,100
32970,12061,100
32976,12009,100
33001,12087,100
33004,12011,100
33009,12011,100
33010,12086,100
33012,12086,100
33013,12086,100
33014,12086,100
33015,12086,100
33016,12086,100
33018,12086,100
33019,12011,100
33020,12011,100
33021,12011,100
33023,12011,100
33024,12011,100
33025,12011,100
33026,12011,100
33027,12011,100
33028,12011,100
33029,12011,100
33030,12086,100
33031,12086,100
33032,12086,100
33033,12086,100
33034,12086,99.98
33034,12087,0.02
33035,12086,100
33036,12087,100
33037,12087,100
33039,12086,100
33040,12087,100
33042,12087,100
33043,12087,100
33050,12087,100
33051,12087,100
33054,12086,100
33055,12086,100
33056,12086,100
33060,12011,100
33062,12011,100
33063,12011,100
33064,12011,100
33065,12011,100
33066,12011,100
33067,12011,100
33068,12011,100
33069,12011,100
33070,12087,100
33071,12011,100
33073,12011,100
33076,12011,100
33101,12086,0
33109,12086,100
33122,12086,100
33125,12086,100
33126,12086,100
33127,12086,100
33128,12086,100
33129,12086,100
33130,12086,100
33131,12086,100
33132,12086,100
33133,12086,100
33134,12086,100
33135,12086,100
33136,12086,100
33137,12086,100
33138,12086,100
33139,12086,100
33140,12086,100
33141,12086,100
33142,12086,100
33143,12086,100
33144,12086,100
33145,12086,100
33146,12086,100
33147,12086,100
33149,12086,100
33150,12086,100
33154,12086,100
33155,12086,100
33156,12086,100
33157,12086,100
33158,12086,100
33160,12086,100
33161,12086,100
33162,12086,100
33165,12086,100
33166,12086,100
33167,12086,100
33168,12086,100
33169,12086,100
33170,12086,100
33172,12086,100
33173,12086,100
33174,12086,100
33175,12086,100
33176,12086,100
33177,12086,100
33178,12086,100
33179,12086,100
33180,12086,100
33181,12086,100
33182,12086,100
33183,12086,100
33184,12086,100
33185,12086,100
33186,12086,100
33187,12086,100
33189,12086,100
33190,12086,100
33193,12086,100
33194,12086,100
33196,12086,100
33301,12011,100
33304,12011,100
33305,12011,100
33306,12011,100
33308,12011,100
33309,12011,100
33311,12011,100
33312,12011,100
33313,12011,100
33314,12011,100
33315,12011,100
33316,12011,100
33317,12011,100
33319,12011,100
33321,12011,100
33322,12011,100
33323,12011,100
33324,12011,100
33325,12011,100
33326,12011,100
33327,12011,100
33328,12011,100
33330,12011,100
33331,12011,100
33332,12011,100
33334,12011,100
33351,12011,100
33401,12099,100
33403,12099,100
33404,12099,100
33405,12099,100
33406,12099,100
33407,12099,100
33408,12099,100
33409,12099,100
33410,12099,100
33411,12099,100
33412,12099,100
33413,12099,100
33414,12099,100
33415,12099,100
33417,12099,100
33418,12099,100
33426,12099,100
33428,12099,100
33430,12099,100
33431,12099,100
33432,12099,100
33433,12099,100
33434,12099,100
33435,12099,100
33436,12099,100
33437,12099,100
33438,12085,6.75
33438,12099,93.25
33440,12051,98.66
33440,12099,1.34
33441,12011,100
33442,12011,100
33444,12099,100
33445,12099,100
33446,12099,100
33449,12099,100
33455,12085,100
33458,12085,1.95
33458,12099,98.05
33460,12099,100
33461,12099,100
33462,12099,100
33463,12099,100
33467,12099,100
33469,12085,32.81
33469,12099,67.19
33470,12099,100
33471,12043,100
33472,12099,100
33473,12099,100
33476,12099,100
33477,12099,100
33478,12085,3.5
33478,12099,96.5
33480,12099,100
33483,12099,100
33484,12099,100
33486,12099,100
33487,12099,100
33493,12099,100
33496,12099,100
33498,12099,100
33503,12057,100
33510,12057,100
33511,12057,100
33513,12119,100
33514,12119,100
33521,12119,100
33523,12053,23.94
33523,12101,76.06
33525,12101,100
33527,12057,100
33534,12057,100
33538,12119,100
33540,12057,0.96
33540,12101,99.04
33541,12101,100
33542,12101,100
33543,12101,100
33544,12101,100
33545,12101,100
33547,12057,100
33548,12057,97.31
33548,12101,2.69
33549,12057,76.39
33549,12101,23.61
33556,12057,71.55
33556,12101,28.45
33558,12057,85.44
33558,12101,14.56
33559,12057,52.97
33559,12101,47.03
33563,12057,100
33565,12057,100
33566,12057,100
33567,12057,100
33569,12057,100
33570,12057,100
33572,12057,100
33573,12057,100
33576,12101,100
33578,12057,100
33579,12057,100
33584,12057,100
33585,12119,100
33592,12057,100
33594,12057,100
33596,12057,100
33597,12053,16.65
33597,12101,0.52
33597,12119,82.83
33598,12057,98.83
33598,12081,1.17
33602,12057,100
33603,12057,100
33604,12057,100
33605,12057,100
33606,12057,100
33607,12057,100
33609,12057,100
33610,12057,100
33611,12057,100
33612,12057,100
33613,12057,100
33614,12057,100
33615,12057,100
33616,12057,100
33617,12057,100
33618,12057,100
33619,12057,100
33620,12057,100
33621,12057,100
33624,12057,100
33625,12057,100
33626,12057,100
33629,12057,100
33634,12057,100
33635,12057,100
33637,12057,100
33647,12057,100
33701,12103,100
33702,12103,100
33703,12103,100
33704,12103,100
33705,12103,100
33706,12103,100
33707,12103,100
33708,12103,100
33709,12103,100
33710,12103,100
33711,12103,100
33712,12103,100
33713,12103,100
33714,12103,100
33715,12103,100
33716,12103,100
33744,12103,100
33755,12103,100
33756,12103,100
33759,12103,100
33760,12103,100
33761,12103,100
33762,12103,100
33763,12103,100
33764,12103,100
33765,12103,100
33767,12103,100
33770,12103,100
33771,12103,100
33772,12103,100
33773,12103,100
33774,12103,100
33776,12103,100
33777,12103,100
33778,12103,100
33781,12103,100
33782,12103,100
33785,12103,100
33786,12103,100
33801,12105,100
33803,12105,100
33805,12105,100
33809,12105,100
33810,12057,0.67
33810,12105,99.33
33811,12105,100
33812,12105,100
33813,12105,100
33815,12105,100
33823,12105,100
33825,12049,0.29
33825,12055,92.39
33825,12105,7.32
33827,12105,100
33830,12105,100
33834,12049,94.92
33834,12081,1.77
33834,12105,3.3
33837,12105,100
33838,12105,100
33839,12105,100
33841,12105,100
33843,12105,100
33844,12105,100
33847,12105,100
33848,12097,100
33849,12105,100
33850,12105,100
33851,12105,100
33852,12055,100
33853,12105,100
33854,12105,100
33855,12105,100
33856,12105,100
33857,12055,100
33859,12105,100
33860,12105,100
33865,12049,100
33867,12105,100
33868,12105,100
33870,12055,100
33872,12055,100
33873,12049,100
33875,12055,100
33876,12055,100
33877,12105,100
33880,12105,100
33881,12105,100
33884,12105,100
33890,12049,100
33896,12097,9.84
33896,12105,90.16
33897,12105,100
33898,12105,100
33901,12071,100
33903,12071,100
33904,12071,100
33905,12071,100
33907,12071,100
33908,12071,100
33909,12071,100
33912,12071,100
33913,12071,100
33914,12071,100
33916,12071,100
33917,12015,0.46
33917,12071,99.54
33919,12071,100
33920,12071,100
33921,12015,23.02
33921,12071,76.98
33922,12071,100
33924,12071,100
33928,12071,100
33930,12051,100
33931,12071,100
33935,12043,15.86
33935,12051,84.14
33936,12051,0.37
33936,12071,99.63
33944,12043,100
33945,12071,100
33946,12015,100
33947,12015,100
33948,12015,100
33950,12015,100
33952,12015,100
33953,12015,100
33954,12015,100
33955,12015,81.84
33955,12071,18.16
33956,12071,100
33957,12071,100
33960,12043,3.16
33960,12055,96.84
33965,12071,100
33966,12071,100
33967,12071,100
33971,12071,100
33972,12071,100
33973,12071,100
33974,12071,100
33976,12071,100
33980,12015,100
33981,12015,100
33982,12015,100
33983,12015,100
33990,12071,100
33991,12071,100
33993,12071,100
34101,12021,100
34102,12021,100
34103,12021,100
34104,12021,100
34105,12021,100
34108,12021,100
34109,12021,100
34110,12021,99.23
34110,12071,0.77
34112,12021,100
34113,12021,100
34114,12021,100
34116,12021,100
34117,12021,100
34119,12021,99.68
34119,12071,0.32
34120,12021,100
34134,12021,12.54
34134,12071,87.46
34135,12071,100
34137,12021,100
34138,12021,100
34139,12021,100
34140,12021,100
34141,12021,97.41
34141,12087,2.59
34142,12021,95
34142,12051,5
34145,12021,100
34201,12081,100
34202,12081,100
34203,12081,100
34205,12081,100
34207,12081,100
34208,12081,100
34209,12081,100
34210,12081,100
34211,12081,100
34212,12081,100
34215,12081,100
34216,12081,100
34217,12081,100
34219,12081,100
34221,12081,100
34222,12081,100
34223,12015,16.15
34223,12115,83.85
34224,12015,99.7
34224,12115,0.3
34228,12081,34.81
34228,12115,65.19
34229,12115,100
34231,12115,100
34232,12115,100
34233,12115,100
34234,12115,100
34235,12115,100
34236,12115,100
34237,12115,100
34238,12115,100
34239,12115,100
34240,12115,100
34241,12115,100
34242,12115,100
34243,12081,82.47
34243,12115,17.53
34251,12081,98.65
34251,12115,1.35
34266,12027,99.91
34266,12115,0.09
34268,12027,100
34269,12027,100
34275,12115,100
34285,12115,100
34286,12115,100
34287,12115,100
34288,12115,100
34289,12115,100
34291,12115,100
34292,12115,100
34293,12115,100
34420,12083,100
34428,12017,100
34429,12017,100
34431,12075,9.02
34431,12083,90.98
34432,12083,100
34433,12017,100
34434,12017,100
34436,12017,100
34442,12017,100
34445,12017,100
34446,12017,100
34448,12017,100
34449,12017,10.57
34449,12075,89.43
34450,12017,100
34452,12017,100
34453,12017,100
34461,12017,100
34465,12017,100
34470,12083,100
34471,12083,100
34472,12083,100
34473,12083,100
34474,12083,100
34475,12083,100
34476,12083,100
34479,12083,100
34480,12083,100
34481,12083,100
34482,12083,100
34484,12119,100
34488,12083,100
34491,12083,100
34498,12075,100
34601,12053,100
34602,12053,100
34604,12053,100
34606,12053,100
34607,12053,100
34608,12053,100
34609,12053,100
34610,12101,100
34613,12053,100
34614,12053,100
34637,12101,100
34638,12101,100
34639,12101,100
34652,12101,100
34653,12101,100
34654,12101,100
34655,12101,100
34661,12053,100
34667,12101,100
34668,12101,100
34669,12101,100
34677,12103,100
34679,12101,100
34681,12103,100
34683,12103,100
34684,12103,100
34685,12103,100
34688,12103,100
34689,12103,100
34690,12101,100
34691,12101,100
34695,12103,100
34698,12103,100
34705,12069,100
34711,12069,100
34714,12069,90.15
34714,12105,9.85
34715,12069,100
34731,12069,100
34734,12095,100
34736,12069,100
34737,12069,100
34739,12097,100
34741,12097,100
34743,12097,100
34744,12097,100
34746,12097,100
34747,12095,0
34747,12097,100
34748,12069,100
34753,12069,100
34756,12069,100
34758,12097,100
34759,12097,21.47
34759,12105,78.53
34760,12095,100
34761,12095,100
34762,12069,100
34769,12097,100
34771,12097,100
34772,12097,100
34773,12097,100
34785,12119,100
34786,12095,100
34787,12069,1.89
34787,12095,98.11
34788,12069,100
34797,12069,100
34945,12111,100
34946,12111,100
34947,12111,100
34949,12111,100
34950,12111,100
34951,12111,100
34952,12111,100
34953,12111,100
34956,12085,100
34957,12085,74.62
34957,12111,25.38
34972,12093,98.44
34972,12097,1.41
34972,12111,0.14
34974,12043,10.6
34974,12055,2.38
34974,12085,1.95
34974,12093,85.08
34981,12111,100
34982,12111,100
34983,12111,100
34984,12111,100
34986,12111,100
34987,12111,100
34990,12085,96.45
34990,12111,3.55
34994,12085,96.69
34994,12111,3.31
34996,12085,100
34997,12085,100
35004,01115,100
35005,01073,100
35006,01073,98.4
35006,01125,0.26
35006,01127,1.35
35007,01117,100
35010,01037,6.56
35010,01051,1.27
35010,01123,92.16
35013,01009,100
35014,01121,100
35016,01009,1.78
35016,01043,11.29
35016,01095,86.93
35019,01043,78.51
35019,01103,21.49
35020,01073,100
35022,01073,96.12
35022,01117,3.88
35023,01073,100
35031,01009,100
35032,01121,100
35033,01043,90.89
35033,01127,9.11
35034,01007,98.99
35034,01105,1.01
35035,01007,98.73
35035,01117,1.27
35036,01073,100
35040,01021,6.25
35040,01117,93.75
35042,01007,100
35043,01117,100
35044,01121,100
35045,01021,100
35046,01021,98.9
35046,01037,1.1
35049,01009,100
35051,01117,100
35052,01115,100
35053,01043,85.36
35053,01133,14.64
35054,01115,100
35055,01043,100
35057,01043,100
35058,01043,100
35060,01073,100
35061,01073,100
35062,01073,67.89
35062,01127,32.11
35063,01009,10.89
35063,01073,6.36
35063,01127,82.75
35064,01073,100
35068,01073,100
35070,01043,100
35071,01073,100
35072,01027,25.59
35072,01037,63.32
35072,01121,0.46
35072,01123,10.63
35073,01073,100
35074,01007,100
35077,01043,100
35078,01117,100
35079,01009,99.89
35079,01073,0.11
35080,01073,0.11
35080,01117,99.89
35082,01027,100
35083,01043,100
35085,01021,100
35087,01043,52.29
35087,01095,5.63
35087,01103,42.08
35089,01037,67.16
35089,01123,32.84
35091,01073,100
35094,01073,69.03
35094,01115,22.61
35094,01117,8.37
35096,01015,4.63
35096,01121,95.37
35097,01009,100
35098,01043,86.69
35098,01133,13.31
35111,01007,2.24
35111,01073,47.32
35111,01125,50.43
35112,01115,100
35114,01117,100
35115,01007,0.76
35115,01021,18.56
35115,01117,80.68
35116,01073,100
35117,01073,100
35118,01073,100
35119,01073,100
35120,01115,100
35121,01009,99.26
35121,01115,0.74
35124,01117,100
35125,01115,100
35126,01009,2.05
35126,01073,97.95
35127,01073,100
35128,01115,100
35130,01073,38.08
35130,01127,61.92
35131,01115,100
35133,01009,96.65
35133,01115,3.35
35135,01115,100
35136,01037,100
35139,01073,100
35143,01117,100
35146,01009,7.89
35146,01073,1.15
35146,01115,90.96
35147,01117,100
35148,01073,0.7
35148,01127,99.3
35149,01121,100
35150,01027,0.14
35150,01037,0.7
35150,01121,99.16
35151,01037,24.71
35151,01121,75.29
35160,01027,2.3
35160,01121,97.7
35171,01021,100
35172,01009,72.37
35172,01073,27.63
35173,01073,87.6
35173,01115,12.4
35175,01095,77.01
35175,01103,22.99
35176,01117,100
35178,01115,22.79
35178,01117,77.21
35179,01043,98.29
35179,01103,1.47
35179,01133,0.23
35180,01009,45.22
35180,01073,54.78
35183,01037,100
35184,01007,100
35186,01117,100
35187,01117,100
35188,01007,91.79
35188,01125,8.21
35203,01073,100
35204,01073,100
35205,01073,100
35206,01073,100
35207,01073,100
35208,01073,100
35209,01073,100
35210,01073,100
35211,01073,100
35212,01073,100
35213,01073,100
35214,01073,100
35215,01073,100
35216,01073,98.99
35216,01117,1.01
35217,01073,100
35218,01073,100
35221,01073,100
35222,01073,100
35223,01073,100
35224,01073,100
35226,01073,100
35228,01073,100
35229,01073,100
35233,01073,100
35234,01073,100
35235,01073,100
35242,01073,11.74
35242,01117,88.26
35243,01073,99.72
35243,01117,0.28
35244,01073,56.92
35244,01117,43.08
35254,01073,100
35401,01125,100
35404,01125,100
35405,01125,100
35406,01125,100
35441,01065,100
35442,01063,0.78
35442,01107,95.43
35442,01119,3.78
35443,01063,100
35444,01073,1.95
35444,01125,98.05
35446,01125,100
35447,01107,100
35452,01125,100
35453,01125,100
35456,01007,0.43
35456,01125,99.57
35457,01125,100
35458,01125,100
35459,01119,100
35460,01119,100
35461,01107,100
35462,01063,100
35463,01063,3.95
35463,01125,96.05
35464,01063,20.49
35464,01119,79.51
35466,01107,88.64
35466,01125,11.36
35469,01063,73.76
35469,01125,26.24
35470,01119,100
35473,01125,100
35474,01065,68.16
35474,01125,31.84
35475,01125,100
35476,01125,100
35477,01119,100
35480,01063,18.02
35480,01125,81.98
35481,01107,100
35490,01125,100
35501,01127,100
35503,01127,95.69
35503,01133,4.31
35504,01127,100
35540,01043,1.66
35540,01133,98.34
35541,01043,0.25
35541,01133,99.75
35542,01057,100
35543,01093,100
35544,01075,100
35545,01057,100
35546,01057,64.5
35546,01125,32.17
35546,01127,3.33
35548,01093,100
35549,01057,7.65
35549,01127,92.35
35550,01127,100
35552,01075,52.59
35552,01093,47.41
35553,01133,100
35554,01057,55.56
35554,01093,6.16
35554,01127,38.28
35555,01057,97.08
35555,01075,0.93
35555,01107,0.12
35555,01125,1.87
35559,01057,100
35563,01057,2.83
35563,01075,1.2
35563,01093,95.97
35564,01059,1.65
35564,01093,98.35
35565,01059,2.62
35565,01079,0.13
35565,01093,24.69
35565,01133,72.57
35570,01075,0.07
35570,01093,99.93
35571,01059,81.34
35571,01093,18.66
35572,01133,100
35574,01057,9.09
35574,01075,74.59
35574,01107,15.73
35574,01125,0.6
35575,01133,100
35576,01075,91.08
35576,01107,8.92
35577,01133,100
35578,01127,84.74
35578,01133,15.26
35579,01125,0.45
35579,01127,99.55
35580,01127,100
35581,01059,87.85
35581,01093,12.15
35582,01059,100
35584,01127,100
35585,01059,100
35586,01075,100
35587,01127,100
35592,01075,100
35593,01059,83.79
35593,01093,16.21
35594,01057,31
35594,01093,69
35601,01103,100
35603,01079,0.39
35603,01103,99.61
35610,01077,79.22
35610,01083,20.78
35611,01083,100
35613,01083,100
35614,01077,0.09
35614,01083,99.91
35615,01083,100
35616,01033,100
35618,01079,100
35619,01043,0.19
35619,01079,41.89
35619,01103,57.92
35620,01083,100
35621,01043,4.8
35621,01103,95.2
35622,01043,20.72
35622,01103,79.28
35630,01077,100
35633,01077,100
35634,01077,100
35640,01103,100
35643,01079,100
35645,01077,100
35646,01033,100
35647,01083,100
35648,01077,100
35649,01083,100
35650,01079,100
35651,01079,100
35652,01077,98.72
35652,01083,1.28
35653,01033,2.51
35653,01059,97.49
35654,01033,13.33
35654,01059,86.46
35654,01079,0.21
35660,01033,100
35661,01033,100
35670,01103,100
35671,01083,100
35672,01033,1.97
35672,01079,98.03
35673,01079,68.58
35673,01103,31.42
35674,01033,100
35677,01077,100
35739,01083,62.94
35739,01089,37.06
35740,01071,100
35741,01089,100
35744,01071,100
35745,01071,100
35746,01071,100
35747,01095,100
35748,01071,2.8
35748,01089,97.2
35749,01083,15.41
35749,01089,84.59
35750,01089,100
35751,01071,100
35752,01071,100
35754,01095,1.31
35754,01103,98.69
35755,01071,45.73
35755,01095,54.27
35756,01083,88.07
35756,01089,11.93
35757,01083,2.38
35757,01089,97.62
35758,01089,100
35759,01089,100
35760,01089,96.33
35760,01095,3.67
35761,01089,100
35763,01089,100
35764,01071,100
35765,01049,5.71
35765,01071,94.29
35766,01071,100
35768,01071,100
35769,01071,81.42
35769,01095,18.58
35771,01049,3.18
35771,01071,96.82
35772,01071,100
35773,01083,16.65
35773,01089,83.35
35774,01071,100
35775,01103,100
35776,01071,87.45
35776,01089,1.12
35776,01095,11.43
35801,01089,100
35802,01089,100
35803,01089,100
35805,01089,100
35806,01089,100
35808,01089,100
35810,01089,100
35811,01089,100
35816,01089,100
35824,01089,100
35896,01089,100
35901,01019,0.28
35901,01055,99.72
35903,01019,0.24
35903,01055,99.76
35904,01055,100
35905,01015,11.34
35905,01055,88.66
35906,01055,100
35907,01055,100
35950,01095,100
35951,01049,14.66
35951,01095,85.34
35952,01009,40.08
35952,01055,59.92
35953,01115,100
35954,01049,0.61
35954,01055,99.39
35956,01055,100
35957,01009,2.42
35957,01049,11.9
35957,01095,85.69
35958,01071,100
35959,01019,100
35960,01019,100
35961,01019,9.3
35961,01049,83.57
35961,01055,7.12
35962,01049,94.83
35962,01095,5.17
35963,01049,100
35966,01049,33.5
35966,01071,66.5
35967,01019,2.03
35967,01049,97.97
35968,01049,100
35971,01049,100
35972,01055,80.07
35972,01115,19.93
35973,01019,100
35974,01049,100
35975,01049,90.93
35975,01095,9.07
35976,01009,2.19
35976,01043,0.15
35976,01095,97.66
35978,01049,81.13
35978,01071,18.87
35979,01049,59.3
35979,01071,40.7
35980,01009,23.83
35980,01095,76.17
35981,01049,100
35983,01019,100
35984,01019,13.23
35984,01049,86.77
35986,01049,100
35987,01115,100
35988,01049,100
35989,01049,100
35990,01055,100
36003,01001,100
36005,01005,0.59
36005,01011,27.2
36005,01109,72.21
36006,01001,75.7
36006,01021,24.3
36009,01031,2.49
36009,01041,97.51
36010,01031,14.54
36010,01045,0.75
36010,01109,84.71
36013,01101,100
36016,01005,100
36017,01005,100
36020,01051,100
36022,01001,32.58
36022,01051,67.42
36024,01051,100
36025,01051,100
36026,01037,69.7
36026,01051,30.3
36027,01005,98.87
36027,01067,0.42
36027,01113,0.71
36028,01039,57.62
36028,01041,42.38
36029,01011,79.11
36029,01087,20.89
36030,01013,100
36031,01087,100
36032,01013,15.39
36032,01085,84.61
36033,01013,97.3
36033,01035,2.51
36033,01099,0.19
36034,01031,23.17
36034,01041,28.5
36034,01109,48.33
36035,01041,15.53
36035,01109,84.47
36036,01041,29.76
36036,01101,70.24
36037,01013,99.76
36037,01041,0.24
36038,01039,100
36039,01087,100
36040,01085,100
36041,01041,98.33
36041,01101,1.67
36042,01013,40.2
36042,01041,59.8
36043,01085,33.31
36043,01101,66.69
36046,01041,62.68
36046,01101,37.32
36047,01085,75.29
36047,01101,24.71
36048,01005,100
36049,01041,98.69
36049,01109,1.31
36051,01001,70.1
36051,01021,17.19
36051,01051,12.72
36052,01011,2.3
36052,01101,97.7
36053,01005,35.33
36053,01011,64.67
36054,01051,100
36064,01101,100
36066,01001,90.53
36066,01051,9.47
36067,01001,100
36069,01101,95.5
36069,01109,4.5
36071,01013,2.22
36071,01041,97.78
36075,01087,100
36078,01051,64.06
36078,01123,35.94
36079,01031,3.62
36079,01109,96.38
36080,01037,0.35
36080,01051,99.65
36081,01011,1.74
36081,01109,98.26
36082,01109,100
36083,01087,100
36088,01087,100
36089,01011,95.22
36089,01087,4.78
36091,01001,9.48
36091,01021,89.39
36091,01037,1.12
36092,01051,100
36093,01051,100
36104,01101,100
36105,01101,100
36106,01101,100
36107,01101,100
36108,01101,100
36109,01101,100
36110,01101,100
36111,01101,100
36112,01101,100
36113,01101,100
36115,01101,100
36116,01101,100
36117,01101,100
36201,01015,100
36203,01015,73.21
36203,01121,26.79
36205,01015,100
36206,01015,100
36207,01015,100
36207,01029,0
36250,01015,100
36251,01027,100
36255,01027,98.14
36255,01123,1.86
36256,01027,1.02
36256,01123,98.98
36258,01027,51.03
36258,01029,36.59
36258,01111,12.38
36260,01015,73.02
36260,01121,26.98
36262,01029,100
36263,01111,100
36264,01029,95.06
36264,01111,4.94
36265,01015,100
36266,01027,86.4
36266,01111,13.6
36267,01027,100
36268,01027,0.42
36268,01121,99.58
36269,01029,100
36271,01015,100
36272,01015,66.05
36272,01019,23.11
36272,01029,2.98
36272,01055,7.86
36273,01029,100
36274,01017,5.36
36274,01111,94.64
36276,01017,14.2
36276,01027,7.21
36276,01111,76.12
36276,01123,2.47
36277,01015,100
36278,01111,100
36279,01015,100
36280,01111,100
36301,01061,0.54
36301,01069,99.46
36303,01045,3.26
36303,01067,0.06
36303,01069,96.68
36305,01061,5.03
36305,01069,94.97
36310,01067,100
36311,01005,22.06
36311,01031,9.46
36311,01045,68.48
36312,01069,100
36313,01061,100
36314,01061,100
36316,01031,45.93
36316,01061,54.07
36317,01005,9.32
36317,01045,4.41
36317,01067,86.27
36318,01031,24.54
36318,01061,75.46
36319,01067,40.16
36319,01069,59.84
36320,01069,100
36321,01069,100
36322,01031,1.21
36322,01045,98.51
36322,01061,0.28
36323,01031,100
36330,01031,91.06
36330,01045,8.94
36340,01061,100
36343,01069,100
36344,01061,100
36345,01045,4.79
36345,01067,89.04
36345,01069,6.16
36346,01031,100
36350,01045,92.58
36350,01069,7.42
36351,01031,100
36352,01045,38.2
36352,01061,1.23
36352,01069,60.57
36353,01045,25.66
36353,01067,74.34
36360,01031,0.04
36360,01045,99.96
36362,01045,100
36370,01069,100
36371,01045,100
36373,01067,100
36374,01005,8.45
36374,01045,91.55
36375,01061,85.32
36375,01069,14.68
36376,01069,100
36401,01035,99.55
36401,01099,0.45
36420,01039,98.45
36420,01053,1.55
36421,01035,2.03
36421,01039,97.97
36425,01099,100
36426,01035,0.7
36426,01053,99.3
36432,01035,84.38
36432,01053,15.62
36435,01131,100
36436,01025,100
36439,01099,100
36441,01053,100
36442,01039,99.52
36442,01061,0.48
36444,01099,100
36445,01099,100
36446,01025,100
36451,01025,100
36453,01031,61.06
36453,01039,0.73
36453,01061,38.22
36454,01035,100
36455,01039,100
36456,01013,68.46
36456,01035,25.16
36456,01039,6.37
36460,01035,0.31
36460,01099,99.69
36467,01031,2.94
36467,01039,97.06
36470,01099,100
36471,01035,2.94
36471,01099,97.06
36473,01035,100
36474,01013,0.24
36474,01035,2.73
36474,01039,97.03
36475,01035,74.59
36475,01099,25.41
36476,01039,100
36477,01031,6.77
36477,01061,93.23
36480,01003,1.02
36480,01099,98.98
36481,01099,89.38
36481,01131,10.62
36482,01025,100
36483,01039,66.04
36483,01053,33.96
36502,01003,1.2
36502,01035,0.47
36502,01053,96.99
36502,01099,1.34
36505,01097,100
36507,01003,100
36509,01097,100
36511,01003,100
36512,01097,100
36513,01097,14.05
36513,01129,85.95
36518,01129,100
36521,01097,100
36522,01097,93.86
36522,01129,6.14
36523,01097,100
36524,01025,100
36525,01097,100
36526,01003,100
36527,01003,100
36528,01097,100
36529,01129,100
36530,01003,100
36532,01003,100
36535,01003,100
36538,01129,100
36539,01129,100
36540,01025,100
36541,01097,100
36542,01003,100
36543,01053,100
36544,01097,100
36545,01025,100
36548,01129,100
36549,01003,100
36550,01003,100
36551,01003,100
36553,01129,100
36555,01003,100
36556,01129,100
36558,01023,6.67
36558,01129,93.33
36559,01003,100
36560,01097,100
36561,01003,100
36562,01003,96.12
36562,01053,3.88
36564,01003,100
36567,01003,100
36568,01097,100
36569,01129,100
36571,01097,100
36572,01097,100
36574,01003,100
36575,01097,100
36576,01003,100
36578,01003,100
36579,01003,100
36580,01003,100
36581,01129,100
36582,01097,100
36583,01129,100
36584,01129,100
36585,01129,100
36587,01097,100
36590,01097,100
36602,01097,100
36603,01097,100
36604,01097,100
36605,01097,100
36606,01097,100
36607,01097,100
36608,01097,100
36609,01097,100
36610,01097,100
36611,01097,100
36612,01097,100
36613,01097,100
36615,01097,100
36616,01097,100
36617,01097,100
36618,01097,100
36619,01097,100
36688,01097,100
36693,01097,100
36695,01097,100
36701,01047,98.45
36701,01105,1.55
36703,01001,1.25
36703,01047,98.75
36720,01131,100
36722,01091,4.87
36722,01131,95.13
36723,01131,100
36726,01131,100
36727,01025,100
36728,01091,40.35
36728,01131,59.65
36732,01091,100
36736,01091,100
36738,01065,20.48
36738,01091,79.52
36740,01063,100
36742,01065,18.05
36742,01091,81.95
36744,01065,99.33
36744,01105,0.67
36748,01091,100
36749,01001,62.08
36749,01047,37.92
36750,01007,1.93
36750,01021,98.07
36751,01025,9.31
36751,01099,46.35
36751,01131,44.34
36752,01085,100
36753,01099,74.12
36753,01131,25.88
36754,01091,100
36756,01105,100
36758,01001,20.82
36758,01021,31.52
36758,01047,47.66
36759,01047,88.41
36759,01105,11.59
36761,01047,50.13
36761,01085,46.6
36761,01131,3.27
36763,01091,100
36765,01065,75.27
36765,01105,24.73
36766,01131,100
36767,01047,100
36768,01099,5.84
36768,01131,94.16
36769,01091,9.75
36769,01131,90.25
36773,01047,72.07
36773,01091,27.93
36775,01047,100
36776,01065,100
36782,01091,100
36783,01091,99.15
36783,01131,0.85
36784,01025,86.82
36784,01091,10.45
36784,01131,2.73
36785,01047,23.86
36785,01085,76.14
36786,01091,1.01
36786,01105,98.99
36790,01021,100
36792,01007,61.08
36792,01021,38.92
36793,01007,62.68
36793,01021,16.2
36793,01105,21.13
36801,01017,1.24
36801,01081,98.76
36804,01081,95.34
36804,01087,0.85
36804,01113,3.81
36830,01081,97.78
36830,01087,2.22
36832,01081,100
36832,01087,0
36849,01081,100
36850,01017,10.95
36850,01081,1.83
36850,01123,87.22
36852,01017,18.27
36852,01081,81.73
36853,01123,100
36854,01017,82.49
36854,01081,17.51
36855,01017,100
36856,01113,100
36858,01113,100
36859,01113,100
36860,01011,2.09
36860,01087,11.14
36860,01113,86.77
36861,01123,100
36862,01017,100
36863,01017,100
36865,01081,100
36866,01081,5.26
36866,01087,72.31
36866,01123,22.43
36867,01081,19.24
36867,01113,80.76
36869,01113,100
36870,01081,81.78
36870,01113,18.22
36871,01113,100
36874,01081,92.36
36874,01113,7.64
36875,01113,100
36877,01081,100
36879,01017,20.1
36879,01081,77.2
36879,01123,2.7
36901,01119,100
36904,01023,100
36907,01119,100
36908,01023,100
36910,01023,100
36912,01023,100
36913,01023,100
36915,01023,100
36916,01023,100
36919,01023,99.25
36919,01129,0.75
36921,01023,100
36922,01023,73.78
36922,01119,26.22
36925,01119,100
37010,47125,63.8
37010,47147,36.2
37012,47041,79.23
37012,47159,15.27
37012,47189,5.5
37013,47037,100
37014,47149,31.97
37014,47187,68.03
37015,47021,96.7
37015,47037,2.36
37015,47043,0.01
37015,47125,0.93
37016,47015,74.02
37016,47189,25.98
37018,47003,3.19
37018,47031,96.81
37019,47117,100
37020,47003,70.51
37020,47149,29.49
37022,47111,0.18
37022,47165,88.88
37022,47169,10.93
37023,47161,100
37025,47043,16.22
37025,47081,82.83
37025,47187,0.95
37026,47015,100
37027,47037,19.53
37027,47187,80.47
37028,47161,100
37029,47043,100
37030,47159,100
37031,47165,77.77
37031,47169,22.23
37032,47021,1.54
37032,47147,98.46
37033,47081,100
37034,47003,13.88
37034,47117,86.12
37035,47021,100
37036,47021,2.71
37036,47043,97.29
37037,47149,100
37040,47125,100
37042,47125,100
37043,47021,0.48
37043,47125,99.52
37046,47117,1.64
37046,47149,1.96
37046,47187,96.4
37047,47055,11.9
37047,47103,0.98
37047,47117,87.12
37048,47147,10.2
37048,47165,89.8
37049,47147,100
37050,47083,27.43
37050,47125,16.72
37050,47161,55.86
37051,47043,67.2
37051,47083,1.09
37051,47125,31.71
37052,47125,100
37055,47043,99.02
37055,47081,0.98
37057,47111,37.77
37057,47159,38.01
37057,47169,24.22
37058,47161,100
37059,47041,100
37060,47003,12.15
37060,47149,78.03
37060,47187,9.82
37061,47083,100
37062,47043,1.18
37062,47187,98.82
37064,47037,0.12
37064,47187,99.88
37066,47165,100
37067,47187,100
37069,47187,100
37072,47037,51.24
37072,47147,10.46
37072,47165,38.3
37073,47147,100
37074,47111,13.84
37074,47169,86.16
37075,47165,100
37076,47037,97.88
37076,47189,2.12
37078,47081,0.74
37078,47085,99.26
37079,47125,19.2
37079,47161,80.8
37080,47021,45.4
37080,47037,54.6
37082,47021,100
37083,47111,100
37085,47149,87.51
37085,47189,12.49
37086,47037,0
37086,47149,100
37087,47159,2.37
37087,47169,0.59
37087,47189,97.04
37090,47159,4.84
37090,47189,95.16
37091,47003,3.04
37091,47117,96.72
37091,47119,0.24
37095,47015,24.06
37095,47041,71.74
37095,47189,4.21
37096,47135,99.8
37096,47181,0.2
37097,47135,100
37098,47081,100
37101,47081,1.15
37101,47083,2.48
37101,47085,96.37
37110,47015,0.77
37110,47061,0.69
37110,47175,0.06
37110,47177,98.47
37115,47037,100
37118,47015,2.77
37118,47149,74.45
37118,47189,22.78
37122,47037,0.3
37122,47149,2.02
37122,47189,97.68
37127,47149,100
37128,47149,100
37129,47149,100
37130,47149,100
37132,47149,100
37134,47085,100
37135,47037,6.05
37135,47149,11.32
37135,47187,82.63
37137,47081,100
37138,47037,59.91
37138,47189,40.09
37140,47081,100
37141,47147,100
37142,47125,100
37143,47021,88.92
37143,47037,11.08
37144,47003,6.76
37144,47055,1.44
37144,47103,59.96
37144,47117,27.48
37144,47127,4.37
37145,47087,7.42
37145,47111,10.15
37145,47159,82.43
37146,47021,71.97
37146,47147,28.03
37148,47147,3.51
37148,47165,96.49
37149,47015,50.81
37149,47149,49.19
37150,47027,30.04
37150,47111,69.96
37151,47159,100
37153,47003,4.47
37153,47149,95.53
37160,47003,99.22
37160,47127,0.78
37165,47043,100
37166,47015,0.86
37166,47041,94.03
37166,47177,5.11
37167,47149,100
37171,47125,100
37172,47147,100
37174,47119,44.03
37174,47187,55.97
37175,47083,62.17
37175,47161,37.83
37178,47083,83.9
37178,47161,16.1
37179,47187,100
37180,47003,100
37181,47043,87.87
37181,47083,12.13
37183,47003,84.92
37183,47031,7.99
37183,47127,7.09
37184,47159,5
37184,47189,95
37185,47083,0.22
37185,47085,99.78
37186,47111,37.1
37186,47165,62.9
37187,47021,4.1
37187,47043,95.9
37188,47147,51.75
37188,47165,48.25
37189,47037,100
37190,47015,98.99
37190,47177,1.01
37191,47125,100
37201,47037,100
37203,47037,100
37204,47037,100
37205,47037,100
37206,47037,100
37207,47037,100
37208,47037,100
37209,47037,100
37210,47037,100
37211,47037,100
37212,47037,100
37213,47037,100
37214,47037,100
37215,47037,99.71
37215,47187,0.29
37216,47037,100
37217,47037,100
37218,47037,100
37219,47037,100
37220,47037,100
37221,47037,94.22
37221,47187,5.78
37228,47037,100
37240,47037,100
37243,47037,0
37246,47037,0
37301,47061,100
37302,47065,100
37303,47107,100
37305,47061,100
37306,47051,96.67
37306,47127,3.33
37307,47139,100
37308,47065,68.72
37308,47121,31.28
37309,47107,86.76
37309,47139,13.24
37310,47011,93.23
37310,47139,6.77
37311,47011,99.57
37311,47065,0.43
37312,47011,100
37313,47061,100
37315,47065,100
37317,47139,100
37318,47051,100
37321,47007,0.92
37321,47143,99.08
37322,47107,7.43
37322,47121,92.57
37323,47011,99.92
37323,47139,0.08
37324,47051,97.82
37324,47061,2.18
37325,47107,13.33
37325,47139,86.67
37326,47139,100
37327,47007,7.77
37327,47153,92.23
37328,47051,10.19
37328,47103,89.81
37329,47107,93.63
37329,47123,6.37
37330,47031,6.09
37330,47051,93.91
37331,47107,100
37332,47007,1.03
37332,47143,98.97
37333,47139,100
37334,47003,0.18
37334,47103,97.95
37334,47127,1.86
37335,47051,0.86
37335,47103,99.14
37336,47011,39.1
37336,47065,32.27
37336,47121,28.63
37337,47007,1.09
37337,47035,39.39
37337,47143,59.52
37338,47007,27.29
37338,47065,1.45
37338,47143,47.69
37338,47153,23.57
37339,47061,100
37340,47115,100
37341,47065,100
37342,47031,100
37343,47065,100
37345,47051,100
37347,47115,100
37348,47103,100
37350,47065,100
37351,47065,100
37352,47127,100
37353,47011,85.24
37353,47065,14.76
37354,47107,0.75
37354,47123,99.25
37355,47031,100
37356,47061,63.23
37356,47115,36.77
37357,47015,6.24
37357,47031,22.97
37357,47061,4.79
37357,47177,66
37359,47103,64.37
37359,47127,35.63
37360,47003,41.22
37360,47031,48.61
37360,47127,10.16
37361,47139,100
37362,47011,29.01
37362,47139,70.99
37363,47065,100
37365,47061,99.62
37365,47153,0.38
37366,47061,100
37367,47007,94.21
37367,47035,0.46
37367,47175,5.33
37369,47123,7.95
37369,47139,92.05
37370,47107,100
37373,47065,100
37374,47115,100
37375,47051,90.81
37375,47115,9.19
37376,47051,100
37377,47065,90.12
37377,47153,9.88
37379,47007,0.93
37379,47065,98.16
37379,47153,0.91
37380,47115,100
37381,47007,10.34
37381,47143,89.66
37385,47123,100
37387,47061,100
37388,47003,0.5
37388,47031,76.1
37388,47051,17.71
37388,47127,5.69
37391,47139,100
37394,47177,100
37396,47115,100
37397,47115,87
37397,47153,13
37398,47051,99.18
37398,47127,0.82
37402,47065,100
37403,47065,100
37404,47065,100
37405,47065,93.4
37405,47115,6.6
37406,47065,100
37407,47065,100
37408,47065,100
37409,47065,100
37410,47065,100
37411,47065,100
37412,47065,100
37415,47065,100
37416,47065,100
37419,47065,92.62
37419,47115,7.38
37421,47065,100
37601,47019,29.01
37601,47171,0.8
37601,47179,70.19
37604,47019,0.81
37604,47179,99.19
37614,47179,100
37615,47179,100
37616,47059,100
37617,47163,100
37618,47163,100
37620,47163,100
37640,47019,32.01
37640,47091,67.99
37641,47059,78.76
37641,47179,21.24
37642,47073,100
37643,47019,100
37645,47073,100
37650,47171,96.32
37650,47179,3.68
37656,47059,22.25
37656,47163,8
37656,47179,69.76
37657,47171,100
37658,47019,100
37659,47163,0.24
37659,47179,99.76
37660,47073,7.9
37660,47163,92.1
37663,47163,93.9
37663,47179,6.1
37664,47163,100
37665,47163,100
37680,47091,100
37681,47059,27.87
37681,47179,72.13
37682,47019,100
37683,47091,100
37686,47163,99.26
37686,47179,0.74
37687,47019,100
37688,47091,100
37690,47179,100
37691,47091,100
37692,47171,100
37694,47019,85.63
37694,47163,9.57
37694,47179,4.81
37701,47009,100
37705,47001,78.22
37705,47173,21.78
37708,47057,100
37709,47057,97.64
37709,47093,2.36
37710,47001,100
37711,47059,30.43
37711,47063,1.49
37711,47073,68.08
37713,47029,100
37714,47013,100
37715,47013,17.4
37715,47025,82.6
37716,47001,100
37719,47129,100
37721,47093,85.68
37721,47173,14.32
37722,47029,81.55
37722,47155,18.45
37723,47035,100
37724,47025,100
37725,47089,98.79
37725,47155,1.21
37726,47049,8.79
37726,47129,91.21
37727,47029,100
37729,47013,100
37730,47025,100
37731,47067,22.78
37731,47073,77.22
37732,47151,100
37733,47129,100
37737,47009,95.8
37737,47105,4.2
37738,47155,100
37742,47009,46.33
37742,47105,53.67
37743,47029,0.16
37743,47059,99.84
37745,47059,100
37748,47129,10.7
37748,47145,89.3
37752,47025,98.59
37752,47067,1.41
37753,47029,100
37754,47001,59.78
37754,47093,35.02
37754,47173,5.2
37755,47151,100
37756,47151,100
37757,47013,100
37760,47089,100
37762,47013,100
37763,47145,100
37764,47093,6.7
37764,47155,93.3
37765,47067,100
37766,47013,100
37769,47001,91.44
37769,47013,8.56
37770,47129,100
37771,47105,92.78
37771,47145,7.22
37772,47093,1.68
37772,47105,98.32
37774,47105,93.17
37774,47123,0.74
37774,47145,6.09
37777,47009,100
37779,47093,5.15
37779,47173,94.85
37801,47009,96.9
37801,47123,3.1
37803,47009,100
37804,47009,100
37806,47093,100
37807,47093,1.83
37807,47173,98.17
37809,47059,100
37810,47059,100
37811,47057,4.82
37811,47073,95.18
37813,47063,98.29
37813,47089,1.71
37814,47063,100
37818,47059,100
37819,47013,100
37820,47089,100
37821,47029,100
37825,47025,96.65
37825,47173,3.35
37826,47107,98.05
37826,47121,1.95
37828,47001,100
37829,47129,100
37830,47001,89
37830,47093,0.69
37830,47145,10.31
37840,47001,34.96
37840,47129,27.42
37840,47145,37.62
37841,47151,100
37843,47029,100
37845,47129,100
37846,47105,40.38
37846,47107,2.11
37846,47123,30.52
37846,47145,27
37847,47013,47.16
37847,47151,52.84
37848,47057,72.76
37848,47173,27.24
37849,47001,15.96
37849,47093,84.04
37851,47025,100
37852,47129,8.21
37852,47151,91.79
37853,47009,96.33
37853,47093,3.67
37854,47035,14.45
37854,47129,5.31
37854,47145,80.24
37857,47073,99.6
37857,47163,0.4
37860,47063,100
37861,47057,100
37862,47155,100
37863,47155,100
37865,47009,21.21
37865,47155,78.79
37866,47173,100
37869,47025,1.85
37869,47067,93.46
37869,47073,4.69
37870,47013,15.72
37870,47025,78.54
37870,47173,5.74
37871,47089,39.46
37871,47093,38.65
37871,47155,21.9
37872,47129,91.96
37872,47151,8.04
37873,47073,100
37874,47105,3.75
37874,47107,13.67
37874,47123,82.59
37876,47089,2
37876,47155,98
37877,47063,62.39
37877,47089,37.61
37878,47009,100
37879,47025,95.79
37879,47067,4.21
37880,47121,56.69
37880,47145,43.31
37881,47057,54.91
37881,47067,37.93
37881,47073,7.16
37882,47009,100
37885,47105,5.74
37885,47123,94.26
37886,47009,100
37887,47129,100
37888,47057,91.86
37888,47173,8.14
37890,47063,1.06
37890,47089,98.94
37891,47063,76.86
37891,47073,23.14
37892,47151,100
37902,47093,100
37909,47093,100
37912,47093,100
37914,47093,100
37915,47093,100
37916,47093,100
37917,47093,100
37918,47093,100
37919,47093,100
37920,47009,0.54
37920,47093,99.46
37921,47093,100
37922,47093,100
37923,47093,100
37924,47093,100
37931,47001,3.6
37931,47093,96.4
37932,47093,100
37934,47093,100
37938,47093,100
38001,47033,100
38002,47047,5.16
38002,47157,94.84
38004,47157,3.28
38004,47167,96.72
38006,47033,79.53
38006,47075,16.52
38006,47113,3.96
38007,47045,100
38008,47069,100
38011,47157,1.97
38011,47167,98.03
38012,47075,100
38015,47167,100
38016,47157,100
38017,47047,4.57
38017,47157,95.43
38018,47157,100
38019,47167,100
38021,47033,100
38023,47167,100
38024,47045,100
38028,47047,54.7
38028,47157,45.3
38029,47157,100
38030,47045,100
38034,47033,76.05
38034,47045,23.95
38036,47047,100
38037,47075,26.85
38037,47097,73.15
38039,47047,16.08
38039,47069,83.92
38040,47033,11.23
38040,47045,5.64
38040,47097,83.13
38041,47097,100
38042,47047,1.51
38042,47069,98.49
38044,47023,4.39
38044,47069,81.04
38044,47109,14.57
38046,47047,100
38047,47045,100
38049,47047,32.54
38049,47167,67.46
38050,47033,100
38052,47069,100
38053,47157,88.26
38053,47167,11.74
38054,47157,100
38057,47047,100
38058,47167,100
38059,47045,96.91
38059,47053,3.09
38060,47047,100
38061,47069,61.62
38061,47109,38.38
38063,47075,1.65
38063,47097,98.35
38066,47047,100
38067,47069,100
38068,47047,100
38069,47075,84.64
38069,47167,15.36
38070,47045,100
38075,47047,4.93
38075,47069,86.74
38075,47075,8.33
38076,47047,100
38077,47095,100
38079,21075,0.32
38079,47095,99.68
38080,47045,11.33
38080,47095,86.84
38080,47131,1.83
38103,47157,100
38104,47157,100
38105,47157,100
38106,47157,100
38107,47157,100
38108,47157,100
38109,47157,100
38111,47157,100
38112,47157,100
38114,47157,100
38115,47157,100
38116,47157,100
38117,47157,100
38118,47157,100
38119,47157,100
38120,47157,100
38122,47157,100
38125,47157,100
38126,47157,100
38127,47157,100
38128,47157,100
38131,47157,0
38132,47157,100
38133,47157,100
38134,47157,100
38135,47157,100
38138,47157,100
38139,47157,100
38141,47157,100
38152,47157,100
38201,47017,78.27
38201,47079,6.09
38201,47183,15.63
38220,47017,92.05
38220,47053,7.95
38221,47005,100
38222,47079,100
38224,47079,94.56
38224,47183,5.44
38225,47183,100
38226,47183,100
38229,47183,100
38230,47183,100
38231,47079,100
38232,47131,100
38233,47053,54.1
38233,47131,45.9
38235,47017,100
38236,47079,100
38237,47183,100
38240,47045,3.45
38240,47131,96.55
38241,47183,100
38242,47079,99.33
38242,47183,0.67
38251,47079,100
38253,47131,100
38254,47131,100
38255,47183,100
38256,47079,100
38257,47131,96.88
38257,47183,3.12
38258,47017,100
38259,47045,91.74
38259,47053,2.67
38259,47131,5.58
38260,47131,100
38261,47131,100
38301,47113,100
38305,47017,0.3
38305,47113,99.7
38310,47071,33.28
38310,47109,66.72
38311,47039,100
38313,47023,19.76
38313,47077,21
38313,47113,59.24
38315,47023,6.4
38315,47109,93.6
38316,47053,100
38317,47005,2.6
38317,47017,97.4
38318,47017,100
38320,47005,100
38321,47017,63.31
38321,47077,36.69
38326,28141,1.05
38326,47071,98.95
38327,47071,100
38328,47077,100
38329,47039,97.67
38329,47077,2.33
38330,47053,100
38332,47023,90.71
38332,47109,9.29
38333,47005,100
38334,47023,37.47
38334,47109,62.53
38337,47033,100
38339,47109,100
38340,47023,97.82
38340,47069,2.18
38341,47005,80.86
38341,47017,0.84
38341,47039,18.29
38342,47017,100
38343,47033,6.27
38343,47053,78.35
38343,47113,15.39
38344,47017,100
38345,47077,100
38347,47023,100
38348,47017,100
38351,47077,99.86
38351,47113,0.14
38352,47023,78.14
38352,47077,21.86
38355,47053,79.09
38355,47113,20.91
38356,47023,8.57
38356,47069,24.03
38356,47113,67.4
38357,47071,12.99
38357,47109,87.01
38358,47053,100
38359,47023,5.76
38359,47071,42.45
38359,47109,51.8
38361,47071,98.09
38361,47109,1.91
38362,47113,100
38363,47039,99.03
38363,47077,0.97
38365,47071,100
38366,47023,21.84
38366,47113,78.16
38367,47109,100
38368,47023,23.78
38368,47077,76.22
38369,47053,100
38370,47071,100
38371,47071,24.78
38371,47077,75.22
38372,47071,100
38374,47039,43.23
38374,47077,56.77
38375,47109,100
38376,47071,64.38
38376,47109,35.62
38379,47109,100
38380,47005,14.81
38380,47039,85.19
38381,47069,100
38382,47053,100
38387,47017,100
38388,47077,100
38390,47017,87.1
38390,47077,12.9
38391,47113,100
38392,47069,10.7
38392,47113,89.3
38401,47117,0.76
38401,47119,99.01
38401,47187,0.23
38425,47071,5.37
38425,47135,3.46
38425,47181,91.17
38449,47055,52.69
38449,47103,47.31
38450,47181,100
38451,47055,1.74
38451,47117,9.02
38451,47119,89.24
38452,47181,100
38453,47055,25.2
38453,47103,74.8
38454,47081,100
38455,47055,100
38456,47055,15.71
38456,47099,84.29
38457,47099,100
38459,47055,27.15
38459,47103,72.85
38460,47055,100
38461,47101,39.67
38461,47119,60.33
38462,47081,0.53
38462,47101,99.47
38463,47099,27.8
38463,47181,72.2
38464,47055,2.26
38464,47099,95.15
38464,47181,2.59
38468,47055,3.29
38468,47099,96.71
38469,47099,100
38471,47181,100
38472,47055,97.74
38472,47117,2.26
38473,47055,100
38474,47055,1.06
38474,47099,1.53
38474,47101,1.29
38474,47119,96.12
38475,47071,91.81
38475,47181,8.19
38476,47081,35.59
38476,47119,18.16
38476,47187,46.25
38477,47055,100
38478,47055,100
38481,47099,100
38482,47119,100
38483,47055,1.92
38483,47099,74.52
38483,47101,21.56
38483,47119,2
38485,47101,0.77
38485,47181,99.23
38486,47099,89.66
38486,47181,10.34
38487,47081,19.96
38487,47119,80.04
38488,47103,100
38501,47087,6.92
38501,47133,0.08
38501,47141,93
38504,47049,96.34
38504,47151,3.66
38505,47141,100
38506,47133,12.68
38506,47141,84.38
38506,47185,2.94
38541,47027,34.22
38541,47133,65.78
38542,47133,100
38543,47133,83.04
38543,47137,16.96
38544,47041,3.96
38544,47141,96.04
38545,47087,54.21
38545,47141,45.79
38547,47159,100
38548,47141,61.56
38548,47159,38.44
38549,47049,1.2
38549,47137,98.8
38551,47027,99.34
38551,47087,0.66
38552,47159,100
38553,47049,100
38554,47133,100
38555,47035,100
38556,47049,99.73
38556,47137,0.27
38558,47035,100
38559,47175,20.97
38559,47185,79.03
38560,47159,100
38562,47087,100
38563,47159,100
38564,47087,95.36
38564,47141,4.64
38565,47049,100
38567,47041,5.1
38567,47159,94.9
38568,47027,20.11
38568,47087,14.6
38568,47133,65.29
38569,47041,30.58
38569,47159,69.42
38570,47133,100
38571,47035,100
38572,47007,1.18
38572,47035,98.82
38573,47133,73.34
38573,47137,26.66
38574,47035,13.56
38574,47049,4.84
38574,47133,19.08
38574,47141,62.52
38575,47027,100
38577,47049,41.02
38577,47137,58.98
38578,47035,100
38579,47185,100
38580,47133,100
38581,47041,1
38581,47175,18.24
38581,47177,80.76
38582,47041,21.81
38582,47141,78.19
38583,47035,4.71
38583,47041,2.6
38583,47141,0.89
38583,47175,0.98
38583,47185,90.82
38585,47175,100
38587,47185,100
38588,47027,17.71
38588,47087,82.29
38589,47049,36
38589,47133,64
38601,28071,100
38603,28009,98.13
38603,28139,1.87
38606,28071,0.74
38606,28107,99.04
38606,28119,0.22
38610,28009,3.56
38610,28139,86.79
38610,28145,9.66
38611,28033,14.17
38611,28093,85.83
38614,28011,0.07
38614,28027,99.93
38617,28027,100
38618,28033,0.55
38618,28093,1.53
38618,28137,97.92
38619,28071,20.82
38619,28107,76.8
38619,28137,2.38
38620,28107,100
38621,28107,69.63
38621,28119,30.37
38622,28107,40.85
38622,28119,59.15
38623,28119,100
38625,28139,67.01
38625,28145,32.99
38626,28027,25.2
38626,28143,74.8
38627,28071,19.64
38627,28145,80.36
38629,28009,12.68
38629,28139,87.32
38630,28027,100
38631,28027,100
38632,28033,100
38633,28009,80.97
38633,28145,19.03
38635,28009,3.31
38635,28093,94.54
38635,28137,2.16
38637,28033,100
38639,28027,100
38641,28033,100
38642,28009,55.45
38642,28093,44.55
38643,28119,99.69
38643,28135,0.31
38644,28027,100
38645,28027,95.49
38645,28119,4.51
38646,28119,100
38647,28009,100
38650,28009,0.75
38650,28145,99.25
38651,28033,100
38652,28145,100
38654,28033,99.46
38654,28093,0.54
38655,28071,100
38658,28107,100
38659,28009,9.4
38659,28093,90.6
38661,28093,100
38663,28009,0.41
38663,28139,99.59
38664,28143,100
38665,28107,18.75
38665,28137,81.25
38666,28107,100
38668,28137,100
38670,28119,90.86
38670,28143,9.14
38671,28033,100
38672,28033,100
38673,28071,100
38674,28139,100
38676,28143,100
38677,28071,100
38680,28033,100
38683,28003,33.71
38683,28009,2.47
38683,28139,63.83
38685,28071,8.54
38685,28093,91.46
38701,28151,100
38702,28011,100
38703,28011,0.77
38703,28151,99.23
38704,28055,100
38720,28011,49.08
38720,28027,50.92
38721,28125,100
38722,28151,100
38723,28151,100
38725,28011,100
38726,28011,100
38730,28011,100
38731,28151,100
38732,28011,98.18
38732,28133,1.82
38736,28083,13.18
38736,28133,86.82
38737,28133,98.67
38737,28135,1.33
38738,28133,100
38740,28011,100
38744,28055,15.84
38744,28151,84.16
38745,28055,100
38746,28011,100
38748,28125,1.67
38748,28151,98.33
38749,28133,100
38751,28133,100
38753,28053,4.81
38753,28133,95.19
38754,28053,94.52
38754,28133,5.48
38756,28151,100
38759,28011,74.12
38759,28133,25.88
38760,28151,100
38761,28083,1.32
38761,28133,98.68
38762,28011,99.91
38762,28133,0.09
38764,28011,100
38765,28125,100
38767,28027,100
38768,28133,100
38769,05041,0.09
38769,28011,99.91
38771,28133,100
38772,28011,100
38773,28011,87.82
38773,28133,12.18
38774,28011,100
38778,28133,100
38781,28011,100
38801,28081,96
38801,28115,4
38804,28057,1.52
38804,28081,98.48
38821,28095,100
38824,28057,7.12
38824,28081,34.08
38824,28117,51.54
38824,28139,0.77
38824,28145,6.49
38826,28081,62.75
38826,28115,37.25
38827,28141,100
38828,28081,5.77
38828,28115,6.9
38828,28145,87.33
38829,28117,97.92
38829,28139,2.08
38833,28003,6.03
38833,28117,6.54
38833,28141,87.43
38834,28003,100
38838,28141,100
38841,28115,96.43
38841,28145,3.57
38843,28057,99.7
38843,28081,0.3
38844,28095,100
38846,28003,85.73
38846,28141,14.27
38847,28057,74.95
38847,28141,25.05
38848,28095,100
38849,28057,0.53
38849,28081,90.78
38849,28145,8.7
38850,28013,7.58
38850,28017,73.42
38850,28115,19.01
38851,28017,100
38852,01033,0.54
38852,28141,99.46
38855,28057,100
38856,28057,50.11
38856,28117,49.89
38857,28081,100
38858,28057,21.36
38858,28081,34.63
38858,28095,44.01
38859,28117,100
38860,28017,83.67
38860,28081,3
38860,28095,13.33
38862,28081,100
38863,28071,0.04
38863,28115,99.96
38864,28013,16.75
38864,28115,83.25
38865,28003,80.54
38865,28117,19.46
38866,28081,100
38868,28017,2.77
38868,28081,88.16
38868,28095,3.43
38868,28115,5.64
38869,28115,100
38870,28057,4.52
38870,28095,95.48
38871,28071,8.11
38871,28115,90.18
38871,28145,1.71
38873,28117,7.76
38873,28141,92.24
38876,28057,100
38878,28013,98.46
38878,28017,1.54
38879,28081,100
38901,28015,1.7
38901,28043,97.92
38901,28135,0.37
38913,28013,100
38914,28013,87.68
38914,28043,12.32
38915,28013,100
38916,28013,98.81
38916,28155,1.19
38917,28015,100
38920,28135,100
38921,28135,100
38922,28043,13.53
38922,28161,86.47
38923,28015,100
38924,28015,9.73
38924,28051,85.73
38924,28053,1.17
38924,28083,3.37
38925,28043,15.74
38925,28097,83.33
38925,28155,0.93
38927,28107,14.17
38927,28135,85.16
38927,28161,0.67
38928,28135,100
38929,28013,3.26
38929,28043,86.18
38929,28155,10.55
38930,28015,5.15
38930,28083,94.85
38940,28015,3.74
38940,28043,80.76
38940,28135,15.51
38941,28083,100
38943,28015,100
38944,28083,100
38945,28083,100
38946,28083,100
38947,28015,100
38948,28135,28.76
38948,28161,71.24
38949,28071,100
38950,28135,100
38951,28013,100
38952,28083,100
38953,28043,14.29
38953,28135,45.24
38953,28161,40.48
38954,28015,12.55
38954,28083,87.45
38957,28135,100
38958,28083,100
38961,28135,31.88
38961,28161,68.12
38962,28135,100
38963,28027,2.99
38963,28133,0.82
38963,28135,96.19
38964,28119,71.15
38964,28135,28.85
38965,28013,3.36
38965,28071,15.36
38965,28107,2.62
38965,28161,78.66
38966,28135,100
38967,28015,14.4
38967,28097,85.6
39038,28051,2.22
39038,28053,97.08
39038,28083,0.7
39039,28163,100
39040,28163,100
39041,28049,100
39042,28121,99.89
39042,28129,0.11
39044,28121,31.97
39044,28127,68.03
39045,28089,100
39046,28089,100
39047,28121,100
39051,28007,0.69
39051,28079,96.98
39051,28089,0.62
39051,28099,1.71
39054,28125,100
39056,28049,100
39057,28101,92.75
39057,28123,7.25
39059,28029,98.14
39059,28049,1.86
39061,28125,100
39062,28127,100
39063,28051,100
39066,28049,100
39067,28007,100
39069,28063,100
39071,28049,1.31
39071,28089,98.69
39073,28121,93.43
39073,28127,6.57
39074,28123,95.69
39074,28129,4.31
39078,28029,100
39079,28007,6.68
39079,28051,92.98
39079,28089,0.34
39082,28127,100
39083,28029,100
39086,28021,86.61
39086,28029,13.39
39088,28125,25.93
39088,28163,74.07
39090,28007,94.52
39090,28079,5.48
39092,28101,19.22
39092,28123,80.13
39092,28129,0.65
39094,28079,48.38
39094,28121,17.14
39094,28123,34.48
39095,28015,2.01
39095,28051,97.94
39095,28163,0.05
39096,28021,56.03
39096,28063,43.97
39097,28053,100
39108,28007,55.37
39108,28019,25.84
39108,28159,18.79
39110,28089,100
39111,28127,94.45
39111,28129,5.55
39113,28055,100
39114,28121,7.22
39114,28127,92.25
39114,28129,0.53
39115,28053,100
39116,28129,100
39117,28121,3.96
39117,28123,81.8
39117,28129,14.24
39119,28031,60.77
39119,28065,7.85
39119,28127,12.75
39119,28129,18.63
39120,28001,97.76
39120,28063,2.24
39140,28065,32.09
39140,28077,52.67
39140,28127,15.24
39144,28021,84.54
39144,28029,9.11
39144,28063,6.34
39145,28121,97.99
39145,28123,2.01
39146,28051,69.55
39146,28089,21.75
39146,28163,8.69
39149,28127,100
39150,28021,100
39152,28123,45.25
39152,28129,54.75
39153,28129,100
39154,28049,100
39156,28149,100
39157,28089,100
39159,28055,11.34
39159,28125,88.66
39160,28007,96.23
39160,28079,3.77
39162,28163,100
39166,28053,100
39167,28121,100
39168,28031,12.57
39168,28067,22.01
39168,28129,65.42
39169,28051,100
39170,28029,0.52
39170,28049,99.48
39174,28049,20.7
39174,28089,79.3
39175,28021,4.77
39175,28029,12.39
39175,28049,82.84
39176,28007,14.86
39176,28015,84.66
39176,28097,0.47
39177,28055,100
39179,28163,100
39180,28149,100
39183,28055,0.03
39183,28149,99.97
39189,28079,92
39189,28123,8
39191,28029,65.3
39191,28077,0.05
39191,28085,34.65
39192,28007,51.18
39192,28015,3.92
39192,28051,44.89
39193,28121,100
39194,28053,0.63
39194,28163,99.37
39201,28049,100
39202,28049,100
39203,28049,100
39204,28049,100
39206,28049,100
39208,28121,100
39209,28049,99.87
39209,28089,0.13
39211,28049,100
39212,28049,100
39213,28049,99.75
39213,28089,0.25
39216,28049,100
39217,28049,100
39218,28121,100
39232,28121,100
39269,28049,0
39272,28049,100
39301,28023,5.9
39301,28075,94.1
39305,28075,100
39307,28075,100
39309,28075,100
39320,28069,17.45
39320,28075,82.55
39322,28153,100
39323,28075,20.39
39323,28101,79.61
39325,28069,7.74
39325,28075,83.12
39325,28099,6.52
39325,28101,2.62
39326,28069,38.47
39326,28075,61.53
39327,28101,100
39328,28069,100
39330,28023,81.54
39330,28061,3.79
39330,28075,13.36
39330,28101,1.31
39332,28061,5.82
39332,28101,94.18
39335,28069,6.01
39335,28075,93.99
39336,28061,2.19
39336,28101,96.84
39336,28129,0.97
39337,28099,5.7
39337,28101,94.3
39338,28061,79.87
39338,28129,20.13
39339,28159,100
39341,28103,98.78
39341,28159,1.22
39342,28075,100
39345,28061,2.68
39345,28101,97.32
39346,28099,5.53
39346,28159,94.47
39347,28023,40.35
39347,28061,59.65
39348,28061,100
39350,28069,1.66
39350,28079,0.45
39350,28099,96.9
39350,28159,0.99
39352,28069,100
39354,28069,70.96
39354,28099,5.21
39354,28103,1.77
39354,28159,22.06
39355,28023,100
39356,28061,100
39358,28069,99.64
39358,28103,0.36
39359,28123,100
39360,28023,62.66
39360,28153,37.34
39361,28069,0.89
39361,28103,99.11
39362,28041,48.22
39362,28153,51.78
39363,28023,100
39364,28075,100
39365,28069,0.04
39365,28079,0.34
39365,28099,60.58
39365,28101,39.04
39366,28023,41.01
39366,28061,58.99
39367,28023,1.66
39367,28153,98.34
39401,28031,0.14
39401,28035,95.35
39401,28067,0.79
39401,28073,3.72
39402,28031,0.11
39402,28035,25.13
39402,28073,74.76
39406,28035,100
39421,28065,87.77
39421,28091,12.23
39422,28061,87.95
39422,28129,12.05
39423,28111,100
39425,28035,57.53
39425,28111,42.47
39426,28045,2.53
39426,28109,97.47
39427,28065,100
39428,28031,100
39429,28065,0.12
39429,28073,0.27
39429,28091,99.61
39437,28067,100
39439,28023,3.24
39439,28061,72.75
39439,28067,21.34
39439,28153,2.67
39440,28067,100
39443,28061,4.63
39443,28067,92.85
39443,28153,2.52
39451,28041,100
39452,28039,82.57
39452,28041,7.55
39452,28059,9.88
39455,28035,8.62
39455,28073,61.07
39455,28091,0.23
39455,28109,24.51
39455,28131,5.57
39456,28041,92.49
39456,28111,7.51
39459,28067,100
39461,28041,100
39462,28111,100
39464,28067,86.54
39464,28111,13.46
39465,28035,91.1
39465,28067,0.26
39465,28111,8.64
39466,28045,11.66
39466,28109,88.34
39470,28045,0.53
39470,28109,99.47
39474,28031,0.23
39474,28065,99.77
39475,28035,2.36
39475,28073,97.64
39476,28041,26.69
39476,28067,2.59
39476,28111,65.04
39476,28153,5.68
39477,28067,100
39478,28091,55.11
39478,28147,44.89
39479,28031,84.09
39479,28067,15.91
39480,28061,2.31
39480,28067,97.69
39481,28061,100
39482,28031,6.53
39482,28065,5.5
39482,28073,83.04
39482,28091,4.94
39483,28091,98.84
39483,28147,1.16
39501,28047,100
39503,28047,100
39507,28047,100
39520,28045,100
39525,28045,100
39530,28047,100
39531,28047,100
39532,28047,71.6
39532,28059,28.4
39534,28047,100
39540,28047,100
39553,28059,100
39556,28045,100
39560,28047,100
39561,28131,100
39562,28059,100
39563,28059,100
39564,28059,100
39565,28047,0.2
39565,28059,99.8
39567,28059,100
39571,28045,2.19
39571,28047,97.81
39572,28045,100
39573,28039,3.56
39573,28045,21.91
39573,28047,1.11
39573,28059,1.52
39573,28109,1.31
39573,28131,70.59
39574,28047,99.59
39574,28131,0.41
39576,28045,100
39577,28035,7.58
39577,28111,4.66
39577,28131,87.77
39581,28059,100
39601,28037,1.36
39601,28085,98.64
39629,28085,100
39630,28037,100
39631,28005,21.09
39631,28157,78.91
39633,28005,22.85
39633,28157,77.15
39635,28113,100
39638,28005,98.68
39638,28157,1.32
39641,28077,43.4
39641,28085,1.18
39641,28113,9.74
39641,28147,45.68
39643,28091,79.58
39643,28147,20.42
39645,28005,100
39647,28037,94.92
39647,28085,5.08
39648,28113,100
39652,28005,13.41
39652,28113,86.59
39653,28005,2.04
39653,28037,97.39
39653,28063,0.57
39654,28077,100
39656,28065,69.74
39656,28077,30.26
39657,28005,21.18
39657,28113,78.82
39661,28001,22.92
39661,28037,77.08
39662,28077,10.55
39662,28085,67.6
39662,28113,21.85
39663,28065,9.35
39663,28077,90.65
39664,28005,56.56
39664,28037,28.99
39664,28085,14.45
39665,28077,79.26
39665,28085,20.74
39666,28005,8.79
39666,28085,6.26
39666,28113,84.95
39667,28091,1.37
39667,28113,4.62
39667,28147,94.01
39668,28037,3.23
39668,28063,72.54
39668,28085,24.23
39669,28157,100
39701,28087,100
39702,28087,100
39705,28087,100
39730,28095,100
39735,28019,100
39736,28087,100
39737,28155,100
39739,28103,100
39740,28087,90.43
39740,28095,9.57
39741,28025,100
39743,28087,75.81
39743,28103,1.02
39743,28105,23.17
39744,28013,0.63
39744,28019,7.71
39744,28155,91.66
39745,28007,17.53
39745,28019,71.85
39745,28097,10.62
39746,28095,100
39747,28097,100
39750,28019,1.33
39750,28025,5.11
39750,28105,44.05
39750,28155,49.51
39751,28017,3.36
39751,28025,31.86
39751,28155,64.78
39752,28019,41.29
39752,28155,58.71
39755,28025,81.64
39755,28105,18.36
39756,28017,9.88
39756,28025,52.75
39756,28095,37.36
39759,28087,0.4
39759,28105,99.6
39760,28105,100
39762,28105,100
39766,28087,100
39767,28019,23.46
39767,28097,25.9
39767,28155,50.64
39769,28019,1.2
39769,28105,83.36
39769,28159,15.44
39771,28155,100
39772,28019,100
39773,28025,98.78
39773,28095,1.22
39776,28017,90.08
39776,28025,9.92
39813,13007,6.64
39813,13037,62.99
39813,13099,30.38
39815,13087,100
39817,13087,100
39819,13087,100
39823,13099,98.28
39823,13201,1.72
39824,13061,56.25
39824,13099,43.75
39825,13087,93.98
39825,13253,6.02
39826,13273,100
39827,13131,100
39828,13131,100
39834,13087,100
39836,13061,14.75
39836,13243,85.25
39837,13007,6.26
39837,13087,5.25
39837,13099,0.39
39837,13201,88.1
39840,13243,100
39841,13007,16.4
39841,13099,75.06
39841,13201,8.54
39842,13037,0.25
39842,13273,99.75
39845,13099,0.93
39845,13201,5.63
39845,13253,93.44
39846,13037,95.08
39846,13061,4.92
39851,13061,100
39854,13061,6.94
39854,13239,93.06
39859,13201,2.19
39859,13253,97.81
39861,13099,96.71
39861,13253,3.29
39862,13007,35.6
39862,13037,64.4
39866,13037,100
39867,13061,37.69
39867,13239,31.46
39867,13243,30.84
39870,13007,100
39877,13273,62.2
39877,13307,37.8
39885,13273,100
39886,13037,2.97
39886,13243,92.88
39886,13273,4.15
39897,13087,1.72
39897,13131,98.28
40003,21073,7.15
40003,21211,92.85
40004,21179,100
40006,21041,2.54
40006,21223,97.46
40007,21103,100
40008,21179,92.58
40008,21215,7.42
40009,21155,81.92
40009,21217,18.08
40010,21185,100
40011,21041,5.69
40011,21103,81.48
40011,21223,12.83
40012,21179,100
40013,21029,3.09
40013,21179,85.01
40013,21215,11.9
40014,21185,100
40019,21103,95.38
40019,21211,4.62
40020,21179,100
40022,21211,100
40023,21111,50
40023,21211,0.24
40023,21215,49.76
40025,21111,100
40026,21185,100
40031,21103,3.55
40031,21185,96.45
40033,21155,99.64
40033,21229,0.36
40036,21103,100
40037,21155,91.31
40037,21179,8.69
40040,21229,100
40041,21111,100
40045,21041,10.78
40045,21223,89.22
40046,21005,10.34
40046,21211,7.75
40046,21215,81.91
40047,21029,99.86
40047,21215,0.14
40048,21179,100
40049,21155,100
40050,21103,100
40051,21093,0.27
40051,21123,17.9
40051,21179,81.83
40052,21123,5.63
40052,21155,25.24
40052,21179,69.13
40055,21103,53.25
40055,21185,21.18
40055,21223,25.57
40056,21185,100
40057,21103,76.15
40057,21211,23.85
40058,21103,100
40059,21111,54.57
40059,21185,45.43
40060,21155,100
40062,21155,100
40063,21155,100
40065,21211,99.97
40065,21215,0.03
40067,21211,100
40068,21103,86.95
40068,21185,7.18
40068,21211,5.87
40069,21155,0.43
40069,21229,99.57
40070,21103,100
40071,21029,10.94
40071,21211,0.53
40071,21215,88.53
40075,21041,15.8
40075,21103,84.2
40076,21005,2.58
40076,21073,6.96
40076,21211,90.46
40077,21185,100
40078,21229,100
40104,21163,100
40107,21179,100
40108,21163,100
40109,21029,100
40110,21029,100
40111,21027,100
40115,21027,100
40117,21163,100
40118,21111,100
40119,21027,36.78
40119,21085,60.38
40119,21183,2.84
40121,21093,73.5
40121,21163,26.5
40140,21027,100
40142,21027,3.08
40142,21163,96.92
40143,21027,100
40144,21027,100
40145,21027,100
40146,21027,100
40150,21029,97.88
40150,21093,2.12
40152,21027,100
40155,21163,100
40157,21027,4.68
40157,21163,95.32
40160,21093,100
40161,21163,100
40162,21093,100
40165,21029,100
40170,21027,100
40171,21027,100
40175,21027,3.96
40175,21093,49.47
40175,21163,46.56
40176,21027,54.67
40176,21163,45.33
40177,21029,29.94
40177,21093,64.87
40177,21111,5.19
40178,21027,100
40202,21111,100
40203,21111,100
40204,21111,100
40205,21111,100
40206,21111,100
40207,21111,100
40208,21111,100
40209,21111,100
40210,21111,100
40211,21111,100
40212,21111,100
40213,21111,100
40214,21111,100
40215,21111,100
40216,21111,100
40217,21111,100
40218,21111,100
40219,21111,100
40220,21111,100
40222,21111,100
40223,21111,100
40228,21111,100
40229,21029,37.22
40229,21111,62.78
40231,21111,0
40241,21111,98.99
40241,21185,1.01
40242,21111,100
40243,21111,100
40245,21111,92.78
40245,21211,7.22
40258,21111,100
40272,21029,0.37
40272,21111,99.63
40280,21111,100
40291,21111,100
40299,21029,0.48
40299,21111,99.52
40310,21167,100
40311,21017,7.8
40311,21181,92.09
40311,21201,0.11
40312,21197,100
40313,21205,100
40316,21165,100
40322,21165,100
40324,21017,0.4
40324,21209,99.6
40328,21021,20.47
40328,21045,15.77
40328,21155,63.76
40330,21167,96.48
40330,21229,3.52
40334,21011,30.26
40334,21173,69.74
40336,21065,99.48
40336,21129,0.52
40337,21173,100
40339,21113,100
40342,21005,100
40346,21011,1.02
40346,21165,80.03
40346,21173,18.95
40347,21073,2.31
40347,21209,13.91
40347,21239,83.77
40348,21017,100
40350,21181,100
40351,21043,0.29
40351,21063,0.39
40351,21205,99.32
40353,21011,0.05
40353,21049,0.89
40353,21173,99.07
40356,21113,100
40358,21011,100
40359,21187,100
40360,21011,96.69
40360,21173,3.31
40361,21017,99.79
40361,21067,0.14
40361,21173,0.07
40363,21187,100
40370,21097,25.12
40370,21209,74.88
40371,21011,93.2
40371,21165,6.8
40372,21005,2.4
40372,21167,97.6
40374,21011,97.24
40374,21017,0.41
40374,21181,2.35
40376,21197,100
40379,21073,4.68
40379,21187,1.28
40379,21209,94.04
40380,21165,0.08
40380,21197,99.92
40383,21113,2.2
40383,21239,97.8
40385,21151,100
40387,21165,93.94
40387,21175,6.06
40390,21113,99.44
40390,21239,0.56
40391,21049,100
40402,21109,100
40403,21079,4.43
40403,21151,90.25
40403,21203,5.32
40404,21151,100
40409,21137,0.73
40409,21199,0.96
40409,21203,98.31
40419,21079,13.81
40419,21137,69.77
40419,21199,4.35
40419,21203,12.08
40422,21021,96.73
40422,21137,3.27
40434,21109,100
40437,21045,22.63
40437,21137,77.37
40440,21021,95.94
40440,21137,4.06
40442,21045,41.46
40442,21137,58.54
40444,21079,98.24
40444,21137,1.76
40445,21109,3.41
40445,21203,96.59
40447,21109,98.42
40447,21129,0.44
40447,21189,0.36
40447,21203,0.78
40448,21137,100
40456,21203,100
40460,21203,100
40461,21079,39.67
40461,21151,60.33
40464,21021,90.75
40464,21045,9.25
40468,21021,94.69
40468,21167,4.15
40468,21229,1.16
40472,21065,100
40475,21151,100
40481,21109,100
40484,21079,1.15
40484,21137,98.85
40486,21051,0.81
40486,21109,98.16
40486,21189,1.03
40489,21045,6.84
40489,21137,93.16
40502,21067,100
40503,21067,100
40504,21067,100
40505,21067,100
40506,21067,100
40507,21067,100
40508,21067,100
40509,21067,100
40510,21067,100
40511,21017,0.24
40511,21067,98.69
40511,21209,1.08
40513,21067,100
40514,21067,100
40515,21049,0.5
40515,21067,98.85
40515,21113,0.65
40516,21017,13.35
40516,21067,86.65
40517,21067,100
40601,21073,97.43
40601,21103,0.07
40601,21211,1.15
40601,21239,1.34
40604,21073,100
40701,21121,25.45
40701,21125,28.3
40701,21235,46.25
40729,21125,100
40734,21121,98.83
40734,21125,1.17
40737,21125,100
40740,21125,100
40741,21051,0.26
40741,21125,99.74
40743,21125,100
40744,21051,0.84
40744,21125,99.16
40759,21121,5.37
40759,21235,94.63
40763,21121,2.35
40763,21235,97.65
40769,21147,1.44
40769,21235,98.56
40771,21121,58.05
40771,21235,41.95
40801,21095,100
40806,21095,100
40807,21095,100
40808,21095,61.62
40808,21131,38.38
40810,21095,85.21
40810,21131,14.79
40813,21013,100
40815,21095,100
40816,21131,100
40818,21095,100
40819,21095,100
40820,21095,100
40823,21095,97.68
40823,21133,2.32
40824,21095,100
40826,21133,100
40827,21131,100
40828,21095,100
40829,21095,100
40830,21095,100
40831,21095,100
40840,21095,8.65
40840,21131,91.35
40843,21095,100
40844,21131,100
40845,21013,100
40847,21095,100
40849,21095,100
40854,21095,100
40855,21095,100
40856,21013,100
40858,21131,100
40862,21133,100
40863,21095,100
40865,21095,100
40868,21131,100
40870,21095,100
40873,21095,100
40874,21051,9.13
40874,21131,90.87
40902,21013,100
40903,21121,100
40906,21121,98.37
40906,21235,1.63
40913,21013,49.71
40913,21051,50.29
40914,21051,100
40915,21121,100
40921,21121,100
40923,21121,100
40927,21095,100
40935,21121,100
40939,21013,100
40940,21013,43.31
40940,21235,56.69
40941,21051,100
40943,21121,100
40946,21121,100
40949,21121,100
40953,21121,100
40958,21013,100
40962,21051,99.77
40962,21125,0.23
40964,21095,100
40965,21013,100
40972,21051,97.66
40972,21193,2.34
40977,21013,100
40979,21131,100
40982,21121,100
40983,21051,71.31
40983,21189,28.69
40988,21013,80
40988,21095,20
40995,21121,100
40997,21121,100
41001,21037,100
41002,21023,100
41003,21081,7.25
41003,21097,77.78
41003,21191,14.97
41004,21023,97.38
41004,21191,0.1
41004,21201,2.52
41005,21015,100
41006,21037,14.59
41006,21191,85.41
41007,21037,85.45
41007,21191,14.55
41008,21041,100
41010,21081,51.1
41010,21097,10.07
41010,21187,35.47
41010,21209,3.36
41011,21117,100
41014,21117,100
41015,21117,100
41016,21117,100
41017,21117,100
41018,21015,4.73
41018,21117,95.27
41030,21015,5.43
41030,21081,82.35
41030,21117,11.89
41030,21191,0.33
41031,21017,0.09
41031,21097,98.58
41031,21181,1.33
41033,21117,13.01
41033,21191,86.99
41034,21161,100
41035,21081,99.81
41035,21191,0.19
41039,21069,97.24
41039,21181,2.76
41040,21023,2.09
41040,21191,97.91
41041,21069,100
41042,21015,96.57
41042,21117,3.43
41043,21023,72.21
41043,21191,27.79
41044,21023,46.95
41044,21161,41.85
41044,21201,11.2
41045,21041,74.86
41045,21077,25.14
41046,21077,85.79
41046,21081,7.71
41046,21187,6.51
41048,21015,100
41049,21069,100
41051,21117,100
41052,21081,100
41055,21069,4.69
41055,21161,95.31
41056,21161,100
41059,21037,100
41062,21161,100
41063,21117,100
41064,21023,1.35
41064,21201,98.65
41071,21037,100
41073,21037,100
41074,21037,100
41075,21037,100
41076,21037,100
41080,21015,100
41083,21041,55.81
41083,21077,36.73
41083,21187,7.47
41085,21037,100
41086,21077,59.08
41086,21187,40.92
41091,21015,100
41092,21015,60.39
41092,21077,39.61
41093,21069,84.21
41093,21135,15.79
41094,21015,84.74
41094,21117,15.26
41095,21077,100
41097,21081,90.47
41097,21191,9.53
41098,21041,39.57
41098,21187,60.43
41099,21037,100
41101,21019,91.8
41101,21089,8.2
41102,21019,97.15
41102,21089,2.85
41121,21089,100
41124,21127,100
41129,21019,94.61
41129,21127,5.39
41132,21043,88.24
41132,21127,11.76
41135,21135,100
41139,21089,100
41141,21089,22.88
41141,21135,77.12
41142,21043,100
41143,21043,97.62
41143,21089,2.38
41144,21089,100
41146,21043,100
41149,21063,100
41159,21127,100
41164,21043,86.28
41164,21063,13.19
41164,21135,0.53
41166,21135,100
41168,21019,60.5
41168,21043,39.5
41169,21089,100
41171,21063,100
41174,21089,78.43
41174,21135,21.57
41175,21089,100
41179,21135,100
41180,21043,6.26
41180,21063,13.16
41180,21127,80.59
41183,21089,100
41189,21135,100
41201,21127,100
41203,21159,100
41204,21115,100
41214,21159,100
41216,21071,62.14
41216,21115,37.86
41219,21115,100
41222,21115,100
41224,21159,100
41226,21115,100
41230,21127,98.7
41230,21159,1.3
41231,21159,100
41232,21115,32.99
41232,21127,67.01
41234,21115,100
41238,21115,100
41240,21115,100
41250,21159,100
41254,21115,91.42
41254,21127,8.58
41255,21115,100
41256,21115,100
41257,21115,100
41260,21115,100
41262,21159,100
41263,21115,100
41264,21127,100
41265,21071,2.32
41265,21115,97.68
41267,21159,100
41268,21115,100
41271,21115,100
41274,21115,100
41301,21025,4.5
41301,21129,3.44
41301,21237,92.06
41311,21025,0.78
41311,21129,99.22
41314,21025,12.66
41314,21189,87.34
41317,21025,100
41332,21175,37.5
41332,21237,62.5
41339,21025,99.74
41339,21119,0.01
41339,21129,0.26
41348,21025,100
41352,21175,100
41360,21197,11.2
41360,21237,88.8
41365,21237,100
41366,21025,100
41367,21193,100
41385,21025,100
41390,21025,100
41397,21129,100
41408,21175,100
41421,21175,100
41425,21175,100
41464,21153,100
41465,21153,100
41472,21063,1.12
41472,21175,98.88
41501,21195,100
41503,21195,100
41512,21195,100
41513,21195,100
41514,21195,100
41517,21133,100
41519,21195,100
41522,21195,100
41524,21195,100
41526,21195,100
41527,21195,100
41528,21195,100
41531,21195,100
41534,21195,100
41535,21195,100
41537,21133,56.58
41537,21195,43.42
41538,21195,100
41539,21195,100
41540,21195,100
41543,21195,100
41544,21195,100
41547,21195,100
41548,21195,100
41553,21195,100
41554,21195,100
41555,21195,100
41557,21195,100
41558,21195,100
41559,21195,100
41560,21195,100
41562,21195,100
41563,21195,100
41564,21195,100
41566,21195,100
41567,21195,100
41568,21195,100
41571,21195,100
41572,21195,100
41601,21071,100
41602,21071,100
41603,21071,100
41604,21071,100
41605,21071,100
41606,21071,100
41607,21071,100
41612,21071,100
41615,21071,100
41616,21071,100
41619,21071,100
41621,21071,100
41622,21071,100
41630,21071,64.39
41630,21119,35.61
41631,21071,100
41632,21153,100
41635,21071,100
41636,21071,100
41640,21071,81.53
41640,21119,17.13
41640,21153,1.34
41642,21071,100
41643,21071,22.68
41643,21119,77.32
41645,21071,100
41647,21071,100
41649,21071,100
41650,21071,100
41653,21071,100
41655,21071,100
41659,21071,100
41660,21071,100
41663,21071,100
41666,21071,100
41667,21071,100
41669,21071,100
41701,21119,8.96
41701,21193,91.04
41712,21193,100
41713,21193,100
41714,21051,1.2
41714,21131,98.8
41719,21193,100
41721,21189,3.17
41721,21193,96.83
41722,21119,32.05
41722,21193,67.95
41723,21131,17.05
41723,21193,82.95
41725,21119,100
41727,21193,100
41729,21193,100
41731,21133,27.47
41731,21193,72.53
41735,21193,100
41739,21119,12.29
41739,21193,87.71
41740,21119,100
41745,21193,100
41746,21193,100
41749,21131,100
41751,21193,100
41754,21193,100
41759,21119,94.96
41759,21193,5.04
41760,21193,100
41762,21131,100
41763,21193,100
41764,21131,100
41766,21131,100
41772,21119,100
41773,21119,21.37
41773,21193,78.63
41774,21193,100
41775,21131,100
41776,21131,100
41777,21131,100
41804,21133,100
41810,21133,100
41812,21133,100
41815,21133,100
41817,21119,100
41819,21133,100
41821,21133,100
41822,21119,100
41824,21133,100
41825,21133,100
41826,21133,100
41828,21119,100
41831,21119,100
41832,21133,100
41833,21133,100
41834,21119,100
41835,21133,100
41836,21119,100
41837,21133,100
41838,21133,100
41839,21119,100
41840,21133,100
41843,21119,100
41844,21119,100
41845,21133,100
41847,21119,100
41848,21133,100
41849,21133,100
41855,21133,100
41858,21133,100
41859,21119,100
41861,21119,100
41862,21119,100
42001,21145,100
42003,21145,100
42020,21035,100
42021,21039,92.29
42021,21105,7.71
42022,21007,100
42023,21039,100
42024,21007,100
42025,21035,0.44
42025,21083,0.38
42025,21157,99.19
42027,21083,65.74
42027,21145,34.26
42028,21139,100
42029,21157,100
42031,21105,100
42032,21105,100
42035,21039,86.99
42035,21083,13.01
42036,21035,100
42037,21055,100
42038,21033,0.13
42038,21143,99.87
42039,21039,20.79
42039,21083,66.25
42039,21105,12.96
42040,21035,31.52
42040,21083,68.48
42041,21075,76.49
42041,21083,12.62
42041,21105,10.89
42044,21157,100
42045,21139,100
42047,21139,100
42048,21035,2.7
42048,21157,97.3
42049,21035,99.32
42049,21083,0.68
42050,21075,100
42051,21083,100
42053,21007,43.07
42053,21145,56.93
42054,21035,89.63
42054,21083,3.15
42054,21157,7.22
42055,21143,100
42056,21007,100
42058,21139,100
42060,21007,100
42061,21083,100
42064,21033,0.4
42064,21055,99.6
42066,21083,99.59
42066,21157,0.41
42069,21083,81.82
42069,21145,18.18
42071,21035,99.97
42071,21083,0.03
42076,21035,100
42078,21055,12.63
42078,21139,87.37
42079,21083,100
42081,21139,100
42082,21083,77.51
42082,21145,5.09
42082,21157,17.4
42083,21139,100
42084,21055,100
42085,21083,77.78
42085,21105,22.22
42086,21145,100
42087,21007,100
42088,21083,90.93
42088,21105,9.07
42101,21031,0.3
42101,21061,2.53
42101,21227,97.18
42102,21227,100
42103,21227,100
42104,21213,0.65
42104,21227,99.35
42120,21003,100
42122,21003,2.13
42122,21227,97.87
42123,21009,100
42124,21169,100
42127,21009,97.1
42127,21099,2.9
42129,21001,3.64
42129,21057,0.14
42129,21169,96.21
42130,21009,100
42133,21003,18.1
42133,21009,33.36
42133,21171,48.54
42134,21003,2.53
42134,21141,0.05
42134,21213,97.42
42140,21171,100
42141,21009,100
42151,21171,100
42153,21003,100
42154,21009,13.31
42154,21169,86.69
42156,21009,100
42157,21171,100
42159,21227,100
42160,21009,77.96
42160,21061,22.04
42163,21061,100
42164,21003,100
42166,21009,19.97
42166,21169,71.91
42166,21171,8.12
42167,21057,0.14
42167,21171,99.86
42170,21213,33.93
42170,21227,66.07
42171,21009,26.74
42171,21061,33.24
42171,21227,40.02
42202,21141,99.54
42202,21213,0.46
42204,21141,16.29
42204,21219,83.71
42206,21141,94.23
42206,21213,5.46
42206,21227,0.31
42207,21061,98.92
42207,21085,1.08
42210,21061,100
42211,21221,100
42214,21087,19.79
42214,21169,80.21
42215,21047,55.77
42215,21221,44.23
42217,21047,100
42220,21219,100
42223,21047,68.99
42223,47125,31.01
42232,21047,75.86
42232,21221,24.14
42234,21219,100
42236,21047,84.28
42236,21221,15.72
42240,21047,100
42254,21047,100
42256,21031,12.13
42256,21141,74.82
42256,21177,0.95
42256,21219,12.09
42259,21061,100
42261,21031,100
42262,21047,100
42265,21141,93.05
42265,21219,6.95
42266,21047,94.21
42266,21219,5.79
42273,21031,100
42274,21141,10.54
42274,21227,89.46
42275,21031,62.97
42275,21061,37.03
42276,21141,100
42280,21219,100
42285,21061,100
42286,21219,100
42301,21059,99.71
42301,21101,0.29
42303,21059,100
42320,21031,0.39
42320,21183,99.61
42321,21177,100
42322,21149,100
42323,21177,100
42324,21177,100
42325,21177,100
42326,21177,100
42327,21059,0.89
42327,21149,99.11
42328,21183,100
42330,21177,100
42332,21177,100
42333,21031,7.74
42333,21183,92.26
42337,21177,100
42338,21183,100
42339,21031,7.13
42339,21177,92.88
42343,21091,11.45
42343,21183,88.55
42344,21177,100
42345,21177,99.94
42345,21219,0.06
42347,21183,100
42348,21059,6.26
42348,21091,93.74
42349,21085,8.78
42349,21183,91.22
42350,21149,100
42351,21059,17.63
42351,21091,82.37
42352,21149,95.24
42352,21183,4.76
42354,21183,100
42355,21059,100
42356,21059,100
42361,21085,22.15
42361,21183,77.85
42366,21059,98.21
42366,21091,1.21
42366,21183,0.58
42367,21177,100
42368,21091,45.96
42368,21183,54.04
42369,21183,100
42370,21183,100
42371,21149,100
42372,21149,73.68
42372,21177,26.32
42374,21177,100
42376,21059,76.5
42376,21149,4.24
42376,21183,19.26
42378,21059,68.37
42378,21183,31.63
42404,21225,3.11
42404,21233,96.89
42406,21101,98.2
42406,21233,1.8
42408,21033,13.8
42408,21047,4.79
42408,21107,81.4
42409,21233,100
42410,21107,100
42411,21033,75.79
42411,21055,20.05
42411,21143,4.17
42413,21107,100
42420,21101,100
42431,21107,100
42436,21107,100
42437,21225,99.74
42437,21233,0.26
42440,21107,100
42441,21107,98.43
42441,21233,1.57
42442,21047,2.2
42442,21107,97.8
42445,21033,94.94
42445,21107,2.01
42445,21143,3.04
42450,21055,1.18
42450,21107,5.12
42450,21233,93.7
42451,21101,100
42452,21101,98.83
42452,21233,1.17
42453,21047,3.95
42453,21107,96.05
42455,21233,100
42456,21107,36.63
42456,21233,63.37
42458,21101,100
42459,21055,4.57
42459,21225,95.43
42461,21225,100
42462,21101,30.02
42462,21225,69.98
42463,21233,100
42464,21047,4.67
42464,21107,89.05
42464,21177,6.28
42501,21199,100
42503,21199,100
42516,21045,100
42518,21199,93.31
42518,21231,6.69
42519,21199,100
42528,21001,9.19
42528,21045,73.49
42528,21207,17.32
42533,21199,100
42539,21001,0.28
42539,21045,99.72
42541,21045,100
42544,21199,82.1
42544,21207,8.95
42544,21231,8.95
42553,21199,100
42565,21045,100
42566,21045,100
42567,21137,8.69
42567,21199,91.31
42602,21053,98.99
42602,21207,0.16
42602,21231,0.39
42602,47137,0.46
42603,21053,100
42629,21207,100
42631,21147,100
42633,21053,0.05
42633,21231,99.95
42634,21147,100
42635,21147,100
42638,21147,100
42642,21001,5.04
42642,21045,0.55
42642,21199,0.49
42642,21207,93.92
42647,21147,100
42649,21147,100
42653,21147,100
42701,21093,100
42712,21085,69.49
42712,21093,30.51
42713,21099,100
42715,21001,100
42716,21087,5.75
42716,21123,89.06
42716,21217,5.18
42717,21053,0.29
42717,21057,99.71
42718,21087,2.32
42718,21123,0.28
42718,21155,3.29
42718,21217,94.11
42721,21031,3.47
42721,21061,2.86
42721,21085,93.67
42722,21099,100
42724,21093,100
42726,21085,100
42728,21001,99.64
42728,21217,0.36
42729,21061,21.95
42729,21099,78.05
42731,21057,86.8
42731,21169,13.2
42732,21093,100
42733,21001,3.37
42733,21045,16.51
42733,21217,80.12
42740,21093,100
42741,21001,100
42743,21001,1.25
42743,21087,98.75
42746,21087,7.93
42746,21099,84.36
42746,21169,7.72
42748,21123,100
42749,21009,2.73
42749,21099,91.88
42749,21169,5.4
42753,21001,100
42754,21027,6.16
42754,21061,0.68
42754,21085,93.16
42757,21087,11.67
42757,21099,45.39
42757,21123,42.94
42758,21217,100
42762,21085,100
42764,21087,60.29
42764,21123,39.71
42765,21099,100
42776,21093,72.08
42776,21123,27.92
42782,21087,91.82
42782,21099,8.18
42784,21093,41.27
42784,21099,26.78
42784,21123,31.96
42788,21093,100
43001,39089,100
43002,39049,100
43003,39041,74.7
43003,39117,25.3
43004,39049,100
43005,39083,100
43006,39031,31.39
43006,39075,44.65
43006,39083,23.97
43008,39089,100
43009,39021,100
43010,39023,100
43011,39041,8.48
43011,39083,68.36
43011,39089,9.73
43011,39117,13.43
43013,39089,100
43014,39083,100
43015,39041,99.85
43015,39159,0.15
43016,39041,0.65
43016,39049,92.2
43016,39159,7.15
43017,39041,15.81
43017,39049,82.42
43017,39159,1.76
43019,39083,78.61
43019,39117,20.47
43019,39139,0.92
43021,39041,100
43022,39083,100
43023,39089,100
43025,39089,100
43026,39049,99.97
43026,39097,0.03
43028,39083,100
43029,39097,72.74
43029,39159,27.26
43030,39089,100
43031,39041,3.1
43031,39089,96.9
43032,39041,100
43033,39089,100
43035,39041,100
43036,39159,100
43037,39083,100
43040,39041,0.19
43040,39159,99.81
43044,39021,84.84
43044,39023,12.79
43044,39097,2.37
43045,39021,1.02
43045,39159,98.98
43046,39045,89.28
43046,39089,10.72
43050,39083,99.61
43050,39117,0.39
43054,39049,100
43055,39089,100
43056,39089,100
43060,39021,88.06
43060,39091,9.56
43060,39159,2.38
43061,39041,82.35
43061,39159,17.65
43062,39045,0.65
43062,39089,99.35
43064,39049,0.07
43064,39097,55.23
43064,39159,44.7
43065,39041,81.8
43065,39049,18.2
43066,39041,100
43067,39159,100
43068,39045,13.52
43068,39049,64.36
43068,39089,22.12
43070,39021,100
43071,39089,100
43072,39021,100
43074,39041,98.93
43074,39089,1.07
43076,39045,20.88
43076,39089,29.09
43076,39127,50.03
43077,39159,100
43078,39021,99.75
43078,39023,0.25
43080,39083,26.26
43080,39089,73.74
43081,39049,100
43082,39041,100
43084,39021,98.45
43084,39159,1.55
43085,39049,100
43101,39141,100
43102,39045,92.22
43102,39073,5.34
43102,39129,2.44
43103,39129,100
43105,39045,100
43106,39047,100
43107,39045,95.31
43107,39073,2.73
43107,39127,1.97
43109,39049,100
43110,39045,21.71
43110,39049,78.17
43110,39129,0.12
43111,39073,100
43112,39045,100
43113,39045,0.41
43113,39129,99.59
43115,39129,11.28
43115,39141,88.72
43116,39129,100
43117,39129,100
43119,39049,97.86
43119,39097,2.14
43123,39049,100
43125,39049,98.86
43125,39129,1.14
43126,39049,100
43127,39073,100
43128,39047,100
43130,39045,100
43135,39073,70.44
43135,39129,14.06
43135,39141,13.25
43135,39163,2.25
43136,39045,100
43137,39049,42.55
43137,39129,57.45
43138,39073,97.42
43138,39127,2.26
43138,39163,0.32
43140,39023,0.22
43140,39049,1.49
43140,39097,98.28
43142,39047,100
43143,39047,12.56
43143,39097,61.54
43143,39129,25.9
43144,39073,100
43145,39047,36.34
43145,39129,63.66
43146,39049,15.28
43146,39097,0.25
43146,39129,84.47
43147,39045,99.53
43147,39049,0.06
43147,39089,0.41
43148,39045,95.41
43148,39127,4.59
43149,39073,100
43150,39045,67.97
43150,39127,32.03
43151,39097,100
43152,39073,91.53
43152,39163,8.47
43153,39023,9.89
43153,39047,5.15
43153,39057,1.65
43153,39097,83.32
43154,39045,72.79
43154,39129,27.21
43155,39045,65.75
43155,39073,34.25
43156,39129,100
43157,39045,100
43158,39073,100
43160,39047,99.26
43160,39141,0.74
43162,39097,100
43164,39129,96.64
43164,39141,3.36
43201,39049,100
43202,39049,100
43203,39049,100
43204,39049,100
43205,39049,100
43206,39049,100
43207,39049,100
43209,39049,100
43210,39049,100
43211,39049,100
43212,39049,100
43213,39049,100
43214,39049,100
43215,39049,100
43217,39049,100
43219,39049,100
43220,39049,100
43221,39049,100
43222,39049,100
43223,39049,100
43224,39049,100
43227,39049,100
43228,39049,100
43229,39049,100
43230,39049,100
43231,39049,100
43232,39049,100
43235,39049,100
43240,39041,100
43302,39033,0.3
43302,39101,99.66
43302,39159,0.04
43310,39065,26.87
43310,39091,73.13
43311,39091,100
43314,39033,2.55
43314,39101,90.8
43314,39117,6.65
43315,39101,4.5
43315,39117,95.5
43316,39063,0.38
43316,39147,8.09
43316,39175,91.52
43317,39117,100
43318,39021,19.28
43318,39091,80.72
43319,39091,99.81
43319,39159,0.19
43320,39117,100
43321,39117,100
43322,39101,100
43323,39175,100
43324,39091,100
43326,39065,100
43330,39175,100
43331,39011,3.95
43331,39065,0.54
43331,39091,95.52
43332,39065,7.58
43332,39101,90.23
43332,39175,2.2
43333,39091,100
43334,39041,2.26
43334,39117,97.74
43336,39091,100
43337,39101,95.4
43337,39175,4.6
43338,39117,100
43340,39065,89.54
43340,39159,10.46
43341,39101,100
43342,39041,2.17
43342,39101,96.13
43342,39159,1.7
43343,39021,10.5
43343,39091,89.5
43344,39041,1.3
43344,39101,0.97
43344,39159,97.73
43345,39065,58.15
43345,39091,41.85
43347,39065,4.77
43347,39091,95.23
43348,39091,100
43351,39175,100
43356,39041,7.34
43356,39101,84.68
43356,39117,7.98
43357,39021,21.04
43357,39091,78.96
43358,39091,53.39
43358,39159,46.61
43359,39175,100
43360,39091,100
43402,39173,100
43403,39173,100
43406,39143,4.67
43406,39173,95.33
43407,39143,100
43408,39123,100
43410,39143,97.73
43410,39147,2.27
43412,39095,51.67
43412,39123,48.33
43413,39173,100
43416,39123,96.06
43416,39143,3.94
43420,39143,100
43430,39123,95.55
43430,39143,1.51
43430,39173,2.95
43431,39143,100
43432,39123,100
43433,39123,100
43434,39095,100
43435,39143,100
43437,39173,100
43438,39043,100
43439,39123,100
43440,39123,100
43442,39143,100
43443,39173,100
43445,39095,14.04
43445,39123,85.96
43446,39123,100
43447,39123,17.74
43447,39173,82.26
43449,39123,98.71
43449,39143,1.29
43450,39173,100
43451,39173,100
43452,39123,100
43456,39123,100
43457,39143,24.38
43457,39147,2.27
43457,39173,73.35
43458,39123,100
43460,39173,100
43462,39173,100
43463,39173,100
43464,39043,25.96
43464,39143,74.04
43465,39173,100
43466,39173,100
43467,39173,100
43468,39123,100
43469,39123,5.24
43469,39143,94.76
43501,39171,100
43502,39051,90.93
43502,39069,8.8
43502,39171,0.27
43504,39095,100
43505,39171,100
43506,39039,3.61
43506,39171,96.39
43511,39069,7.13
43511,39173,92.87
43512,39039,96.31
43512,39069,0.13
43512,39125,3.55
43515,39051,100
43516,39063,0.71
43516,39069,88.99
43516,39173,10.3
43517,39039,19.44
43517,39171,80.56
43518,39171,100
43519,39039,100
43521,39051,98.33
43521,39171,1.67
43522,39069,1.05
43522,39095,45.45
43522,39173,53.5
43523,39069,100
43524,39069,100
43525,39173,100
43526,39039,98.52
43526,39125,1.48
43527,39039,6.12
43527,39069,93.88
43528,39095,100
43529,39173,100
43531,39171,100
43532,39051,3.21
43532,39069,95.19
43532,39095,1.59
43533,39051,100
43534,39069,100
43535,39069,100
43536,39039,100
43537,39095,100
43540,39051,100
43541,39173,100
43542,39095,100
43543,39171,100
43545,39039,0.16
43545,39069,99.84
43547,39095,100
43548,39039,6.71
43548,39069,91.71
43548,39137,1.57
43549,39039,100
43551,39173,100
43553,39051,100
43554,39171,100
43555,39069,100
43556,39039,100
43557,39051,1.62
43557,39069,2.42
43557,39171,95.96
43558,39051,64.82
43558,39095,35.18
43560,39095,100
43565,39173,100
43566,39095,100
43567,39051,99.8
43567,39069,0.2
43569,39173,100
43570,39051,3.28
43570,39171,96.72
43571,39095,100
43604,39095,100
43605,39095,99.36
43605,39173,0.64
43606,39095,100
43607,39095,100
43608,39095,100
43609,39095,100
43610,39095,100
43611,39095,100
43612,39095,100
43613,39095,100
43614,39095,100
43615,39095,100
43616,39095,100
43617,39095,100
43619,39173,100
43620,39095,100
43623,39095,100
43701,39119,100
43711,39121,100
43713,39013,100
43716,39013,18.96
43716,39111,81.04
43717,39121,100
43718,39013,100
43719,39013,100
43720,39119,100
43721,39089,100
43722,39059,100
43723,39059,100
43724,39115,0.47
43724,39121,99.53
43725,39059,100
43727,39119,100
43728,39009,1.04
43728,39115,98.96
43730,39127,100
43731,39115,15.75
43731,39127,84.25
43732,39059,76.81
43732,39119,3.64
43732,39121,19.55
43733,39059,100
43734,39119,100
43735,39119,100
43736,39059,100
43738,39119,100
43739,39089,35.95
43739,39127,64.05
43740,39089,65.63
43740,39119,34.38
43746,39089,8.91
43746,39119,91.09
43747,39013,35.46
43747,39111,64.54
43748,39127,100
43749,39031,5.47
43749,39059,93.12
43749,39157,1.41
43750,39059,100
43754,39111,100
43755,39059,100
43756,39115,100
43758,39115,100
43759,39013,100
43760,39089,5.57
43760,39119,31.57
43760,39127,62.86
43761,39127,100
43762,39059,16.83
43762,39119,83.17
43764,39127,100
43766,39073,11.77
43766,39127,88.23
43767,39119,100
43768,39059,100
43771,39119,100
43772,39059,66.63
43772,39121,33.37
43773,39059,63.36
43773,39111,3.23
43773,39121,33.41
43777,39119,57.59
43777,39127,42.41
43778,39059,95.41
43778,39121,4.59
43779,39121,100
43780,39059,81.29
43780,39121,18.71
43782,39127,100
43783,39127,100
43786,39111,100
43787,39115,87.02
43787,39167,12.98
43788,39111,24.05
43788,39121,75.95
43793,39111,100
43802,39119,100
43804,39031,14.91
43804,39075,55.21
43804,39157,29.89
43805,39031,100
43811,39031,100
43812,39031,99.96
43812,39119,0.04
43821,39031,17.49
43821,39119,82.51
43822,39031,10.4
43822,39083,8.58
43822,39089,22.05
43822,39119,58.97
43824,39031,94.19
43824,39157,5.81
43830,39089,12.37
43830,39119,87.63
43832,39031,13.75
43832,39059,2.73
43832,39157,83.53
43836,39031,100
43837,39059,5.32
43837,39157,94.68
43840,39031,0.96
43840,39157,99.04
43842,39119,100
43843,39031,61.53
43843,39083,38.47
43844,39031,100
43845,39031,100
43901,39013,9.96
43901,39067,15.5
43901,39081,74.54
43902,39013,100
43903,39019,46.15
43903,39081,53.85
43905,39013,100
43906,39013,100
43907,39067,98.17
43907,39081,1.83
43908,39019,2.99
43908,39081,97.01
43910,39067,4.46
43910,39081,95.54
43912,39013,100
43913,39081,100
43914,39111,100
43915,39111,100
43917,39013,15.88
43917,39081,84.12
43920,39029,100
43925,39081,100
43926,39081,100
43927,39013,100
43928,39013,100
43930,39029,18.48
43930,39081,81.52
43931,39111,100
43932,39081,100
43933,39013,100
43934,39013,100
43935,39013,100
43938,39081,100
43939,39081,100
43940,39013,100
43942,39013,95.36
43942,39111,4.64
43943,39013,1.09
43943,39081,98.91
43944,39081,100
43945,39019,12.72
43945,39029,83.39
43945,39081,3.89
43946,39111,100
43947,39013,100
43948,39081,100
43950,39013,99.39
43950,39067,0.61
43951,39013,100
43952,39081,100
43953,39081,100
43961,39081,100
43962,39029,100
43963,39081,100
43964,39081,100
43967,39013,100
43968,39029,100
43970,39081,100
43971,39013,40.35
43971,39081,59.65
43972,39013,100
43973,39059,42.59
43973,39067,57.41
43974,39067,100
43976,39067,100
43977,39013,94.6
43977,39067,5.4
43983,39013,55.91
43983,39059,18.41
43983,39067,25.68
43985,39013,100
43986,39019,0.91
43986,39067,99.09
43988,39019,18.54
43988,39067,81.46
44001,39093,100
44003,39007,100
44004,39007,100
44010,39007,100
44011,39093,100
44012,39093,100
44017,39035,100
44021,39055,100
44022,39035,67.67
44022,39055,32.33
44023,39055,100
44024,39055,98.87
44024,39085,1.13
44026,39055,100
44028,39093,100
44030,39007,100
44032,39007,100
44035,39093,100
44039,39093,100
44040,39035,100
44041,39007,99.41
44041,39085,0.59
44044,39093,100
44045,39085,100
44046,39055,100
44047,39007,100
44048,39007,100
44049,39093,100
44050,39093,100
44052,39093,100
44053,39093,100
44054,39093,100
44055,39093,100
44056,39153,100
44057,39007,0.2
44057,39055,1.45
44057,39085,98.35
44060,39055,0.17
44060,39085,99.83
44062,39007,2.44
44062,39055,76.29
44062,39155,21.27
44064,39007,1.57
44064,39055,98.43
44065,39055,100
44067,39153,100
44070,39035,100
44072,39055,100
44074,39093,100
44076,39007,86.99
44076,39155,13.01
44077,39085,100
44080,39055,100
44081,39085,100
44082,39007,100
44084,39007,100
44085,39007,100
44086,39007,0.21
44086,39055,87.37
44086,39085,12.42
44087,39153,100
44089,39043,58.79
44089,39093,41.21
44090,39093,100
44092,39085,100
44093,39007,100
44094,39085,100
44095,39085,100
44099,39007,82.58
44099,39055,17.42
44101,39035,100
44102,39035,100
44103,39035,100
44104,39035,100
44105,39035,100
44106,39035,100
44107,39035,100
44108,39035,100
44109,39035,100
44110,39035,100
44111,39035,100
44112,39035,100
44113,39035,100
44114,39035,100
44115,39035,100
44116,39035,100
44117,39035,100
44118,39035,100
44119,39035,100
44120,39035,100
44121,39035,100
44122,39035,100
44123,39035,100
44124,39035,100
44125,39035,100
44126,39035,100
44127,39035,100
44128,39035,100
44129,39035,100
44130,39035,100
44131,39035,100
44132,39035,100
44133,39035,100
44134,39035,100
44135,39035,100
44136,39035,99.86
44136,39103,0.14
44137,39035,100
44138,39035,100
44139,39035,100
44140,39035,100
44141,39035,97.93
44141,39153,2.07
44142,39035,100
44143,39035,100
44144,39035,100
44145,39035,100
44146,39035,100
44147,39035,100
44149,39035,100
44201,39133,98.94
44201,39151,1.06
44202,39055,0.84
44202,39133,83.41
44202,39153,15.75
44203,39103,0.31
44203,39153,99.69
44212,39103,100
44214,39103,9.87
44214,39169,90.13
44215,39103,100
44216,39151,6.41
44216,39153,93.59
44217,39103,7.56
44217,39169,92.44
44221,39153,100
44223,39153,100
44224,39133,0.1
44224,39153,99.9
44230,39103,1.91
44230,39169,98.09
44231,39055,10.38
44231,39133,89.62
44233,39103,100
44234,39055,26.34
44234,39133,73.66
44235,39005,2.25
44235,39103,97.75
44236,39133,0.68
44236,39153,99.32
44240,39133,99.38
44240,39153,0.62
44241,39133,100
44243,39133,100
44250,39153,100
44251,39103,100
44253,39093,6.37
44253,39103,93.63
44254,39103,100
44255,39133,100
44256,39093,0.1
44256,39103,99.83
44256,39153,0.08
44260,39133,71.46
44260,39151,7.04
44260,39153,21.49
44262,39153,100
44264,39153,100
44265,39133,100
44266,39133,100
44270,39103,7.36
44270,39169,92.64
44272,39133,100
44273,39103,98.88
44273,39169,1.12
44274,39103,100
44275,39093,2.27
44275,39103,97.73
44276,39169,100
44278,39133,2.7
44278,39153,97.3
44280,39093,2.02
44280,39103,97.98
44281,39103,99.55
44281,39153,0.45
44285,39133,100
44286,39153,100
44287,39005,35.03
44287,39103,4.88
44287,39169,60.09
44288,39133,100
44301,39153,100
44302,39153,100
44303,39153,100
44304,39153,100
44305,39153,100
44306,39153,100
44307,39153,100
44308,39153,100
44310,39153,100
44311,39153,100
44312,39133,0.12
44312,39153,99.88
44313,39153,100
44314,39153,100
44319,39153,100
44320,39153,100
44321,39103,0.38
44321,39153,99.63
44333,39103,0.2
44333,39153,99.8
44401,39099,100
44402,39155,100
44403,39155,100
44404,39155,100
44405,39099,100
44406,39099,100
44408,39029,78.7
44408,39099,21.3
44410,39155,100
44411,39133,100
44412,39099,16.07
44412,39133,83.93
44413,39029,100
44417,39155,100
44418,39155,100
44420,39155,100
44423,39029,100
44425,39099,0.77
44425,39155,99.23
44427,39019,39.45
44427,39029,60.55
44428,39007,1.88
44428,39155,98.12
44429,39099,97.52
44429,39133,2.48
44430,39155,100
44431,39029,100
44432,39029,100
44436,39099,100
44437,39099,2.23
44437,39155,97.77
44438,39155,100
44439,39155,100
44440,39099,24.16
44440,39155,75.84
44441,39029,100
44442,39099,100
44443,39029,3.87
44443,39099,96.13
44444,39099,3.02
44444,39133,9.05
44444,39155,87.93
44445,39029,100
44446,39155,100
44449,39099,53.06
44449,39133,46.94
44450,39155,100
44451,39099,100
44452,39099,100
44454,39029,6.85
44454,39099,93.15
44455,39029,100
44460,39029,81.18
44460,39099,18.82
44470,39155,100
44471,39099,100
44473,39155,100
44481,39099,1.28
44481,39155,98.72
44483,39155,100
44484,39155,100
44485,39155,100
44490,39029,56.14
44490,39099,43.86
44491,39055,14.74
44491,39133,0.77
44491,39155,84.5
44493,39029,100
44502,39099,100
44503,39099,100
44504,39099,96.64
44504,39155,3.36
44505,39099,63.75
44505,39155,36.25
44506,39099,100
44507,39099,100
44509,39099,100
44510,39099,100
44511,39099,100
44512,39099,100
44514,39099,100
44515,39099,100
44601,39029,4.2
44601,39099,4.08
44601,39151,91.72
44606,39169,100
44607,39019,100
44608,39151,83.95
44608,39157,16.05
44609,39029,40.38
44609,39099,59.62
44610,39075,100
44611,39075,95.46
44611,39169,4.54
44612,39151,3.95
44612,39157,96.05
44613,39151,100
44614,39151,98.52
44614,39153,1.48
44615,39019,100
44618,39151,7.58
44618,39169,92.42
44620,39019,100
44621,39019,1.06
44621,39067,4.46
44621,39157,94.49
44622,39157,100
44624,39075,53.07
44624,39157,36
44624,39169,10.93
44625,39019,15.51
44625,39029,84.49
44626,39151,98.56
44626,39157,1.44
44627,39075,43.86
44627,39169,56.14
44628,39075,77.41
44628,39083,22.59
44629,39157,100
44632,39133,5.28
44632,39151,94.72
44633,39075,100
44634,39029,75.46
44634,39151,24.54
44637,39031,10.69
44637,39075,89.31
44638,39005,16.43
44638,39075,78.62
44638,39169,4.94
44640,39151,100
44641,39151,100
44643,39019,23.87
44643,39151,47.45
44643,39157,28.68
44644,39019,100
44645,39169,100
44646,39151,100
44647,39151,100
44651,39019,100
44652,39151,100
44653,39157,100
44654,39031,2.31
44654,39075,97.69
44656,39019,3.64
44656,39157,96.36
44657,39019,35.84
44657,39029,18.32
44657,39151,45.84
44659,39169,100
44661,39075,100
44662,39151,93.51
44662,39169,6.49
44663,39157,100
44666,39151,84.43
44666,39169,15.57
44667,39169,100
44669,39151,100
44670,39151,100
44671,39157,100
44672,39099,100
44675,39019,79.25
44675,39157,20.75
44676,39075,23.21
44676,39169,76.79
44677,39169,100
44678,39157,100
44680,39157,100
44681,39075,38.4
44681,39157,61.6
44682,39157,100
44683,39067,5.53
44683,39157,94.47
44685,39151,49.21
44685,39153,50.79
44687,39075,100
44688,39019,8.91
44688,39151,91.09
44689,39075,36.21
44689,39151,63.79
44690,39075,100
44691,39005,0.1
44691,39169,99.9
44693,39067,100
44695,39019,50.19
44695,39067,49.81
44697,39157,100
44699,39059,0.21
44699,39067,73.53
44699,39157,26.25
44702,39151,100
44703,39151,100
44704,39151,100
44705,39151,100
44706,39151,100
44707,39151,100
44708,39151,100
44709,39151,100
44710,39151,100
44714,39151,100
44718,39151,100
44720,39151,91.06
44720,39153,8.94
44721,39151,100
44730,39019,1.49
44730,39151,98.51
44802,39063,43.12
44802,39147,56.88
44804,39063,100
44805,39005,98.69
44805,39139,1.31
44807,39077,6.09
44807,39147,93.91
44809,39147,100
44811,39043,4.97
44811,39077,37.19
44811,39143,47.35
44811,39147,10.48
44813,39083,3.27
44813,39117,10.2
44813,39139,86.54
44814,39043,100
44815,39147,100
44816,39043,100
44817,39063,6.34
44817,39173,93.66
44818,39033,31.58
44818,39147,68.42
44820,39033,100
44822,39083,31.17
44822,39139,68.83
44824,39043,97.93
44824,39143,2.07
44825,39033,100
44826,39043,9.78
44826,39077,90.22
44827,39033,90.22
44827,39139,9.78
44828,39147,100
44830,39063,19.33
44830,39147,69.19
44830,39173,11.48
44833,39033,81.06
44833,39101,0.85
44833,39117,15.66
44833,39139,2.42
44836,39143,39.98
44836,39147,60.02
44837,39005,8.46
44837,39077,70.47
44837,39139,21.07
44838,39005,100
44839,39043,100
44840,39005,99.21
44840,39169,0.79
44841,39143,34.08
44841,39147,65.92
44842,39005,88.61
44842,39075,11.39
44843,39005,1.38
44843,39139,98.62
44844,39147,46.2
44844,39175,53.8
44846,39043,89.09
44846,39077,10.91
44847,39043,20.78
44847,39077,79.22
44849,39033,19.2
44849,39101,1.19
44849,39175,79.6
44850,39077,100
44851,39005,5.75
44851,39077,85.64
44851,39093,8.61
44853,39147,100
44854,39033,100
44855,39077,100
44856,39033,100
44857,39043,1.3
44857,39077,98.7
44859,39005,95.68
44859,39093,4.32
44861,39147,100
44864,39005,78.31
44864,39139,21.69
44865,39033,2.07
44865,39077,49.8
44865,39139,48.14
44866,39005,100
44867,39147,100
44870,39043,100
44874,39005,100
44875,39033,0.66
44875,39139,99.34
44878,39005,2.76
44878,39077,1.56
44878,39139,95.68
44880,39005,90.15
44880,39093,9.25
44880,39103,0.59
44881,39033,100
44882,39033,23.99
44882,39147,5.23
44882,39175,70.78
44883,39147,100
44887,39033,100
44889,39043,25.56
44889,39077,63.99
44889,39093,10.46
44890,39077,100
44901,39139,100
44902,39139,100
44903,39005,0.25
44903,39117,1.34
44903,39139,98.41
44904,39117,9.37
44904,39139,90.63
44905,39139,100
44906,39139,100
44907,39139,100
45001,39061,100
45002,39061,100
45003,39017,30.27
45003,39135,69.73
45005,39113,0.82
45005,39165,99.18
45011,39017,100
45013,39017,99.98
45013,39061,0.02
45014,39017,100
45015,39017,100
45030,39061,100
45032,39165,100
45033,39061,100
45034,39165,100
45036,39165,100
45039,39165,100
45040,39165,100
45041,39061,100
45042,39017,96.74
45042,39135,1.83
45042,39165,1.43
45044,39017,96.42
45044,39165,3.58
45050,39017,99.12
45050,39165,0.88
45051,39061,100
45052,39061,100
45053,18047,0.29
45053,39017,99.71
45054,39165,100
45056,39017,100
45062,39017,100
45064,39017,54.22
45064,39135,45.78
45065,39165,100
45066,39113,5.11
45066,39165,94.89
45067,39017,100
45068,39027,0.38
45068,39057,1.42
45068,39165,98.2
45069,39017,100
45070,39135,100
45101,39015,100
45102,39025,100
45103,39025,100
45106,39015,10.02
45106,39025,89.98
45107,39015,7.45
45107,39025,6.19
45107,39027,69.66
45107,39165,16.7
45111,39061,100
45112,39025,100
45113,39027,68.65
45113,39165,31.35
45115,39015,100
45118,39015,95.71
45118,39025,3.46
45118,39071,0.83
45120,39015,16.37
45120,39025,83.63
45121,39015,99.1
45121,39025,0.9
45122,39025,95.68
45122,39165,4.32
45123,39047,7.05
45123,39071,79.52
45123,39141,13.44
45130,39015,84.85
45130,39025,15.15
45131,39015,100
45132,39071,100
45133,39015,0.12
45133,39071,98.75
45133,39131,1.13
45135,39027,2.04
45135,39047,7.71
45135,39071,90.25
45140,39025,52.36
45140,39061,28.81
45140,39165,18.83
45142,39015,9.61
45142,39027,10.1
45142,39071,80.29
45144,39001,97.14
45144,39015,2.86
45145,39025,100
45146,39027,100
45147,39025,93.88
45147,39061,6.12
45148,39015,5.23
45148,39027,94.77
45150,39025,99.94
45150,39061,0.06
45152,39165,100
45153,39025,100
45154,39015,94.91
45154,39071,5.09
45155,39071,100
45156,39025,100
45157,39025,100
45158,39025,100
45159,39027,62.65
45159,39071,37.35
45160,39025,100
45162,39025,37.32
45162,39165,62.68
45164,39027,100
45166,39027,100
45167,39015,100
45168,39015,100
45169,39027,92.37
45169,39047,5.72
45169,39057,1.91
45171,39015,78.28
45171,39071,21.72
45172,39071,100
45174,39061,100
45176,39015,35.04
45176,39025,64.96
45177,39027,100
45202,39061,100
45203,39061,100
45204,39061,100
45205,39061,100
45206,39061,100
45207,39061,100
45208,39061,100
45209,39061,100
45211,39061,100
45212,39061,100
45213,39061,100
45214,39061,100
45215,39061,100
45216,39061,100
45217,39061,100
45218,39061,100
45219,39061,100
45220,39061,100
45223,39061,100
45224,39061,100
45225,39061,100
45226,39061,100
45227,39061,100
45229,39061,100
45230,39061,100
45231,39061,100
45232,39061,100
45233,39061,100
45236,39061,100
45237,39061,100
45238,39061,100
45239,39061,100
45240,39061,100
45241,39017,34.24
45241,39061,65.47
45241,39165,0.3
45242,39061,100
45243,39061,100
45244,39025,45.92
45244,39061,54.08
45245,39025,100
45246,39017,6.69
45246,39061,93.31
45247,39061,100
45248,39061,100
45249,39061,97.33
45249,39165,2.67
45251,39061,100
45252,39061,100
45255,39025,29.67
45255,39061,70.33
45301,39057,100
45302,39149,100
45303,39037,100
45304,39037,98.6
45304,39109,0.33
45304,39135,1.07
45305,39057,100
45306,39011,0.92
45306,39149,99.08
45307,39057,100
45308,39037,61.13
45308,39109,38.87
45309,39037,0.48
45309,39113,99.31
45309,39135,0.21
45310,39037,30.33
45310,39107,69.67
45311,39135,100
45312,39021,0.77
45312,39109,99.23
45314,39023,0.56
45314,39057,99.44
45315,39113,100
45316,39023,23.48
45316,39057,76.52
45317,39021,45.68
45317,39109,45.34
45317,39149,8.98
45318,39037,0.32
45318,39109,99.68
45319,39023,100
45320,39135,100
45321,39135,100
45322,39109,1.63
45322,39113,98.37
45323,39023,100
45324,39023,4.84
45324,39057,95.16
45325,39113,100
45326,39109,100
45327,39017,1.63
45327,39113,97.17
45327,39135,1.2
45328,39037,100
45330,39135,100
45331,39037,100
45332,39037,100
45333,39149,100
45334,39011,1.08
45334,39091,0.49
45334,39149,98.43
45335,39027,1.8
45335,39047,1.02
45335,39057,97.18
45336,39149,100
45337,39037,17.04
45337,39109,82.96
45338,39135,100
45339,39109,100
45340,39149,100
45341,39023,100
45342,39113,99.66
45342,39165,0.34
45344,39021,0.52
45344,39023,89.27
45344,39109,10.12
45344,39113,0.09
45345,39113,100
45346,39037,100
45347,39037,13.92
45347,39135,86.08
45348,39037,100
45349,39023,100
45350,39037,100
45351,39037,100
45352,39037,100
45353,39149,100
45354,39113,100
45356,39109,97.22
45356,39149,2.78
45358,39037,100
45359,39109,100
45360,39149,100
45361,39109,100
45362,39037,100
45363,39149,100
45365,39021,0.04
45365,39149,99.96
45368,39023,98.88
45368,39057,1.12
45369,39023,99.49
45369,39097,0.51
45370,39057,100
45371,39109,99.64
45371,39113,0.36
45372,39023,100
45373,39109,100
45377,39113,100
45378,39135,100
45380,39037,100
45381,39113,3.94
45381,39135,96.06
45382,39037,17.42
45382,39135,82.58
45383,39109,100
45384,39057,100
45385,39057,100
45387,39023,4.24
45387,39057,95.76
45388,39037,100
45389,39021,100
45390,39037,100
45402,39113,100
45403,39113,100
45404,39113,100
45405,39113,100
45406,39113,100
45409,39113,100
45410,39113,100
45414,39113,100
45415,39113,100
45416,39113,100
45417,39113,100
45418,39113,100
45419,39113,100
45420,39113,100
45424,39057,1.34
45424,39109,0.62
45424,39113,98.04
45426,39113,100
45428,39113,100
45429,39113,100
45430,39057,100
45431,39057,48.65
45431,39113,51.35
45432,39057,53.81
45432,39113,46.19
45433,39057,90.35
45433,39113,9.65
45434,39057,100
45439,39113,100
45440,39057,41.92
45440,39113,58.08
45449,39113,100
45458,39057,0.96
45458,39113,93.59
45458,39165,5.45
45459,39057,0.35
45459,39113,99.65
45502,39021,1.55
45502,39023,98.45
45503,39023,100
45504,39023,100
45505,39023,100
45506,39023,100
45601,39079,0.43
45601,39131,0.43
45601,39141,99.15
45612,39071,12.11
45612,39131,17.1
45612,39141,70.79
45613,39079,10.48
45613,39131,88.21
45613,39145,1.31
45614,39053,100
45616,39001,80.95
45616,39145,19.05
45617,39141,100
45618,39001,100
45619,39087,100
45620,39053,94.55
45620,39105,5.45
45621,39079,100
45622,39073,7.17
45622,39163,92.83
45623,39053,79.77
45623,39087,20.23
45624,39131,100
45628,39141,100
45629,39145,100
45630,39145,100
45631,39053,100
45634,39079,0.52
45634,39163,99.48
45636,39145,100
45638,39087,96.58
45638,39145,3.42
45640,39079,100
45642,39131,100
45644,39129,24.78
45644,39141,75.22
45645,39087,100
45646,39131,100
45647,39141,53.02
45647,39163,46.98
45648,39131,13.48
45648,39145,86.52
45650,39001,100
45651,39163,100
45652,39145,100
45653,39145,100
45654,39073,40.24
45654,39163,59.76
45656,39053,3.68
45656,39079,93.79
45656,39087,2.53
45657,39001,12.14
45657,39145,87.86
45658,39053,100
45659,39087,100
45660,39001,81.33
45660,39071,2.36
45660,39131,16.03
45660,39145,0.28
45661,39131,99.53
45661,39145,0.47
45662,39145,100
45663,39145,100
45669,39087,100
45671,39131,13.35
45671,39145,86.65
45672,39079,53.23
45672,39163,46.77
45673,39141,100
45674,39053,100
45678,39053,8.63
45678,39087,91.37
45679,39001,96.44
45679,39071,3.56
45680,39087,100
45681,39141,100
45682,39087,4.01
45682,39145,95.99
45684,39001,37.58
45684,39145,62.42
45685,39053,69.14
45685,39079,30.86
45686,39053,75.33
45686,39105,5.77
45686,39163,18.9
45688,39053,3.79
45688,39087,96.21
45690,39131,89.26
45690,39141,10.74
45692,39079,100
45693,39001,100
45694,39145,100
45695,39163,100
45696,39087,100
45697,39001,65.82
45697,39015,24.95
45697,39071,9.24
45698,39163,100
45701,39009,100
45710,39009,62.93
45710,39105,28.14
45710,39163,8.93
45711,39009,84.57
45711,39115,4.22
45711,39167,11.21
45714,39167,100
45715,39115,25.82
45715,39121,5.25
45715,39167,68.94
45716,39009,100
45719,39009,100
45721,39167,100
45723,39009,86.9
45723,39105,10.75
45723,39167,2.35
45724,39167,100
45727,39121,100
45729,39167,100
45732,39009,78.48
45732,39115,18.07
45732,39127,3.45
45734,39111,100
45735,39009,100
45740,39009,100
45741,39105,100
45742,39009,2.65
45742,39167,97.35
45743,39105,100
45744,39121,1.47
45744,39167,98.53
45745,39111,13.77
45745,39121,30.35
45745,39167,55.88
45746,39121,12.7
45746,39167,87.3
45750,39167,100
45760,39105,100
45761,39009,100
45764,39009,80.33
45764,39073,19.67
45766,39009,95.15
45766,39163,4.85
45767,39111,18.93
45767,39167,81.07
45768,39167,100
45769,39105,100
45770,39105,100
45771,39105,100
45772,39105,100
45773,39167,100
45775,39105,100
45776,39009,41.57
45776,39105,58.43
45778,39009,100
45779,39105,100
45780,39009,100
45782,39009,100
45784,39167,100
45786,39115,2.52
45786,39167,97.48
45787,39167,100
45788,39167,100
45789,39111,11.3
45789,39167,88.7
45801,39003,100
45804,39003,100
45805,39003,100
45806,39003,76.43
45806,39011,23.57
45807,39003,100
45808,39003,100
45809,39003,100
45810,39003,2.58
45810,39063,2.62
45810,39065,94.8
45812,39065,100
45813,39039,0.68
45813,39125,99.32
45814,39063,100
45816,39063,100
45817,39003,82.56
45817,39063,16.72
45817,39137,0.73
45819,39011,100
45820,39003,100
45821,39039,1.6
45821,39125,98.4
45822,39107,100
45826,39107,100
45827,39125,8.36
45827,39137,91.64
45828,39107,100
45830,39003,20.62
45830,39137,79.38
45831,39039,0.63
45831,39137,99.37
45832,39125,0.52
45832,39161,99.48
45833,39003,55.35
45833,39137,3.65
45833,39161,41
45835,39065,100
45836,39065,100
45838,39161,100
45840,39063,100
45841,39063,100
45843,39063,18.32
45843,39065,64.39
45843,39175,17.29
45844,39003,2.4
45844,39137,96.74
45844,39161,0.86
45845,39011,0.69
45845,39149,99.31
45846,39037,6.58
45846,39107,93.42
45849,39125,85.07
45849,39137,1.56
45849,39161,13.37
45850,39003,90.64
45850,39011,1.51
45850,39065,7.86
45851,39125,100
45853,39137,100
45854,39003,100
45855,39125,100
45856,39063,0.21
45856,39069,1.35
45856,39137,98.44
45858,39063,100
45859,39065,100
45860,39107,100
45861,39125,100
45862,39011,3.38
45862,39107,96.62
45863,39161,100
45864,39137,100
45865,39011,75.01
45865,39149,24.99
45866,39107,100
45867,39063,98.15
45867,39175,1.85
45868,39063,100
45869,39011,96.05
45869,39107,1.85
45869,39149,2.1
45870,39011,100
45871,39011,77.29
45871,39149,22.71
45872,39063,1.51
45872,39173,98.49
45873,39125,100
45874,39161,100
45875,39137,100
45876,39137,100
45877,39003,4.49
45877,39063,0.23
45877,39137,95.28
45879,39125,100
45880,39125,100
45881,39063,100
45882,39107,97.24
45882,39161,2.76
45883,39107,100
45884,39011,100
45885,39011,99.69
45885,39107,0.31
45886,39125,47.55
45886,39161,52.45
45887,39003,80.19
45887,39011,11.25
45887,39107,1.14
45887,39161,7.42
45888,39011,100
45889,39063,100
45890,39063,100
45891,39161,100
45894,39161,100
45895,39011,99.79
45895,39091,0.21
45896,39003,9.33
45896,39011,82.67
45896,39065,7.99
45897,39063,100
45898,39107,17.35
45898,39161,82.65
45899,39161,100
46001,18035,0.65
46001,18095,99.35
46011,18095,100
46012,18035,0.77
46012,18095,99.23
46013,18095,100
46016,18095,100
46017,18035,0.83
46017,18095,99.17
46030,18057,100
46031,18057,83.62
46031,18159,16.38
46032,18057,100
46033,18057,100
46034,18057,100
46035,18011,6.02
46035,18023,88.05
46035,18107,5.93
46036,18053,0.27
46036,18095,93.51
46036,18159,6.22
46037,18057,100
46038,18057,100
46039,18023,100
46040,18057,35.94
46040,18059,55.58
46040,18095,8.48
46041,18015,0.68
46041,18023,99.32
46044,18095,100
46045,18159,100
46047,18159,100
46048,18095,100
46049,18023,3.29
46049,18159,96.71
46050,18011,14.3
46050,18023,84.17
46050,18159,1.52
46051,18095,100
46052,18011,100
46055,18057,20.04
46055,18059,79.96
46056,18059,4.76
46056,18095,95.24
46057,18023,100
46058,18023,97.58
46058,18157,2.42
46060,18057,99.89
46060,18095,0.11
46062,18057,100
46063,18095,100
46064,18059,2.18
46064,18095,97.82
46065,18015,23.33
46065,18023,76.67
46068,18159,100
46069,18011,15.89
46069,18023,2.31
46069,18057,81.8
46070,18095,100
46071,18011,100
46072,18159,100
46074,18057,100
46075,18011,100
46076,18067,4.89
46076,18159,95.11
46077,18011,94.95
46077,18057,4.28
46077,18097,0.78
46103,18063,100
46104,18139,100
46105,18133,100
46106,18081,98.46
46106,18109,1.54
46107,18097,100
46110,18145,100
46111,18109,100
46112,18011,0.13
46112,18063,99.87
46113,18063,13.16
46113,18097,43.86
46113,18109,42.99
46115,18059,5.59
46115,18139,94.41
46117,18059,94.63
46117,18065,5.37
46118,18063,98.34
46118,18109,1.66
46120,18109,2.87
46120,18119,13.5
46120,18133,83.62
46121,18063,39.37
46121,18133,60.63
46122,18063,100
46123,18063,100
46124,18005,24.25
46124,18081,55.04
46124,18145,20.71
46125,18109,100
46126,18145,100
46127,18041,37.5
46127,18139,62.5
46128,18133,100
46130,18059,27.15
46130,18145,72.85
46131,18081,99.26
46131,18145,0.74
46133,18041,52.08
46133,18139,47.92
46135,18121,0.29
46135,18133,99.71
46140,18059,99.74
46140,18139,0.26
46142,18081,100
46143,18081,100
46144,18145,100
46146,18139,100
46147,18011,92.8
46147,18063,7.2
46148,18065,90.52
46148,18139,9.48
46149,18063,100
46150,18139,86.26
46150,18145,13.74
46151,18081,0.17
46151,18105,0.21
46151,18109,99.62
46155,18139,100
46156,18031,0.75
46156,18139,99.25
46157,18109,100
46158,18063,4.35
46158,18109,95.65
46160,18013,48.43
46160,18081,15.06
46160,18109,36.51
46161,18059,6.25
46161,18139,2.56
46161,18145,91.19
46162,18081,57.21
46162,18145,42.79
46163,18059,96.64
46163,18145,3.36
46164,18013,49.51
46164,18081,50.49
46165,18063,100
46166,18109,95.62
46166,18119,4.38
46167,18063,100
46168,18063,100
46171,18133,100
46172,18133,100
46173,18031,2.32
46173,18047,2.4
46173,18139,95.27
46175,18121,2.68
46175,18133,97.32
46176,18145,100
46180,18063,65.66
46180,18109,34.34
46181,18013,14.03
46181,18081,85.97
46182,18139,5.5
46182,18145,94.5
46183,18097,100
46184,18081,100
46186,18059,98.12
46186,18065,1.88
46201,18097,100
46202,18097,100
46203,18097,100
46204,18097,100
46205,18097,100
46208,18097,100
46214,18097,100
46216,18097,100
46217,18097,100
46218,18097,100
46219,18097,100
46220,18097,100
46221,18097,100
46222,18097,100
46224,18097,100
46225,18097,100
46226,18097,100
46227,18097,100
46228,18097,100
46229,18059,5.82
46229,18097,94.18
46231,18063,32.92
46231,18097,67.08
46234,18063,43.45
46234,18097,56.55
46235,18097,100
46236,18097,100
46237,18097,100
46239,18059,0.15
46239,18097,99.85
46240,18057,0
46240,18097,100
46241,18097,100
46250,18057,0.96
46250,18097,99.04
46254,18097,100
46256,18057,6.7
46256,18097,93.3
46259,18081,2.85
46259,18097,93.73
46259,18145,3.42
46260,18057,0
46260,18097,100
46268,18011,1.79
46268,18097,98.21
46278,18063,2.73
46278,18097,97.27
46280,18057,100
46290,18057,100
46301,18127,100
46303,18089,100
46304,18127,100
46307,18089,94.33
46307,18127,5.67
46310,18073,76.91
46310,18111,23.09
46311,18089,100
46312,18089,100
46319,18089,100
46320,18089,100
46321,18089,100
46322,18089,100
46323,18089,100
46324,18089,100
46327,18089,100
46340,18091,100
46341,18089,12.71
46341,18127,87.29
46342,18089,96.06
46342,18127,3.94
46345,18091,100
46346,18091,100
46347,18127,100
46348,18091,98.76
46348,18127,1.24
46349,18111,100
46350,18091,100
46356,18089,100
46360,18091,96.98
46360,18127,3.02
46365,18091,100
46366,18131,2.92
46366,18149,97.08
46368,18127,100
46371,18091,100
46373,18089,100
46374,18073,11.76
46374,18131,6.72
46374,18149,81.52
46375,18089,100
46376,18089,100
46377,18089,100
46379,18111,100
46381,18111,100
46382,18091,100
46383,18127,100
46385,18127,100
46390,18091,99.82
46390,18127,0.18
46391,18091,79.91
46391,18127,20.09
46392,18073,100
46393,18127,100
46394,18089,100
46402,18089,100
46403,18089,100
46404,18089,100
46405,18089,100
46406,18089,100
46407,18089,100
46408,18089,100
46409,18089,100
46410,18089,100
46501,18099,100
46502,18085,100
46504,18085,0.82
46504,18099,99.18
46506,18099,88.32
46506,18141,11.68
46507,18039,100
46508,18085,100
46510,18085,100
46511,18049,9.72
46511,18099,78.24
46511,18131,1.94
46511,18149,10.1
46514,18039,100
46516,18039,100
46517,18039,100
46524,18085,100
46526,18039,100
46528,18039,100
46530,18039,6.03
46530,18141,93.97
46531,18149,100
46532,18091,35.07
46532,18149,64.93
46534,18149,100
46536,18099,9.35
46536,18141,90.65
46537,18099,100
46538,18085,100
46539,18049,1.91
46539,18085,96.04
46539,18099,2.05
46540,18039,92.46
46540,18087,7.54
46542,18039,4.72
46542,18085,95.28
46543,18039,68.25
46543,18087,31.75
46544,18141,100
46545,18141,100
46550,18039,74.75
46550,18085,20.26
46550,18099,3.82
46550,18141,1.17
46552,18091,33.23
46552,18141,66.77
46553,18039,100
46554,18091,0.79
46554,18141,99.21
46555,18085,100
46556,18141,100
46561,18039,12.82
46561,18141,87.18
46562,18085,91.83
46562,18113,2.49
46562,18183,5.68
46563,18099,99.75
46563,18149,0.25
46565,18087,100
46567,18039,12.82
46567,18085,87.18
46570,18049,7.26
46570,18099,92.74
46571,18087,97.85
46571,18113,2.15
46573,18039,85.92
46573,18141,14.08
46574,18091,17.06
46574,18099,19.8
46574,18141,40.08
46574,18149,23.06
46580,18085,100
46582,18085,100
46590,18085,100
46595,18141,100
46601,18141,100
46613,18141,100
46614,18141,100
46615,18141,100
46616,18141,100
46617,18141,100
46619,18141,100
46628,18141,100
46635,18141,100
46637,18141,100
46701,18113,100
46702,18069,92.8
46702,18169,7.2
46703,18151,100
46704,18003,100
46705,18033,62.6
46705,18151,37.4
46706,18003,1.64
46706,18033,98.36
46710,18033,4.23
46710,18113,95.77
46711,18001,100
46714,18001,2.85
46714,18179,97.15
46721,18033,100
46723,18003,22.41
46723,18113,16.64
46723,18183,60.95
46725,18113,3.25
46725,18183,96.75
46730,18033,100
46731,18179,100
46732,18085,39.44
46732,18113,60.56
46733,18001,99.25
46733,18003,0.75
46737,18151,100
46738,18033,100
46740,18001,97.04
46740,18179,2.96
46741,18003,100
46742,18033,20.81
46742,18151,79.19
46743,18003,100
46745,18003,100
46746,18087,100
46747,18033,7.24
46747,18087,17.16
46747,18151,75.6
46748,18003,97.8
46748,18033,1.48
46748,18113,0.72
46750,18069,99.88
46750,18183,0.12
46755,18033,0.37
46755,18113,99.63
46759,18179,100
46760,18113,100
46761,18087,97.8
46761,18151,2.2
46763,18033,10.42
46763,18113,89.58
46764,18113,11.29
46764,18183,88.71
46765,18003,100
46766,18179,100
46767,18039,1.87
46767,18087,2.14
46767,18113,95.99
46770,18069,34.76
46770,18179,65.24
46771,18087,100
46772,18001,100
46773,18001,4.34
46773,18003,95.66
46774,18003,100
46776,18087,16.44
46776,18151,83.56
46777,18001,1.01
46777,18003,0.66
46777,18179,98.34
46779,18151,100
46781,18179,100
46783,18003,35.73
46783,18069,54.64
46783,18179,1.36
46783,18183,8.27
46784,18113,100
46785,18033,100
46786,18087,100
46787,18085,4.29
46787,18183,95.71
46788,18003,59.42
46788,18033,40.58
46791,18179,100
46792,18069,83.51
46792,18179,16.49
46793,18033,99.37
46793,18151,0.63
46794,18113,100
46795,18087,85.9
46795,18113,14.1
46797,18003,100
46798,18003,89.34
46798,18179,10.66
46799,18179,100
46802,18003,100
46803,18003,100
46804,18003,100
46805,18003,100
46806,18003,100
46807,18003,100
46808,18003,100
46809,18003,100
46814,18003,100
46815,18003,100
46816,18003,100
46818,18003,98.15
46818,18183,1.85
46819,18003,100
46825,18003,100
46835,18003,100
46845,18003,100
46901,18067,95.77
46901,18103,4.23
46902,18067,99.76
46902,18159,0.24
46910,18049,82.23
46910,18085,14.2
46910,18103,3.57
46911,18103,90.76
46911,18169,9.24
46913,18015,100
46914,18103,100
46915,18015,100
46917,18015,100
46919,18053,38.16
46919,18067,4.69
46919,18103,56.23
46919,18169,0.92
46920,18015,100
46922,18049,100
46923,18015,99.11
46923,18157,0.89
46926,18017,1.81
46926,18103,98.19
46928,18053,99.35
46928,18095,0.65
46929,18015,93.9
46929,18067,6.1
46930,18053,100
46931,18049,100
46932,18017,92.11
46932,18067,3.34
46932,18103,4.55
46933,18053,100
46936,18067,100
46938,18053,100
46939,18049,94.38
46939,18131,5.62
46940,18053,1.3
46940,18069,12.05
46940,18169,86.66
46941,18169,100
46943,18169,100
46946,18169,100
46947,18015,0.59
46947,18017,99.41
46950,18017,100
46951,18049,25.3
46951,18103,74.7
46952,18009,0.12
46952,18053,98.96
46952,18069,0.26
46952,18179,0.66
46953,18053,100
46957,18053,100
46958,18103,100
46959,18103,100
46960,18049,0.57
46960,18131,62.07
46960,18149,37.36
46961,18017,100
46962,18085,3.9
46962,18169,95.71
46962,18183,0.39
46967,18017,100
46968,18131,9.59
46968,18149,90.41
46970,18017,2.55
46970,18103,97.34
46970,18169,0.11
46974,18103,20.95
46974,18169,79.05
46975,18049,100
46978,18017,97.04
46978,18131,1.21
46978,18181,1.75
46979,18023,1.35
46979,18067,98.65
46982,18049,1.63
46982,18085,83.37
46982,18169,15
46984,18169,100
46985,18131,97.43
46985,18181,2.57
46986,18053,100
46987,18053,100
46988,18017,100
46989,18035,0.33
46989,18053,99.67
46990,18169,100
46991,18053,95.66
46991,18069,4.34
46992,18169,100
46994,18017,100
46996,18131,99.48
46996,18149,0.1
46996,18181,0.42
46998,18017,100
47001,18029,93.01
47001,18115,6.99
47003,18161,100
47006,18031,0.26
47006,18047,33.56
47006,18137,66.19
47010,18047,70.26
47010,18161,29.74
47011,18115,0.86
47011,18155,99.14
47012,18029,8.38
47012,18047,91.62
47016,18047,100
47017,18115,1.38
47017,18137,98.62
47018,18029,67.39
47018,18115,14.34
47018,18137,18.27
47020,18155,100
47022,18029,100
47023,18137,100
47024,18047,100
47025,18029,100
47030,18047,100
47031,18029,3.04
47031,18137,96.96
47032,18029,100
47034,18137,100
47035,18047,100
47036,18047,100
47037,18137,100
47038,18155,100
47040,18115,87.01
47040,18155,12.99
47041,18029,42.69
47041,18137,57.31
47042,18137,100
47043,18077,1.68
47043,18155,98.32
47060,18029,66.1
47060,18047,33.9
47102,18071,4.07
47102,18143,95.93
47104,18019,100
47106,18019,87.03
47106,18043,8.73
47106,18175,4.24
47108,18117,1.18
47108,18175,98.82
47110,18061,100
47111,18019,100
47112,18061,100
47114,18061,100
47115,18061,100
47116,18025,100
47117,18043,3.88
47117,18061,96.12
47118,18025,83.64
47118,18117,7.02
47118,18123,9.34
47119,18019,3.12
47119,18043,96.88
47120,18175,100
47122,18043,82.89
47122,18061,17.11
47123,18025,100
47124,18043,89.14
47124,18061,10.86
47125,18117,39.14
47125,18175,60.86
47126,18019,96.64
47126,18175,3.36
47129,18019,100
47130,18019,100
47135,18061,100
47136,18043,49.16
47136,18061,50.84
47137,18025,99.65
47137,18123,0.35
47138,18077,44.8
47138,18143,55.2
47140,18025,81.3
47140,18117,18.7
47141,18019,100
47142,18061,100
47143,18019,100
47145,18025,100
47147,18019,62.22
47147,18077,9.31
47147,18143,28.47
47150,18019,0.09
47150,18043,99.91
47160,18061,100
47161,18061,100
47162,18019,100
47163,18019,100
47164,18061,80.55
47164,18175,19.45
47165,18043,1.51
47165,18175,98.49
47166,18061,100
47167,18175,100
47170,18143,92.81
47170,18175,7.19
47172,18019,88.99
47172,18043,11.01
47175,18025,95.71
47175,18117,4.29
47177,18019,55.53
47177,18143,44.47
47201,18005,97.12
47201,18013,2.88
47203,18005,100
47220,18071,100
47223,18079,100
47224,18077,43.87
47224,18137,2.99
47224,18155,53.14
47226,18005,100
47227,18077,16.15
47227,18079,83.85
47229,18071,94.86
47229,18079,5.14
47230,18077,79.25
47230,18079,7.74
47230,18143,13.01
47231,18077,77.04
47231,18079,22.96
47232,18005,64.25
47232,18079,35.75
47234,18145,100
47235,18013,21.19
47235,18071,78.81
47240,18031,98.77
47240,18047,0.54
47240,18137,0.16
47240,18139,0.23
47240,18145,0.3
47243,18077,100
47244,18005,89.69
47244,18031,10.31
47246,18005,100
47247,18005,100
47250,18077,96.82
47250,18137,1.71
47250,18155,1.47
47260,18071,100
47263,18031,100
47264,18071,78.22
47264,18093,19.19
47264,18105,2.59
47265,18079,100
47270,18077,6.44
47270,18079,93.56
47272,18031,64.87
47272,18145,35.13
47273,18079,100
47274,18005,1.38
47274,18013,0.51
47274,18071,97.29
47274,18079,0.83
47280,18005,100
47281,18071,71
47281,18175,29
47282,18079,100
47283,18005,3.43
47283,18031,95.19
47283,18079,1.39
47302,18035,99.76
47302,18065,0.24
47303,18035,100
47304,18035,100
47305,18035,100
47306,18035,100
47320,18035,92.21
47320,18075,0.63
47320,18135,7.16
47324,18177,100
47325,18041,31.93
47325,18161,68.07
47326,18001,2.7
47326,18075,97.3
47327,18065,6.98
47327,18177,93.02
47330,18177,100
47331,18041,99.36
47331,18047,0.33
47331,18161,0.31
47334,18035,97.21
47334,18065,2.79
47335,18177,100
47336,18009,8.85
47336,18035,11.72
47336,18075,79.43
47337,18065,100
47338,18035,100
47339,18177,100
47340,18135,100
47341,18177,100
47342,18035,100
47344,18065,100
47345,18177,100
47346,18065,3.48
47346,18177,96.52
47348,18009,100
47351,18065,100
47352,18065,85.18
47352,18139,14.82
47353,18047,0.61
47353,18161,99.39
47354,18035,4.16
47354,18065,32.77
47354,18135,57.13
47354,18177,5.93
47355,18135,100
47356,18035,1.11
47356,18065,91.04
47356,18095,7.85
47357,18041,16.79
47357,18177,83.21
47358,18135,94.98
47358,18177,5.02
47359,18009,81.96
47359,18179,18.04
47360,18065,94.57
47360,18135,0.65
47360,18177,4.79
47361,18065,100
47362,18065,100
47367,18035,100
47368,18035,15.54
47368,18135,84.46
47369,18075,100
47371,18075,99.93
47371,18135,0.07
47373,18075,91.82
47373,18135,8.18
47374,18161,0.03
47374,18177,99.97
47380,18075,6.09
47380,18135,93.91
47381,18075,100
47382,18135,100
47383,18035,100
47384,18059,45.15
47384,18065,54.85
47385,18065,100
47386,18065,100
47387,18065,100
47388,18065,100
47390,18075,1.85
47390,18135,98.15
47393,18135,6.92
47393,18177,93.08
47394,18135,100
47396,18035,100
47401,18013,0.1
47401,18105,99.9
47403,18055,0.72
47403,18105,99.28
47404,18105,99.48
47404,18119,0.52
47405,18105,100
47406,18105,100
47408,18105,100
47420,18093,100
47421,18093,100
47424,18055,100
47427,18021,9.97
47427,18119,90.03
47429,18105,100
47431,18119,100
47432,18037,9.12
47432,18101,3.42
47432,18117,87.46
47433,18105,27.78
47433,18109,8.89
47433,18119,63.33
47434,18105,100
47436,18093,80.4
47436,18105,19.6
47437,18093,100
47438,18021,24.2
47438,18055,72.51
47438,18153,3.29
47441,18055,100
47443,18055,100
47446,18093,99.15
47446,18101,0.85
47448,18013,99.33
47448,18105,0.67
47449,18055,100
47451,18093,100
47452,18093,7.45
47452,18117,92.55
47453,18055,100
47454,18117,100
47455,18119,100
47456,18109,31.42
47456,18119,61.58
47456,18133,7
47457,18055,100
47458,18105,100
47459,18055,93.28
47459,18119,6.72
47460,18055,0.42
47460,18105,2.21
47460,18119,97.37
47462,18055,26.93
47462,18093,66.84
47462,18105,6.22
47464,18105,100
47465,18055,100
47467,18093,100
47468,18013,22.24
47468,18105,77.76
47469,18117,100
47470,18093,90.72
47470,18101,9.28
47471,18055,87.28
47471,18119,12.72
47501,18027,100
47512,18083,100
47513,18025,18.25
47513,18037,79.3
47513,18123,2.44
47514,18123,100
47515,18123,100
47516,18083,100
47519,18027,100
47520,18123,100
47521,18037,100
47522,18101,100
47523,18147,77.29
47523,18173,22.71
47524,18083,100
47525,18123,100
47527,18037,99.31
47527,18117,0.69
47528,18083,100
47529,18027,97.02
47529,18055,2.98
47531,18147,100
47532,18037,87.42
47532,18123,0.91
47532,18147,11.67
47535,18083,100
47536,18147,100
47537,18147,73.37
47537,18173,26.63
47541,18037,96.57
47541,18147,0.9
47541,18173,2.53
47542,18037,98.34
47542,18125,1.66
47546,18037,100
47550,18147,100
47551,18123,100
47552,18147,100
47553,18027,32.16
47553,18101,67.84
47557,18083,100
47558,18027,100
47561,18083,98.3
47561,18153,1.7
47562,18027,99.12
47562,18101,0.88
47564,18037,10.13
47564,18125,89.87
47567,18125,100
47568,18027,100
47574,18123,100
47575,18037,100
47576,18123,100
47577,18123,11.46
47577,18147,88.54
47578,18055,25.9
47578,18083,74.1
47579,18147,100
47580,18037,100
47581,18101,100
47584,18125,100
47585,18125,100
47586,18123,100
47588,18123,71.35
47588,18147,28.65
47590,18037,14.59
47590,18125,85.41
47591,18083,100
47596,18083,100
47597,18083,100
47598,18125,100
47601,18147,0.86
47601,18173,99.14
47610,18173,100
47611,18147,100
47612,18051,11.03
47612,18129,88.97
47613,18051,13.92
47613,18173,86.08
47615,18147,100
47616,18051,7.14
47616,18129,92.86
47619,18051,3.89
47619,18125,3.48
47619,18173,92.63
47620,18129,100
47630,18173,100
47631,18129,100
47633,18051,7.2
47633,18129,92.33
47633,18163,0.47
47634,18147,100
47635,18147,100
47637,18147,9.89
47637,18173,90.11
47638,18129,100
47639,18051,93.04
47639,18163,6.96
47640,18051,77.32
47640,18125,22.68
47648,18051,100
47649,18051,100
47654,18051,100
47660,18051,92.6
47660,18125,6.99
47660,18173,0.41
47665,18051,100
47666,18051,100
47670,18051,100
47683,18051,100
47708,18163,100
47710,18163,100
47711,18163,100
47712,18129,13.12
47712,18163,86.88
47713,18163,100
47714,18163,100
47715,18163,100
47720,18163,100
47725,18051,0.45
47725,18163,99.5
47725,18173,0.05
47802,18021,0.05
47802,18167,99.95
47803,18167,100
47804,18167,100
47805,18167,100
47807,18167,100
47809,18167,100
47832,18121,100
47833,18021,48.71
47833,18119,51.29
47834,18021,94.59
47834,18121,1.97
47834,18167,3.44
47836,18121,100
47837,18021,59.71
47837,18121,40.29
47838,18153,100
47840,18021,97.47
47840,18133,2.53
47841,18021,99.25
47841,18119,0.75
47842,18165,98.93
47842,18167,1.07
47846,18021,100
47847,18165,100
47848,18055,7.57
47848,18153,92.43
47849,18153,100
47850,18153,80.58
47850,18167,19.42
47853,18021,100
47854,18165,100
47855,18153,100
47857,18021,100
47858,18021,43.12
47858,18153,28.37
47858,18167,28.51
47859,18121,100
47860,18121,100
47861,18153,100
47862,18121,100
47863,18167,100
47865,18153,100
47866,18167,100
47868,18021,11.99
47868,18119,84.92
47868,18133,3.1
47869,18167,100
47871,18167,100
47872,18121,99.84
47872,18133,0.16
47874,18021,4.54
47874,18121,71.94
47874,18167,23.52
47876,18167,100
47879,18153,100
47880,18167,100
47881,18021,100
47882,18153,100
47884,18165,100
47885,18167,100
47901,18157,100
47904,18157,100
47905,18157,100
47906,18157,99.75
47906,18171,0.15
47906,18181,0.09
47907,18157,0
47909,18157,100
47916,18107,100
47917,18007,64.77
47917,18171,35.23
47918,18045,78.06
47918,18157,1.11
47918,18171,20.84
47920,18015,3.44
47920,18157,86
47920,18181,10.56
47921,18007,87.76
47921,18171,12.24
47922,18073,3.14
47922,18111,96.86
47923,18015,10.73
47923,18181,89.27
47924,18157,100
47925,18181,100
47926,18015,28.99
47926,18181,71.01
47928,18165,100
47929,18181,100
47930,18107,2.29
47930,18157,97.71
47932,18045,83.29
47932,18165,7.21
47932,18171,9.5
47933,18011,0.06
47933,18107,99.94
47940,18107,100
47941,18157,100
47942,18007,100
47943,18073,75.32
47943,18111,24.68
47944,18007,100
47946,18073,6.95
47946,18131,93.05
47948,18007,2.58
47948,18073,11.63
47948,18111,85.8
47949,18045,100
47950,18015,7.35
47950,18181,92.65
47951,18111,100
47952,18045,75.38
47952,18121,24.62
47954,18107,98.06
47954,18133,1.94
47955,18107,96.23
47955,18157,3.77
47957,18073,6.81
47957,18131,93.19
47958,18045,100
47959,18073,2.48
47959,18181,97.52
47960,18015,13.89
47960,18181,86.11
47963,18111,100
47964,18111,100
47965,18107,100
47966,18165,100
47967,18107,90.03
47967,18157,9.97
47968,18011,7.03
47968,18107,92.97
47969,18045,100
47970,18007,56.49
47970,18157,18.58
47970,18171,24.93
47971,18007,100
47974,18165,100
47975,18007,2.6
47975,18171,97.4
47977,18007,10.92
47977,18073,89.08
47978,18073,99.39
47978,18111,0.41
47978,18181,0.2
47980,18181,100
47981,18107,4.95
47981,18157,95.05
47982,18171,100
47983,18157,100
47987,18045,100
47989,18107,77.6
47989,18121,22.17
47989,18133,0.23
47990,18107,100
47991,18171,100
47992,18157,100
47993,18171,100
47994,18107,100
47995,18073,1.78
47995,18181,98.22
47997,18015,100
48001,26147,100
48002,26147,100
48003,26087,100
48005,26099,100
48006,26147,100
48009,26125,100
48014,26087,1.17
48014,26147,98.83
48015,26099,100
48017,26125,100
48021,26099,100
48022,26147,100
48023,26147,100
48025,26125,100
48026,26099,100
48027,26147,100
48028,26147,100
48030,26125,100
48032,26147,81.44
48032,26151,18.56
48033,26125,100
48034,26125,100
48035,26099,100
48036,26099,100
48038,26099,100
48039,26147,100
48040,26147,100
48041,26099,18.59
48041,26147,81.41
48042,26099,100
48043,26099,100
48044,26099,100
48045,26099,100
48047,26099,100
48048,26099,100
48049,26147,100
48050,26099,100
48051,26099,100
48054,26147,100
48059,26147,100
48060,26147,100
48062,26099,100
48063,26147,100
48064,26147,100
48065,26099,100
48066,26099,100
48067,26125,100
48069,26125,100
48070,26125,100
48071,26125,100
48072,26125,100
48073,26125,100
48074,26147,100
48075,26125,100
48076,26125,100
48079,26147,100
48080,26099,100
48081,26099,100
48082,26099,100
48083,26125,100
48084,26125,100
48085,26125,100
48088,26099,100
48089,26099,100
48091,26099,100
48092,26099,100
48093,26099,100
48094,26099,100
48095,26099,100
48096,26099,100
48097,26147,88.93
48097,26151,11.07
48098,26125,100
48101,26163,100
48103,26161,100
48104,26161,100
48105,26161,100
48108,26161,100
48109,26161,100
48111,26115,0.17
48111,26161,0.48
48111,26163,99.34
48114,26093,100
48116,26093,100
48117,26115,100
48118,26161,100
48120,26163,100
48122,26163,100
48124,26163,100
48125,26163,100
48126,26163,100
48127,26163,100
48128,26163,100
48130,26161,100
48131,26115,100
48133,26115,100
48134,26115,3.39
48134,26163,96.61
48135,26163,100
48137,26093,71.25
48137,26161,28.75
48138,26163,100
48139,26093,100
48140,26115,100
48141,26163,100
48143,26093,100
48144,26115,100
48145,26115,100
48146,26163,100
48150,26163,100
48152,26163,100
48154,26163,100
48157,26115,100
48158,26075,0.71
48158,26161,99.29
48159,26115,100
48160,26115,34.39
48160,26161,65.61
48161,26115,100
48162,26115,100
48164,26115,0.76
48164,26163,99.24
48165,26125,100
48166,26115,100
48167,26125,49.74
48167,26161,6.22
48167,26163,44.04
48168,26161,6.42
48168,26163,93.58
48169,26093,95.09
48169,26161,4.91
48170,26161,4.85
48170,26163,95.15
48173,26163,100
48174,26163,100
48176,26091,0.14
48176,26161,99.86
48177,26115,100
48178,26093,31.16
48178,26125,61.52
48178,26161,7.32
48179,26115,100
48180,26163,100
48182,26115,100
48183,26163,100
48184,26163,100
48185,26163,100
48186,26163,100
48187,26163,100
48188,26163,100
48189,26093,45.82
48189,26161,54.18
48190,26161,100
48191,26115,4.44
48191,26161,95.56
48192,26163,100
48193,26163,100
48195,26163,100
48197,26161,100
48198,26161,100
48201,26163,100
48202,26163,100
48203,26163,100
48204,26163,100
48205,26163,100
48206,26163,100
48207,26163,100
48208,26163,100
48209,26163,100
48210,26163,100
48211,26163,100
48212,26163,100
48213,26163,100
48214,26163,100
48215,26163,100
48216,26163,100
48217,26163,100
48218,26163,100
48219,26163,100
48220,26125,100
48221,26163,100
48223,26163,100
48224,26163,100
48225,26163,100
48226,26163,100
48227,26163,100
48228,26163,100
48229,26163,100
48230,26163,100
48233,26163,0
48234,26163,100
48235,26163,100
48236,26099,0.26
48236,26163,99.74
48237,26125,100
48238,26163,100
48239,26163,100
48240,26163,100
48242,26163,0
48243,26163,0
48301,26125,100
48302,26125,100
48304,26125,100
48306,26099,1.34
48306,26125,98.66
48307,26125,100
48309,26125,100
48310,26099,100
48312,26099,100
48313,26099,100
48314,26099,100
48315,26099,100
48316,26099,100
48317,26099,100
48320,26125,100
48322,26125,100
48323,26125,100
48324,26125,100
48326,26125,100
48327,26125,100
48328,26125,100
48329,26125,100
48331,26125,100
48334,26125,100
48335,26125,100
48336,26125,100
48340,26125,100
48341,26125,100
48342,26125,100
48346,26125,100
48348,26125,100
48350,26125,100
48353,26093,100
48356,26125,100
48357,26125,100
48359,26125,100
48360,26125,100
48362,26125,100
48363,26125,100
48367,26125,100
48370,26125,100
48371,26087,1.37
48371,26125,98.63
48374,26125,100
48375,26125,100
48377,26125,100
48380,26093,23.3
48380,26125,76.7
48381,26125,100
48382,26125,100
48383,26125,100
48386,26125,100
48390,26125,100
48393,26125,100
48397,26099,0
48401,26151,100
48411,26049,100
48412,26087,100
48413,26063,100
48414,26155,100
48415,26049,1.83
48415,26145,96.54
48415,26157,1.64
48416,26087,32.95
48416,26147,4.86
48416,26151,62.2
48417,26145,100
48418,26049,30.45
48418,26093,9.53
48418,26155,60.02
48419,26151,100
48420,26049,97.31
48420,26145,0.13
48420,26157,2.57
48421,26049,2.33
48421,26087,97.67
48422,26151,100
48423,26049,99.88
48423,26087,0.12
48426,26151,100
48427,26151,100
48428,26087,99.8
48428,26125,0.2
48429,26049,2.52
48429,26155,97.48
48430,26049,59.58
48430,26093,37.43
48430,26125,2.99
48432,26063,100
48433,26049,99.75
48433,26155,0.25
48434,26151,100
48435,26087,42.87
48435,26157,57.13
48436,26049,96.81
48436,26155,3.19
48437,26049,100
48438,26049,84.06
48438,26087,15.94
48439,26049,99.27
48439,26125,0.73
48440,26087,100
48441,26063,98.87
48441,26151,1.13
48442,26049,5.77
48442,26093,1.18
48442,26125,93.05
48444,26087,99.22
48444,26147,0.78
48445,26063,100
48446,26087,100
48449,26049,39.66
48449,26155,60.34
48450,26151,100
48451,26049,94.59
48451,26093,5.41
48453,26087,4.82
48453,26151,89.9
48453,26157,5.29
48454,26151,100
48455,26087,100
48456,26063,14.1
48456,26151,85.9
48457,26049,82.82
48457,26145,17.18
48458,26049,100
48460,26145,36.57
48460,26155,63.43
48461,26087,100
48462,26049,0.96
48462,26087,4.44
48462,26125,94.6
48463,26049,100
48464,26049,8.2
48464,26087,78.17
48464,26157,13.63
48465,26151,100
48466,26151,100
48467,26063,100
48468,26063,100
48469,26151,100
48470,26063,100
48471,26151,100
48472,26151,100
48473,26049,100
48475,26063,66.74
48475,26151,33.26
48476,26155,100
48502,26049,100
48503,26049,100
48504,26049,100
48505,26049,100
48506,26049,100
48507,26049,100
48509,26049,100
48519,26049,100
48529,26049,100
48532,26049,100
48551,26049,0
48553,26049,0
48554,26049,0
48601,26145,100
48602,26145,100
48603,26145,100
48604,26017,1.19
48604,26145,98.81
48607,26145,100
48609,26145,100
48610,26011,39.05
48610,26051,22.93
48610,26129,38.01
48611,26017,100
48612,26051,98.48
48612,26111,1.52
48613,26017,91.36
48613,26051,8.64
48614,26057,1.89
48614,26145,98.11
48615,26057,71.81
48615,26111,28.19
48616,26145,99.75
48616,26155,0.25
48617,26035,77.87
48617,26073,22.13
48618,26051,3.02
48618,26073,12.65
48618,26111,84.33
48619,26119,10.97
48619,26135,89.03
48621,26135,100
48622,26035,82.44
48622,26073,17.56
48623,26017,4.46
48623,26111,7.48
48623,26145,88.06
48624,26035,6.07
48624,26051,91.68
48624,26129,0.97
48624,26143,1.28
48625,26035,100
48626,26111,7.96
48626,26145,92.04
48627,26143,100
48628,26051,13.73
48628,26111,86.27
48629,26143,100
48630,26143,100
48631,26017,100
48632,26035,74.46
48632,26073,23.73
48632,26133,1.81
48633,26035,100
48634,26017,100
48635,26129,100
48636,26135,100
48637,26057,7.23
48637,26111,11.73
48637,26145,81.04
48638,26145,100
48640,26111,100
48642,26017,6.14
48642,26111,93.86
48647,26001,0.07
48647,26135,99.93
48649,26145,97.59
48649,26155,2.41
48650,26011,6.8
48650,26017,93.2
48651,26143,100
48652,26017,30.62
48652,26051,54.52
48652,26111,14.86
48653,26039,27.78
48653,26143,72.22
48654,26129,89.96
48654,26135,10.04
48655,26145,100
48656,26143,100
48657,26111,100
48658,26011,95.5
48658,26017,4.5
48659,26011,98
48659,26017,2
48661,26129,100
48662,26057,80.3
48662,26111,19.7
48667,26111,0
48701,26157,100
48703,26011,100
48705,26001,100
48706,26017,100
48708,26017,99.9
48708,26145,0.1
48710,26017,0
48720,26063,100
48721,26001,100
48722,26145,100
48723,26157,100
48724,26145,100
48725,26063,100
48726,26063,3.4
48726,26151,13.56
48726,26157,83.04
48727,26087,67.69
48727,26157,32.31
48728,26001,86.55
48728,26135,13.45
48729,26157,100
48730,26069,100
48731,26063,100
48732,26017,100
48733,26157,100
48734,26145,98.12
48734,26157,1.88
48735,26063,32.54
48735,26157,67.46
48737,26001,87.95
48737,26069,12.05
48738,26001,91.1
48738,26069,8.9
48739,26069,77.2
48739,26129,22.8
48740,26001,100
48741,26157,100
48742,26001,100
48743,26069,100
48744,26087,8.45
48744,26157,91.55
48745,26001,98.81
48745,26069,1.19
48746,26049,9.69
48746,26157,90.31
48747,26017,98.59
48747,26145,1.41
48748,26069,100
48749,26011,100
48750,26001,0.64
48750,26069,99.36
48754,26063,100
48755,26063,100
48756,26129,100
48757,26017,1.94
48757,26145,21.69
48757,26157,76.37
48759,26063,99.09
48759,26157,0.91
48760,26087,45.3
48760,26157,54.7
48761,26001,20.47
48761,26069,48.54
48761,26129,27.19
48761,26135,3.8
48762,26001,83.23
48762,26007,16.77
48763,26011,8.08
48763,26069,91.92
48765,26011,68.28
48765,26069,31.72
48766,26011,100
48767,26063,1.16
48767,26157,98.84
48768,26157,100
48770,26069,100
48801,26057,100
48806,26057,100
48807,26057,70.09
48807,26145,29.91
48808,26037,100
48809,26067,85.24
48809,26081,14.7
48809,26117,0.06
48811,26057,6.61
48811,26117,93.39
48813,26025,0.12
48813,26045,99.88
48815,26067,98.63
48815,26081,1.37
48816,26093,100
48817,26155,100
48818,26117,100
48819,26065,100
48820,26037,100
48821,26045,94.71
48821,26065,5.29
48822,26037,100
48823,26037,14.5
48823,26065,85.5
48825,26065,100
48827,26045,88.01
48827,26065,11.7
48827,26075,0.29
48829,26073,1.84
48829,26117,98.16
48831,26037,61.85
48831,26057,0.88
48831,26145,16.63
48831,26155,20.64
48832,26057,100
48834,26067,31.58
48834,26117,68.42
48835,26037,99.07
48835,26057,0.93
48836,26093,100
48837,26037,10.84
48837,26045,88.09
48837,26067,1.07
48838,26067,0.16
48838,26081,14.17
48838,26117,85.66
48840,26037,8.86
48840,26065,85.69
48840,26155,5.45
48841,26145,24.21
48841,26155,75.79
48842,26065,100
48843,26093,100
48845,26037,15.75
48845,26057,2.69
48845,26067,73.48
48845,26117,8.08
48846,26067,100
48847,26057,100
48848,26037,36.26
48848,26155,63.74
48849,26015,15.46
48849,26045,2.38
48849,26067,82.16
48850,26107,18.04
48850,26117,81.96
48851,26067,100
48852,26117,100
48853,26037,100
48854,26065,100
48855,26093,100
48856,26057,100
48857,26155,100
48858,26073,99.67
48858,26111,0.33
48860,26067,100
48861,26045,90.74
48861,26067,9.26
48864,26065,100
48865,26067,100
48866,26037,72.25
48866,26155,27.75
48867,26155,100
48870,26067,100
48871,26057,100
48872,26065,5.6
48872,26093,2.95
48872,26155,91.45
48873,26037,16.72
48873,26067,83.28
48874,26057,100
48875,26037,4.41
48875,26067,95.59
48876,26045,100
48877,26057,62.08
48877,26073,4.81
48877,26117,33.11
48878,26073,100
48879,26037,99.16
48879,26057,0.84
48880,26057,89.46
48880,26073,1.54
48880,26111,9.01
48881,26067,100
48883,26073,74.11
48883,26111,25.89
48884,26117,100
48885,26117,100
48886,26107,2.41
48886,26117,97.59
48888,26117,100
48889,26057,100
48890,26045,59.99
48890,26067,40.01
48891,26117,100
48892,26065,81.24
48892,26093,18.76
48893,26073,100
48894,26037,100
48895,26065,100
48896,26073,100
48897,26015,98.1
48897,26045,1.9
48906,26037,28.4
48906,26045,3.27
48906,26065,68.33
48910,26065,100
48911,26045,12.69
48911,26065,87.31
48912,26065,100
48915,26065,100
48917,26045,83.2
48917,26065,16.8
48921,26065,0
48933,26065,100
49001,26077,100
49002,26077,100
49004,26077,100
49006,26077,100
49007,26077,100
49008,26077,100
49009,26077,99.17
49009,26159,0.83
49010,26005,99.48
49010,26159,0.52
49011,26023,1.97
49011,26025,96.28
49011,26149,1.75
49012,26025,2.88
49012,26077,97.12
49013,26159,100
49014,26025,100
49015,26025,100
49017,26015,7.34
49017,26025,92.66
49021,26015,34.07
49021,26025,11.42
49021,26045,54.51
49022,26021,99.22
49022,26159,0.78
49024,26077,100
49026,26005,7.73
49026,26159,92.27
49027,26159,100
49028,26023,100
49029,26025,100
49030,26023,4.2
49030,26149,95.8
49031,26027,100
49032,26149,100
49033,26025,100
49034,26025,8.08
49034,26077,91.92
49036,26023,100
49037,26025,100
49038,26021,95.7
49038,26159,4.3
49040,26023,7.59
49040,26149,92.41
49042,26027,0.35
49042,26149,99.65
49043,26159,100
49045,26027,8.02
49045,26159,91.98
49046,26015,100
49047,26021,0.64
49047,26027,93.25
49047,26159,6.11
49048,26077,100
49050,26015,100
49051,26025,100
49052,26025,25.13
49052,26077,74.87
49053,26077,100
49055,26005,8.17
49055,26159,91.83
49056,26005,36.95
49056,26159,63.05
49057,26159,100
49058,26015,100
49060,26015,67.55
49060,26077,32.45
49061,26027,100
49064,26159,100
49065,26159,100
49066,26149,100
49067,26027,72.31
49067,26149,19.7
49067,26159,7.98
49068,26025,100
49070,26005,100
49071,26077,17.52
49071,26159,82.48
49072,26149,100
49073,26015,91.82
49073,26045,8.18
49074,26077,100
49075,26149,100
49076,26025,23.19
49076,26045,76.81
49078,26005,93.82
49078,26077,5.17
49078,26159,1.01
49079,26159,100
49080,26005,71.38
49080,26015,18.59
49080,26077,10.03
49082,26023,96.17
49082,26059,3.83
49083,26015,0.34
49083,26077,99.66
49084,26021,100
49085,26021,100
49087,26077,98.58
49087,26159,1.42
49088,26077,100
49089,26023,100
49090,26005,17.92
49090,26159,82.08
49091,26149,100
49092,26023,19.11
49092,26025,80.89
49093,26027,2.5
49093,26149,97.5
49094,26023,82.04
49094,26025,17.96
49095,26027,100
49096,26045,100
49097,26077,98.97
49097,26149,1.03
49098,26021,92.41
49098,26159,7.59
49099,26027,12.4
49099,26149,87.6
49101,26021,100
49102,26021,99.55
49102,26027,0.45
49103,26021,100
49104,26021,100
49106,26021,100
49107,26021,100
49111,26021,95.64
49111,26027,4.36
49112,26027,100
49113,26021,100
49115,26021,100
49116,26021,100
49117,26021,100
49119,26021,100
49120,26021,72.67
49120,26027,27.33
49125,26021,100
49126,26021,100
49127,26021,100
49128,26021,100
49129,26021,100
49130,26027,100
49201,26075,100
49202,26075,100
49203,26075,100
49220,26059,15.24
49220,26091,84.76
49221,26091,100
49224,26025,87.18
49224,26075,12.82
49227,26059,100
49228,26091,100
49229,26091,96.46
49229,26115,3.54
49230,26075,78.66
49230,26091,21.34
49232,26059,100
49233,26059,55.56
49233,26075,12.28
49233,26091,32.16
49234,26075,100
49235,26091,100
49236,26091,86.69
49236,26161,13.31
49237,26025,0.47
49237,26075,99.53
49238,26091,81.1
49238,26115,18.9
49240,26075,90.82
49240,26161,9.18
49241,26075,100
49242,26059,100
49245,26023,1.98
49245,26025,97.44
49245,26075,0.58
49246,26059,2.98
49246,26075,97.02
49247,26059,24.32
49247,26091,75.68
49248,26091,100
49249,26059,89.5
49249,26075,10.5
49250,26059,97.22
49250,26075,2.78
49251,26065,95.25
49251,26075,4.75
49252,26023,1.77
49252,26025,0.35
49252,26059,93.47
49252,26075,4.41
49253,26091,100
49254,26075,100
49255,26023,56.73
49255,26059,43.27
49256,26091,100
49259,26075,100
49261,26075,100
49262,26059,100
49263,26075,100
49264,26065,75.7
49264,26075,24.3
49265,26091,100
49266,26059,100
49267,26091,6.97
49267,26115,93.03
49268,26091,100
49269,26075,100
49270,26115,100
49271,26059,100
49272,26075,100
49274,26023,9.7
49274,26059,90.3
49276,26091,66.6
49276,26115,33.4
49277,26075,100
49279,26091,100
49282,26059,100
49283,26075,100
49284,26025,25.53
49284,26045,8.09
49284,26075,66.38
49285,26065,88.95
49285,26075,5.52
49285,26093,3.97
49285,26161,1.56
49286,26091,100
49287,26091,94.66
49287,26161,5.34
49288,26059,92.92
49288,26091,7.08
49289,26091,100
49301,26081,100
49302,26081,100
49303,26121,95.57
49303,26123,4.43
49304,26085,100
49305,26073,3.62
49305,26107,96.38
49306,26081,100
49307,26107,97.01
49307,26123,2.99
49309,26085,3.2
49309,26123,96.8
49310,26073,63.93
49310,26107,33.39
49310,26117,2.69
49312,26123,100
49315,26005,1.88
49315,26081,94.1
49315,26139,4.01
49316,26005,9.35
49316,26015,2.94
49316,26081,87.71
49318,26081,14.23
49318,26121,67.81
49318,26139,17.95
49319,26081,100
49320,26107,100
49321,26081,100
49322,26117,100
49323,26005,100
49325,26015,78.37
49325,26067,9.64
49325,26081,12
49326,26081,72.55
49326,26117,27.45
49327,26081,0.54
49327,26123,99.46
49328,26005,100
49329,26117,84.94
49329,26123,15.06
49330,26081,92.06
49330,26121,0.68
49330,26123,5.57
49330,26139,1.69
49331,26067,13.08
49331,26081,86.92
49332,26107,100
49333,26005,0.04
49333,26015,98.11
49333,26081,1.84
49335,26005,100
49336,26107,94.69
49336,26117,5.26
49336,26123,0.05
49337,26107,1.02
49337,26117,1.89
49337,26123,97.1
49338,26107,68.4
49338,26123,30.4
49338,26133,1.19
49339,26117,100
49340,26073,26.96
49340,26107,73.04
49341,26081,100
49342,26107,100
49343,26081,56.39
49343,26117,11.7
49343,26123,31.92
49344,26005,59
49344,26015,41
49345,26081,100
49346,26107,99.82
49346,26123,0.18
49347,26081,2.23
49347,26117,97.77
49348,26005,81.44
49348,26015,16.87
49348,26081,1.7
49349,26123,100
49401,26139,100
49402,26085,29.71
49402,26105,64.06
49402,26127,6.23
49403,26081,1.58
49403,26121,4.04
49403,26139,94.38
49404,26121,1.69
49404,26139,98.31
49405,26105,100
49406,26005,100
49408,26005,100
49410,26105,100
49411,26105,100
49412,26121,0.66
49412,26123,98.17
49412,26127,1.17
49415,26121,91.02
49415,26139,8.98
49417,26139,100
49418,26081,84.27
49418,26139,15.73
49419,26005,100
49420,26127,100
49421,26123,34.82
49421,26127,65.18
49423,26005,34.53
49423,26139,65.47
49424,26139,100
49425,26121,79.84
49425,26123,6.69
49425,26127,13.47
49426,26005,0.08
49426,26139,99.92
49428,26139,100
49431,26105,100
49434,26005,25
49434,26139,75
49435,26139,100
49436,26127,100
49437,26121,81.35
49437,26127,18.65
49440,26121,100
49441,26121,100
49442,26121,100
49444,26121,100
49445,26121,100
49446,26127,100
49448,26121,10.06
49448,26139,89.94
49449,26105,21.5
49449,26127,78.5
49450,26005,100
49451,26121,96.64
49451,26139,3.36
49452,26127,100
49453,26005,100
49454,26105,100
49455,26127,100
49456,26121,5.84
49456,26139,94.16
49457,26121,99.33
49457,26123,0.67
49458,26105,100
49459,26123,9.7
49459,26127,90.3
49460,26139,100
49461,26121,100
49464,26005,1.36
49464,26139,98.64
49503,26081,100
49504,26081,100
49505,26081,100
49506,26081,100
49507,26081,100
49508,26081,100
49509,26081,100
49512,26081,100
49519,26081,100
49525,26081,100
49534,26081,77.18
49534,26139,22.82
49544,26081,99.43
49544,26139,0.57
49546,26081,100
49548,26081,100
49601,26113,1.67
49601,26165,98.33
49611,26009,100
49612,26009,71.01
49612,26079,28.99
49613,26019,20
49613,26101,80
49614,26101,100
49615,26009,100
49616,26019,100
49617,26019,100
49618,26165,100
49619,26101,100
49620,26055,37.34
49620,26165,62.66
49621,26089,100
49622,26009,100
49623,26085,100
49625,26101,95.58
49625,26165,4.42
49626,26101,100
49627,26009,100
49628,26019,100
49629,26009,100
49630,26019,2.24
49630,26089,97.76
49631,26107,11.25
49631,26133,88.75
49632,26113,100
49633,26055,31.62
49633,26079,64.87
49633,26113,0.62
49633,26165,2.89
49634,26101,100
49635,26019,100
49636,26089,100
49637,26055,100
49638,26101,8.5
49638,26165,91.5
49639,26107,22.72
49639,26133,77.28
49640,26019,100
49642,26085,100
49643,26019,32.06
49643,26055,67.94
49644,26085,94.05
49644,26101,5.85
49644,26105,0.1
49645,26101,100
49646,26079,100
49648,26009,100
49649,26055,97.88
49649,26165,2.12
49650,26019,100
49651,26113,100
49653,26089,100
49654,26089,100
49655,26085,5.48
49655,26133,94.52
49656,26085,100
49657,26113,100
49659,26009,78.64
49659,26079,21.36
49660,26101,95.92
49660,26105,4.08
49663,26113,20.21
49663,26165,79.79
49664,26089,100
49665,26035,12.26
49665,26113,5.91
49665,26133,81.83
49666,26055,100
49667,26113,100
49668,26101,0.39
49668,26165,99.61
49670,26089,100
49674,26089,100
49675,26101,100
49676,26009,32.73
49676,26079,67.27
49677,26085,14.49
49677,26123,3.65
49677,26133,81.86
49679,26107,13.24
49679,26133,86.76
49680,26055,0.1
49680,26079,99.9
49682,26089,100
49683,26019,60.29
49683,26055,5.52
49683,26101,34.19
49684,26019,0.95
49684,26055,83.97
49684,26089,15.07
49686,26055,100
49688,26085,5.73
49688,26133,93.16
49688,26165,1.11
49689,26101,90.64
49689,26165,9.36
49690,26009,6
49690,26055,88.56
49690,26079,5.44
49701,26031,41.31
49701,26047,58.69
49705,26031,100
49706,26031,17.99
49706,26047,82.01
49707,26007,97.54
49707,26141,2.46
49709,26119,100
49710,26033,100
49712,26009,1.63
49712,26029,98.37
49713,26009,0.54
49713,26029,95.06
49713,26047,4.4
49715,26033,100
49716,26031,29.16
49716,26047,70.84
49717,26031,100
49718,26031,8.7
49718,26047,91.3
49719,26097,100
49720,26009,2.83
49720,26029,97.17
49721,26031,100
49722,26047,100
49724,26033,100
49725,26033,100
49726,26033,100
49727,26009,23.26
49727,26029,76.74
49728,26033,100
49729,26009,88.66
49729,26029,11.34
49730,26009,55.74
49730,26029,19.75
49730,26137,24.51
49733,26039,76.28
49733,26137,23.72
49735,26137,100
49736,26033,100
49738,26039,97.76
49738,26079,2.04
49738,26137,0.2
49740,26047,100
49743,26141,100
49744,26007,100
49745,26097,100
49746,26007,10.28
49746,26119,89.72
49747,26001,38.68
49747,26007,61.32
49748,26033,98.82
49748,26095,1.18
49749,26031,100
49751,26119,12.51
49751,26137,87.49
49752,26033,100
49753,26007,100
49755,26031,18.87
49755,26047,81.13
49756,26039,0.31
49756,26119,65.57
49756,26135,32.54
49756,26137,1.58
49757,26097,100
49759,26141,100
49760,26097,100
49762,26097,100
49764,26047,100
49765,26031,37.17
49765,26141,62.83
49766,26007,100
49768,26033,100
49769,26031,7.85
49769,26047,92.15
49770,26029,1.66
49770,26047,98.34
49774,26033,80.28
49774,26097,19.72
49775,26097,100
49776,26007,21.72
49776,26141,78.28
49777,26141,100
49779,26141,100
49780,26033,95.53
49780,26097,4.47
49781,26097,100
49782,26029,100
49783,26033,100
49788,26033,100
49791,26031,100
49793,26033,98.76
49793,26097,1.24
49795,26029,8.01
49795,26031,9.01
49795,26137,82.98
49796,26029,100
49799,26031,100
49801,26043,100
49802,26043,100
49805,26061,2.98
49805,26083,97.02
49806,26003,100
49807,26041,79.59
49807,26043,6.4
49807,26109,14.01
49808,26103,100
49812,26109,100
49814,26103,100
49815,26043,100
49816,26003,100
49817,26041,12.52
49817,26153,87.48
49818,26041,86.44
49818,26103,13.56
49819,26103,100
49820,26097,100
49821,26109,100
49822,26003,96.82
49822,26103,3.18
49825,26003,100
49826,26003,100
49827,26097,100
49829,26041,100
49831,26043,92.18
49831,26103,7.82
49833,26103,100
49834,26043,100
49835,26041,100
49836,26097,43.28
49836,26153,56.72
49837,26041,100
49838,26097,100
49839,26003,100
49840,26153,100
49841,26103,100
49847,26109,100
49848,26109,100
49849,26103,100
49852,26043,100
49853,26095,95.46
49853,26097,4.54
49854,26041,0.79
49854,26153,99.21
49855,26003,0.07
49855,26103,99.93
49858,26109,100
49861,26013,47.08
49861,26103,52.92
49862,26003,100
49863,26109,100
49864,26041,100
49866,26103,100
49868,26095,100
49870,26043,100
49871,26103,100
49872,26041,100
49873,26043,3.33
49873,26109,96.67
49874,26109,100
49876,26043,100
49877,26043,100
49878,26003,1.31
49878,26041,98.69
49879,26071,1.25
49879,26103,98.75
49880,26041,72.68
49880,26103,27.32
49881,26043,100
49883,26003,16.56
49883,26153,83.44
49884,26003,99.28
49884,26153,0.72
49885,26003,5.75
49885,26103,94.25
49886,26109,100
49887,26109,100
49891,26003,100
49892,26043,87.32
49892,26109,12.68
49893,26109,100
49894,26041,100
49895,26003,69.28
49895,26041,18.17
49895,26153,12.55
49896,26109,100
49901,26083,100
49902,26071,100
49903,26071,100
49905,26061,100
49908,26013,100
49910,26131,100
49911,26053,100
49912,26131,100
49913,26061,97.7
49913,26083,2.3
49915,26071,100
49916,26061,100
49917,26061,100
49918,26083,100
49919,26013,100
49920,26071,100
49921,26061,100
49922,26061,100
49925,26131,100
49927,26071,100
49929,26131,100
49930,26061,100
49931,26061,100
49934,26061,100
49935,26071,100
49938,26053,100
49942,26061,100
49945,26061,97.1
49945,26083,2.9
49946,26013,100
49947,26053,95.16
49947,26131,4.84
49948,26131,100
49950,26083,100
49952,26061,98.6
49952,26131,1.4
49953,26131,100
49955,26061,100
49958,26013,38.82
49958,26061,61.18
49959,26053,100
49960,26131,100
49961,26061,100
49962,26013,100
49963,26061,100
49965,26061,88.64
49965,26131,11.36
49967,26061,26.63
49967,26071,6.91
49967,26131,66.46
49968,26053,100
49969,26053,100
49970,26013,100
49971,26131,100
50001,19181,100
50002,19001,76.95
50002,19077,23.05
50003,19049,100
50005,19127,100
50006,19069,13.66
50006,19083,86.34
50007,19153,100
50008,19185,100
50009,19153,100
50010,19169,100
50011,19169,100
50012,19169,100
50014,19015,2.52
50014,19169,97.48
50020,19001,3.7
50020,19009,2.63
50020,19029,93.67
50021,19153,100
50022,19009,0.92
50022,19029,98.8
50022,19165,0.28
50023,19153,100
50025,19009,100
50026,19073,14.55
50026,19077,85.45
50027,19123,94.04
50027,19157,5.96
50028,19099,100
50029,19073,1.3
50029,19077,98.7
50032,19153,100
50033,19121,100
50034,19079,87.76
50034,19197,12.24
50035,19153,100
50036,19015,100
50038,19049,100
50039,19049,100
50041,19069,100
50042,19009,100
50044,19123,17.14
50044,19125,81.29
50044,19135,1.58
50046,19153,16.27
50046,19169,83.73
50047,19153,8.8
50047,19181,91.2
50048,19001,22.65
50048,19077,77.35
50049,19117,99.8
50049,19185,0.2
50050,19073,100
50051,19127,100
50052,19185,100
50054,19099,100
50055,19099,15.12
50055,19169,84.88
50056,19169,100
50057,19125,100
50058,19009,3.53
50058,19027,82.67
50058,19073,2.96
50058,19077,10.85
50060,19185,100
50061,19049,28.34
50061,19121,24.4
50061,19153,2.82
50061,19181,44.44
50062,19125,100
50063,19049,100
50064,19073,100
50065,19053,100
50066,19049,100
50067,19053,100
50068,19117,90.71
50068,19185,9.29
50069,19049,100
50070,19001,7.99
50070,19049,47.75
50070,19077,31.7
50070,19121,12.56
50071,19069,29.59
50071,19197,70.41
50072,19049,23.44
50072,19121,76.56
50073,19153,100
50074,19159,94.91
50074,19175,5.09
50075,19079,100
50076,19009,100
50078,19127,100
50101,19197,100
50102,19083,100
50103,19053,100
50104,19107,97.66
50104,19123,2.34
50105,19169,100
50106,19099,9.34
50106,19127,82.58
50106,19157,1.54
50106,19171,6.54
50107,19015,2.27
50107,19073,97.73
50108,19039,8.92
50108,19053,91.08
50109,19049,52.61
50109,19153,47.39
50111,19049,1.83
50111,19153,98.17
50112,19099,7.09
50112,19157,92.91
50115,19077,100
50116,19125,100
50117,19009,100
50118,19181,100
50119,19125,100
50120,19127,100
50122,19083,100
50123,19053,2.57
50123,19117,6.72
50123,19185,90.71
50124,19153,1.63
50124,19169,98.37
50125,19181,100
50126,19069,3.15
50126,19083,96.85
50127,19099,100
50128,19049,6.67
50128,19073,11.11
50128,19077,82.22
50129,19073,100
50130,19079,100
50131,19153,100
50132,19079,100
50133,19053,4.23
50133,19159,95.77
50134,19015,7.27
50134,19169,92.73
50135,19099,100
50136,19095,2.25
50136,19107,97.75
50138,19125,100
50139,19117,10.79
50139,19125,19.33
50139,19181,69.88
50140,19053,97.47
50140,19159,2.53
50141,19099,17.75
50141,19127,82.25
50142,19127,100
50143,19123,100
50144,19053,100
50146,19049,100
50147,19053,24.32
50147,19185,75.68
50148,19127,100
50149,19121,33.82
50149,19175,66.18
50150,19135,100
50151,19117,93.23
50151,19181,6.77
50153,19099,94.28
50153,19123,4.09
50153,19157,1.63
50154,19083,1.29
50154,19169,98.71
50155,19001,4.71
50155,19121,95.29
50156,19015,88.06
50156,19049,2.31
50156,19153,9.63
50157,19157,100
50158,19127,99.87
50158,19171,0.13
50160,19181,100
50161,19153,25.65
50161,19169,74.35
50162,19127,100
50163,19125,100
50164,19001,18.71
50164,19077,81.29
50165,19185,100
50166,19181,100
50167,19049,100
50168,19099,100
50169,19099,9.41
50169,19153,90.59
50170,19099,89.84
50170,19125,10.16
50171,19157,100
50173,19171,100
50174,19039,96.71
50174,19175,3.29
50201,19169,100
50206,19083,89.92
50206,19127,6.65
50206,19169,3.42
50207,19123,99.25
50207,19157,0.75
50208,19099,100
50210,19039,16.56
50210,19121,2.13
50210,19181,81.31
50211,19121,0.38
50211,19181,99.62
50212,19015,100
50213,19039,100
50214,19125,100
50216,19077,100
50217,19015,19.02
50217,19073,80.98
50218,19121,100
50219,19123,5.33
50219,19125,94.67
50220,19015,5.01
50220,19049,94.61
50220,19073,0.38
50222,19121,100
50223,19015,100
50225,19125,93.47
50225,19181,6.53
50226,19153,99.17
50226,19169,0.83
50227,19069,100
50228,19099,99.38
50228,19125,0.62
50229,19121,28
50229,19181,72
50230,19079,17.17
50230,19083,82.83
50231,19079,100
50232,19099,100
50233,19049,92.65
50233,19077,7.35
50234,19099,8.97
50234,19127,91.03
50235,19015,4.55
50235,19049,2.48
50235,19073,92.96
50236,19169,100
50237,19099,1.45
50237,19125,6.4
50237,19153,92.15
50238,19117,90.1
50238,19185,9.9
50239,19127,100
50240,19121,62.58
50240,19181,37.42
50242,19157,100
50243,19153,49.59
50243,19169,50.41
50244,19015,1.6
50244,19153,8.16
50244,19169,90.24
50246,19079,100
50247,19127,98.49
50247,19169,1.51
50248,19015,1.22
50248,19079,7.44
50248,19169,91.33
50249,19015,5.56
50249,19079,83.93
50249,19187,10.51
50250,19001,45.58
50250,19077,54.42
50251,19099,100
50252,19125,100
50254,19175,100
50255,19107,100
50256,19123,8.98
50256,19125,91.02
50257,19039,6.35
50257,19121,91.23
50257,19181,2.42
50258,19083,87.62
50258,19127,12.38
50261,19049,66.03
50261,19121,33.97
50262,19053,100
50263,19049,100
50264,19039,37.55
50264,19053,62.45
50265,19153,100
50266,19049,43.73
50266,19153,56.27
50268,19107,95.87
50268,19123,4.13
50271,19079,98.41
50271,19197,1.59
50272,19117,100
50273,19121,100
50274,19029,100
50275,19039,100
50276,19015,38.7
50276,19049,61.3
50277,19049,10.35
50277,19077,89.65
50278,19169,100
50309,19153,100
50310,19153,100
50311,19153,100
50312,19153,100
50313,19153,100
50314,19153,100
50315,19153,100
50316,19153,100
50317,19153,100
50319,19153,0
50320,19153,90.96
50320,19181,9.04
50321,19153,100
50322,19153,100
50323,19049,61.39
50323,19153,38.61
50324,19153,100
50325,19049,30.55
50325,19153,69.45
50327,19153,100
50401,19033,100
50420,19069,89.92
50420,19197,10.08
50421,19197,100
50423,19081,100
50424,19109,11.54
50424,19189,88.46
50426,19131,100
50428,19033,100
50430,19081,83.98
50430,19109,16.02
50431,19069,100
50432,19081,100
50433,19023,5.08
50433,19033,65.63
50433,19067,15.63
50433,19069,13.67
50434,19033,7.43
50434,19195,92.57
50435,19067,100
50436,19081,17.03
50436,19189,82.97
50438,19081,100
50439,19081,100
50440,19195,100
50441,19069,100
50444,19033,3.4
50444,19195,96.6
50446,19189,6.02
50446,19195,93.98
50447,19081,85.48
50447,19197,14.52
50448,19195,100
50449,19033,0.41
50449,19081,99.59
50450,19189,94.13
50450,19195,5.87
50451,19109,100
50452,19069,100
50453,19189,100
50454,19131,100
50455,19131,100
50456,19195,100
50457,19033,72.56
50457,19069,12.24
50457,19081,11.56
50457,19197,3.63
50458,19033,10.97
50458,19067,85.69
50458,19131,3.34
50459,19195,100
50460,19067,11.81
50460,19131,88.19
50461,19067,0.25
50461,19131,99.75
50464,19033,78.31
50464,19195,21.69
50465,19189,100
50466,19089,47.21
50466,19131,52.79
50467,19033,100
50468,19033,8.3
50468,19067,91.7
50469,19033,100
50470,19197,100
50471,19067,96.66
50471,19131,3.34
50472,19131,96.28
50472,19195,3.72
50473,19189,100
50475,19033,7.29
50475,19069,92.71
50476,19131,100
50477,19033,100
50478,19189,100
50479,19033,89.91
50479,19069,10.09
50480,19081,1.25
50480,19109,98.75
50482,19033,95.74
50482,19081,4.26
50483,19081,15.75
50483,19109,84.25
50484,19081,83.56
50484,19109,2.48
50484,19189,13.96
50501,19187,100
50510,19021,93.91
50510,19151,6.09
50511,19109,100
50514,19063,88.64
50514,19109,11.36
50515,19041,4.3
50515,19147,95.7
50516,19091,7.51
50516,19187,92.49
50517,19109,100
50518,19187,100
50519,19091,68.27
50519,19109,31.73
50520,19091,97.92
50520,19151,2.08
50521,19187,100
50522,19109,100
50523,19187,100
50524,19151,1.92
50524,19187,98.08
50525,19197,100
50527,19147,100
50528,19147,100
50529,19091,100
50530,19015,1.33
50530,19187,98.67
50531,19063,100
50532,19079,1.37
50532,19187,98.63
50533,19091,1.38
50533,19187,0.9
50533,19197,97.72
50535,19161,100
50536,19147,100
50538,19025,99.01
50538,19187,0.99
50539,19109,88.52
50539,19147,11.48
50540,19025,11.06
50540,19151,88.94
50541,19091,56.31
50541,19151,43.69
50542,19091,12.65
50542,19197,87.35
50543,19187,100
50544,19187,100
50545,19091,100
50546,19151,100
50548,19091,98.96
50548,19187,1.04
50551,19025,100
50554,19021,0.62
50554,19147,1.11
50554,19151,98.28
50556,19109,100
50557,19187,100
50558,19091,90.29
50558,19109,9.71
50559,19109,100
50560,19091,13.05
50560,19109,86.95
50561,19025,31.92
50561,19161,68.08
50562,19147,95.26
50562,19151,4.74
50563,19025,93.24
50563,19151,5.88
50563,19187,0.88
50565,19021,100
50566,19187,100
50567,19161,100
50568,19021,96.92
50568,19161,3.08
50569,19187,100
50570,19091,72.18
50570,19109,27.82
50571,19151,100
50573,19151,100
50574,19151,100
50575,19025,84.73
50575,19151,15.27
50576,19021,100
50577,19091,80
50577,19197,20
50578,19063,97.83
50578,19147,2.17
50579,19025,100
50581,19147,2.71
50581,19151,97.29
50582,19091,100
50583,19161,100
50585,19021,85.8
50585,19041,14.2
50586,19025,95.77
50586,19187,4.23
50588,19021,100
50590,19109,100
50591,19091,94.38
50591,19187,5.63
50593,19151,100
50594,19187,100
50595,19079,100
50597,19109,18.41
50597,19147,81.59
50598,19109,92
50598,19147,8
50599,19079,7.89
50599,19197,92.11
50601,19023,5.36
50601,19069,13.56
50601,19075,7.26
50601,19083,73.82
50602,19023,100
50603,19037,87.36
50603,19089,12.64
50604,19023,93.35
50604,19075,6.65
50605,19023,66.67
50605,19069,33.33
50606,19043,1.92
50606,19065,98.08
50607,19019,74.64
50607,19065,25.36
50609,19075,75.34
50609,19127,23.09
50609,19171,1.57
50611,19023,100
50612,19013,4.78
50612,19171,95.22
50613,19013,98.63
50613,19023,0.1
50613,19075,1.27
50616,19037,0.84
50616,19067,99.16
50619,19023,100
50620,19067,100
50621,19075,95.56
50621,19127,4.44
50622,19017,100
50624,19075,100
50625,19023,93.73
50625,19069,6.27
50626,19013,100
50627,19075,2.95
50627,19083,97.05
50628,19089,95.92
50628,19131,4.08
50629,19013,6.7
50629,19017,11.25
50629,19019,60.63
50629,19065,21.42
50630,19017,3.53
50630,19037,96.47
50632,19127,11.11
50632,19171,88.89
50633,19069,100
50634,19013,100
50635,19127,1.06
50635,19171,98.94
50636,19023,85.12
50636,19067,14.88
50638,19075,100
50641,19019,100
50642,19075,100
50643,19013,98.98
50643,19075,1.02
50644,19019,100
50645,19017,4.32
50645,19037,93.36
50645,19067,2.33
50647,19013,34.69
50647,19017,65.31
50648,19013,20.1
50648,19019,79.9
50650,19019,84.12
50650,19065,15.88
50651,19011,8.83
50651,19013,91.17
50652,19171,100
50653,19067,100
50654,19019,39.28
50654,19055,60.72
50655,19065,100
50658,19037,89.36
50658,19067,10.64
50659,19037,100
50660,19023,90.1
50660,19075,9.9
50662,19019,0.72
50662,19065,99.28
50664,19065,100
50665,19023,87.82
50665,19075,12.18
50666,19017,89.19
50666,19023,10.81
50667,19013,100
50668,19017,100
50669,19013,0.16
50669,19075,91.54
50669,19171,8.29
50670,19017,1.24
50670,19023,98.76
50671,19019,63.94
50671,19065,36.06
50672,19075,5.22
50672,19083,94.78
50673,19075,100
50674,19017,85.01
50674,19037,2.33
50674,19065,12.66
50675,19013,0.94
50675,19171,99.06
50676,19017,100
50677,19017,100
50680,19075,100
50681,19065,100
50682,19019,100
50701,19013,100
50702,19013,100
50703,19013,100
50707,19013,100
50801,19001,1.21
50801,19003,2.03
50801,19175,96.76
50830,19175,100
50833,19173,100
50835,19159,100
50836,19159,24.07
50836,19173,75.93
50837,19001,88.83
50837,19003,5.85
50837,19029,5.32
50839,19003,100
50840,19159,15.18
50840,19173,84.82
50841,19003,95.47
50841,19173,4.53
50842,19175,100
50843,19003,1.51
50843,19029,98.49
50845,19159,94.08
50845,19175,5.92
50846,19001,100
50847,19137,100
50848,19173,100
50849,19001,100
50851,19003,11.69
50851,19159,1.15
50851,19173,79.83
50851,19175,7.33
50853,19003,1.57
50853,19029,98.43
50854,19159,100
50857,19003,88.6
50857,19173,11.4
50858,19001,100
50859,19001,2.23
50859,19003,97.77
50860,19159,100
50861,19159,18.98
50861,19175,81.02
50862,19173,100
50863,19159,100
50864,19003,0.29
50864,19029,0.63
50864,19137,86.19
50864,19145,9.58
50864,19173,3.31
51001,19149,90.05
51001,46127,9.95
51002,19021,99.85
51002,19035,0.15
51003,19167,100
51004,19193,100
51005,19021,3.96
51005,19035,96.04
51006,19093,95.53
51006,19193,4.47
51007,19193,100
51008,19149,100
51009,19141,100
51010,19133,100
51011,19167,100
51012,19035,100
51014,19035,100
51016,19093,2.9
51016,19193,97.1
51018,19093,22.52
51018,19193,77.48
51019,19047,4.53
51019,19093,7.12
51019,19193,88.36
51020,19035,4.86
51020,19093,87.84
51020,19161,7.29
51022,19141,32.95
51022,19149,0.76
51022,19167,66.29
51023,19167,96.74
51023,46127,3.26
51024,19149,100
51025,19035,3.82
51025,19093,96.18
51026,19133,11.72
51026,19193,88.28
51027,19149,8.33
51027,19167,91.67
51028,19149,91.48
51028,19193,8.52
51029,19035,100
51030,19193,100
51031,19149,100
51033,19021,69.16
51033,19041,30.84
51034,19047,0.99
51034,19133,94.84
51034,19193,4.18
51035,19035,100
51036,19167,100
51037,19035,100
51038,19149,100
51039,19193,100
51040,19133,100
51041,19167,100
51044,19193,100
51046,19035,1.27
51046,19141,98.73
51047,19021,13.78
51047,19035,5.73
51047,19041,77.71
51047,19141,2.79
51048,19035,14.26
51048,19193,85.74
51049,19035,100
51050,19149,100
51051,19133,100
51052,19193,100
51053,19093,2.67
51053,19161,97.33
51054,19193,100
51055,19133,13.8
51055,19193,86.2
51056,19133,3.14
51056,19193,96.86
51058,19035,1.89
51058,19041,0.4
51058,19141,97.72
51060,19047,11.87
51060,19133,88.13
51061,19035,85.88
51061,19093,14.12
51062,19149,100
51063,19133,100
51101,19193,100
51103,19193,100
51104,19193,100
51105,19193,100
51106,19193,100
51108,19149,22.19
51108,19193,77.81
51109,19149,10.07
51109,19193,89.93
51111,19193,100
51201,19119,0.16
51201,19141,88.81
51201,19167,11.03
51230,19119,100
51231,19141,100
51232,19119,12.46
51232,19143,87.54
51234,19167,100
51235,19119,97.59
51235,19167,2.41
51237,19119,100
51238,19141,9.8
51238,19167,90.2
51239,19119,1.18
51239,19167,98.82
51240,19119,91.98
51240,19167,8.02
51241,19119,100
51242,19119,100
51243,19119,95.79
51243,19143,4.21
51244,19167,100
51245,19141,100
51246,19119,100
51247,19119,0.72
51247,19167,99.28
51248,19141,97.63
51248,19143,2.37
51249,19143,100
51250,19167,100
51301,19041,100
51331,19059,100
51333,19041,100
51334,19059,1.33
51334,19063,98.67
51338,19041,95.8
51338,19059,4.2
51341,19041,100
51342,19063,8.25
51342,19147,91.75
51343,19041,100
51345,19059,1.74
51345,19143,98.26
51346,19041,2.69
51346,19141,92.33
51346,19143,4.98
51347,19059,100
51350,19143,100
51351,19059,100
51354,19143,100
51355,19059,100
51357,19041,100
51358,19041,15.5
51358,19147,84.5
51360,19059,98.84
51360,27063,1.16
51363,19059,100
51364,19041,3.77
51364,19059,92.46
51364,19063,3.77
51365,19063,100
51366,19021,2.64
51366,19041,97.36
51401,19027,100
51430,19027,100
51431,19093,94.42
51431,19161,5.58
51433,19025,24.85
51433,19161,75.15
51436,19027,84.73
51436,19047,7.19
51436,19161,8.08
51439,19047,100
51440,19027,100
51441,19047,100
51442,19047,100
51443,19027,100
51444,19027,100
51445,19093,100
51446,19165,100
51447,19165,100
51448,19047,82.49
51448,19093,7.04
51448,19161,10.47
51449,19025,97.23
51449,19027,2.77
51450,19161,100
51451,19027,100
51453,19025,93.09
51453,19027,6.91
51454,19047,81.87
51454,19165,18.13
51455,19009,5.38
51455,19027,83.82
51455,19047,10.32
51455,19165,0.48
51458,19161,100
51459,19027,100
51461,19047,100
51462,19073,100
51463,19027,100
51465,19047,100
51466,19161,100
51467,19027,15.61
51467,19047,84.39
51501,19155,100
51503,19129,0.53
51503,19155,99.47
51510,19155,100
51520,19047,100
51521,19155,92.58
51521,19165,7.42
51523,19085,4.2
51523,19133,95.8
51525,19155,100
51526,19155,100
51527,19047,8.49
51527,19165,91.51
51528,19047,100
51529,19047,11.79
51529,19085,79.83
51529,19133,3.47
51529,19165,4.91
51530,19165,100
51531,19009,8.97
51531,19165,91.03
51532,19029,1.13
51532,19137,91.8
51532,19155,7.07
51533,19129,73.52
51533,19137,26.48
51534,19129,100
51535,19029,84.14
51535,19155,15.86
51536,19155,100
51537,19165,100
51540,19129,100
51541,19129,87.33
51541,19137,4.68
51541,19155,7.99
51542,19155,100
51543,19009,90.11
51543,19165,9.89
51544,19029,93.76
51544,19155,6.24
51545,19085,93.65
51545,19133,6.35
51546,19085,100
51548,19155,100
51549,19155,100
51550,19085,100
51551,19129,100
51552,19029,78.41
51552,19165,21.59
51553,19155,100
51554,19129,100
51555,19085,94.09
51555,19155,5.91
51556,19085,100
51557,19085,95.42
51557,31021,4.58
51558,19085,11.25
51558,19133,88.75
51559,19085,4.98
51559,19155,95.02
51560,19155,100
51561,19129,100
51562,19165,100
51563,19085,100
51564,19085,100
51565,19085,12.77
51565,19165,87.23
51566,19137,98.86
51566,19145,0.95
51566,19155,0.18
51570,19085,8.47
51570,19155,13.09
51570,19165,78.44
51571,19129,75.96
51571,19155,24.04
51572,19133,100
51573,19137,100
51575,19155,100
51576,19155,100
51577,19155,87.08
51577,19165,12.92
51578,19165,100
51579,19085,100
51601,19071,4.12
51601,19145,95.88
51630,19145,100
51631,19145,100
51632,19145,99.89
51632,19173,0.11
51636,19145,100
51637,19145,100
51638,19137,0.54
51638,19145,99.46
51639,19071,100
51640,19071,99.37
51640,29005,0.63
51645,19071,71.37
51645,19129,28.63
51646,19173,100
51647,19145,100
51648,19071,100
51649,19071,100
51650,19071,100
51652,19071,100
51653,19071,87.89
51653,19129,12.11
51654,19071,100
51656,19145,100
52001,19061,100
52002,19061,100
52003,19061,100
52030,19097,100
52031,19061,9.1
52031,19097,90.9
52032,19061,50.14
52032,19097,45.74
52032,19105,4.12
52033,19061,70.21
52033,19105,29.79
52035,19043,41.09
52035,19055,58.91
52037,19045,98.45
52037,19097,1.55
52038,19055,100
52039,19061,100
52040,19055,15.94
52040,19061,84.06
52041,19055,100
52042,19043,61.78
52042,19055,38.22
52043,19043,100
52044,19043,100
52045,19061,100
52046,19061,100
52047,19043,100
52048,19043,100
52049,19043,100
52050,19043,5.44
52050,19055,94.56
52052,19043,95.15
52052,19061,4.85
52053,19043,18.06
52053,19061,81.94
52054,19061,10.43
52054,19097,89.57
52057,19055,100
52060,19045,1.8
52060,19097,98.2
52064,19045,7.91
52064,19097,92.09
52065,19055,12.48
52065,19061,87.52
52066,19043,100
52068,19061,100
52069,19045,6.84
52069,19097,93.16
52070,19045,10.9
52070,19097,89.1
52072,19043,100
52073,19043,2.12
52073,19061,97.88
52074,19097,100
52076,19043,94.12
52076,19055,5.62
52076,19065,0.26
52077,19043,100
52078,19055,25.49
52078,19061,74.51
52079,19061,41.69
52079,19097,58.31
52101,19005,0.28
52101,19191,99.72
52132,19089,1.29
52132,19191,98.71
52133,19065,14.16
52133,19191,85.84
52134,19089,100
52135,19065,100
52136,19089,90.13
52136,19191,9.87
52140,19005,86.28
52140,19191,13.72
52141,19043,20.14
52141,19065,79.86
52142,19065,100
52144,19065,3.73
52144,19191,96.27
52146,19005,100
52147,19065,100
52151,19005,100
52154,19037,98.09
52154,19089,1.91
52155,19089,100
52156,19005,15.33
52156,19043,84.67
52157,19043,100
52158,19043,100
52159,19005,16.14
52159,19043,83.86
52160,19005,100
52161,19065,5.32
52161,19191,94.68
52162,19005,75.59
52162,19043,18.39
52162,19065,0.79
52162,19191,5.24
52163,19089,100
52164,19065,100
52165,19191,100
52166,19065,100
52168,19191,100
52169,19065,100
52170,19005,100
52171,19037,20.8
52171,19065,69.66
52171,19191,9.54
52172,19005,98.83
52172,19191,1.17
52175,19065,100
52201,19183,100
52202,19113,100
52203,19095,92.34
52203,19103,7.66
52205,19105,98.24
52205,19113,1.76
52206,19011,100
52207,19045,9.14
52207,19097,90.86
52208,19011,92.58
52208,19095,5.33
52208,19157,0.57
52208,19171,1.52
52209,19011,100
52210,19019,100
52211,19157,100
52212,19105,100
52213,19011,11.59
52213,19113,88.41
52214,19113,100
52215,19157,11.51
52215,19171,88.49
52216,19031,98.04
52216,19105,1.96
52217,19171,100
52218,19019,8.45
52218,19055,8.22
52218,19113,83.33
52219,19113,100
52220,19095,100
52221,19095,10.86
52221,19157,89.14
52222,19095,17.07
52222,19157,82.93
52223,19055,100
52224,19011,14.14
52224,19171,85.86
52225,19011,16.11
52225,19171,83.89
52227,19113,100
52228,19011,2.99
52228,19103,2.27
52228,19113,94.73
52229,19011,100
52231,19107,100
52232,19157,100
52233,19113,100
52235,19103,100
52236,19095,100
52237,19055,99.01
52237,19061,0.99
52240,19103,100
52241,19103,100
52242,19103,100
52245,19103,100
52246,19103,100
52247,19103,32.17
52247,19183,67.83
52248,19107,74.55
52248,19183,25.45
52249,19011,100
52251,19095,100
52253,19031,18.26
52253,19103,3.51
52253,19105,4.07
52253,19113,74.15
52254,19045,100
52255,19031,100
52257,19011,100
52301,19011,1.11
52301,19095,98.89
52302,19113,100
52305,19105,88.24
52305,19113,11.76
52306,19031,91.33
52306,19105,8.67
52307,19095,100
52308,19095,100
52309,19097,80.86
52309,19105,19.14
52310,19055,0.08
52310,19105,99.22
52310,19113,0.7
52312,19105,100
52313,19011,100
52314,19113,100
52315,19011,100
52316,19095,99.4
52316,19107,0.6
52317,19103,100
52318,19011,90.03
52318,19095,9.97
52320,19031,5.74
52320,19105,94.26
52321,19105,100
52322,19103,100
52323,19031,2.54
52323,19045,5.88
52323,19105,91.58
52324,19011,10.79
52324,19113,89.21
52325,19095,94.96
52325,19103,5.04
52326,19019,100
52327,19103,15.47
52327,19183,84.53
52328,19113,100
52329,19019,100
52330,19055,100
52332,19011,99.55
52332,19113,0.45
52333,19031,0.62
52333,19103,99.38
52334,19095,100
52335,19107,100
52336,19113,100
52337,19031,100
52338,19103,98.63
52338,19113,1.37
52339,19157,0.36
52339,19171,99.64
52340,19103,100
52341,19113,100
52342,19171,100
52345,19011,100
52346,19011,100
52347,19095,79.43
52347,19157,20.57
52348,19171,100
52349,19011,100
52351,19011,74.02
52351,19113,25.98
52352,19011,8.89
52352,19019,20.69
52352,19113,70.42
52353,19183,100
52354,19011,100
52355,19095,6.5
52355,19107,93.5
52356,19095,8.28
52356,19103,6.17
52356,19183,85.54
52358,19031,92.39
52358,19103,7.61
52359,19183,100
52361,19095,100
52362,19105,100
52401,19113,100
52402,19113,100
52403,19113,100
52404,19103,0.13
52404,19113,99.87
52405,19113,100
52411,19113,100
52501,19179,100
52530,19179,100
52531,19135,100
52533,19101,84.2
52533,19179,15.8
52534,19123,100
52535,19101,5.97
52535,19177,94.03
52536,19135,12
52536,19179,88
52537,19051,95.01
52537,19179,4.99
52540,19101,35.28
52540,19183,64.72
52542,19177,90.8
52542,29199,9.2
52543,19123,100
52544,19007,100
52548,19179,100
52549,19007,100
52550,19107,100
52551,19177,100
52552,19051,96.51
52552,19179,3.49
52553,19123,26.42
52553,19135,10.43
52553,19179,63.15
52554,19051,0.66
52554,19101,1.97
52554,19177,1.17
52554,19179,96.21
52555,19007,100
52556,19101,100
52557,19101,100
52560,19051,100
52561,19107,0.94
52561,19123,99.06
52563,19101,1.39
52563,19107,80.54
52563,19179,18.07
52565,19177,100
52566,19179,100
52567,19101,96.1
52567,19177,3.9
52569,19007,11.15
52569,19135,80.82
52569,19185,8.03
52570,19051,11.11
52570,19177,88.89
52571,19007,85.43
52571,19135,14.57
52572,19007,91.96
52572,19051,8.04
52573,19177,84.57
52573,29199,15.43
52574,19007,100
52576,19107,100
52577,19123,100
52580,19101,100
52581,19007,93.77
52581,19185,6.23
52583,19185,100
52584,19051,100
52585,19101,8.81
52585,19107,81.98
52585,19183,9.21
52586,19123,100
52588,19051,29.85
52588,19177,70.15
52590,19007,5.14
52590,19185,94.86
52591,19107,100
52593,19007,100
52594,19007,76.44
52594,19051,23.56
52595,19123,100
52601,19057,100
52619,19111,100
52620,19177,100
52621,19115,10.78
52621,19183,89.22
52623,19057,84.5
52623,19087,15.5
52624,19111,100
52625,19111,100
52626,19111,28.9
52626,19177,63.6
52626,29045,7.5
52627,19111,100
52630,19087,55.73
52630,19111,20.9
52630,19177,23.37
52632,19111,100
52635,19087,1.48
52635,19101,98.52
52637,19057,100
52638,19057,100
52639,19111,100
52640,19057,12.65
52640,19115,87.35
52641,19087,99.17
52641,19101,0.36
52641,19183,0.47
52644,19057,11.65
52644,19087,88.35
52645,19057,8
52645,19087,92
52646,19057,31.91
52646,19115,68.09
52647,19087,100
52649,19087,90.76
52649,19111,9.24
52650,19057,100
52651,19101,5.88
52651,19177,94.12
52653,19115,100
52654,19087,87.73
52654,19183,12.27
52655,19057,100
52656,19087,1.14
52656,19111,98.86
52657,19111,100
52658,19057,7.38
52658,19111,92.62
52659,19087,94.01
52659,19115,5.99
52660,19057,100
52701,19045,100
52720,19031,26.25
52720,19139,73.75
52721,19031,100
52722,19163,100
52726,19139,10.92
52726,19163,89.08
52727,19045,100
52728,19163,100
52729,19045,100
52730,19045,100
52731,19045,98.66
52731,19097,1.34
52732,19045,100
52737,19115,100
52738,19115,100
52739,19115,28.05
52739,19139,71.95
52742,19045,100
52745,19163,100
52746,19163,100
52747,19031,90.17
52747,19139,2.99
52747,19163,6.84
52748,19163,100
52749,19139,100
52750,19045,100
52751,19045,100
52752,19115,100
52753,19163,100
52754,19115,63.74
52754,19139,36.26
52755,19103,96.32
52755,19115,3.68
52756,19163,100
52757,19045,100
52758,19163,100
52760,19031,24.77
52760,19139,75.23
52761,19115,1.87
52761,19139,98.13
52765,19031,14.35
52765,19163,85.65
52766,19139,100
52767,19163,100
52768,19163,100
52769,19139,61.55
52769,19163,38.45
52772,19031,100
52773,19139,0.67
52773,19163,99.33
52774,19045,100
52776,19031,6.33
52776,19139,93.67
52777,19031,1.92
52777,19045,98.08
52778,19031,19.66
52778,19139,80.34
52801,19163,100
52802,19163,100
52803,19163,100
52804,19163,100
52806,19163,100
52807,19163,100
53001,55117,100
53002,55131,100
53003,55027,100
53004,55089,100
53005,55133,100
53006,55027,77.46
53006,55039,22.54
53007,55133,100
53010,55039,96.02
53010,55131,3.98
53011,55039,2.96
53011,55117,97.04
53012,55089,91.41
53012,55131,8.59
53013,55089,9.4
53013,55117,90.6
53014,55015,96.83
53014,55039,0.16
53014,55071,3
53015,55071,84.06
53015,55117,15.94
53016,55027,100
53017,55131,82.34
53017,55133,17.66
53018,55133,100
53019,55039,100
53020,55015,1.86
53020,55071,1.89
53020,55117,96.26
53021,55089,85.45
53021,55131,14.55
53022,55131,100
53023,55117,100
53024,55089,100
53027,55027,2.55
53027,55131,97.45
53029,55131,0.45
53029,55133,99.55
53031,55117,100
53032,55027,100
53033,55131,100
53034,55027,100
53035,55027,100
53036,55027,11.65
53036,55055,86.76
53036,55133,1.58
53037,55131,100
53038,55055,100
53039,55027,100
53040,55039,4.81
53040,55117,4.59
53040,55131,90.6
53042,55015,7.61
53042,55071,92.39
53044,55117,100
53045,55133,100
53046,55133,100
53047,55027,100
53048,55027,99.38
53048,55039,0.62
53049,55015,3.26
53049,55039,96.74
53050,55027,100
53051,55133,100
53057,55039,100
53058,55133,100
53059,55027,100
53061,55015,91.11
53061,55039,7.91
53061,55071,0.98
53063,55071,100
53065,55027,0.76
53065,55039,99.24
53066,55027,4.41
53066,55055,6.27
53066,55133,89.32
53069,55133,100
53070,55117,100
53072,55133,100
53073,55117,100
53074,55089,100
53075,55089,4.6
53075,55117,95.4
53076,55131,100
53078,55027,100
53079,55039,98.23
53079,55117,1.77
53080,55089,100
53081,55117,100
53083,55117,100
53085,55117,100
53086,55131,100
53088,55015,100
53089,55133,100
53090,55089,0.93
53090,55131,99.07
53091,55027,97.42
53091,55131,2.58
53092,55089,100
53093,55117,100
53094,55055,100
53095,55089,0.83
53095,55131,99.17
53097,55089,100
53098,55027,100
53103,55133,100
53104,55059,100
53105,55059,14.13
53105,55101,68.04
53105,55127,17.83
53108,55101,100
53110,55079,100
53114,55105,7.28
53114,55127,92.72
53115,55127,100
53118,55055,6.79
53118,55133,93.21
53119,55127,6.44
53119,55133,93.56
53120,55101,3.55
53120,55127,96.45
53121,55127,100
53122,55133,100
53125,55127,100
53126,55101,100
53128,55059,12.65
53128,55127,87.35
53129,55079,100
53130,55079,100
53132,55079,100
53137,55055,100
53139,55059,16.31
53139,55101,83.69
53140,55059,100
53142,55059,100
53143,55059,100
53144,55059,100
53146,55133,100
53147,55127,100
53149,55101,1.33
53149,55127,3.59
53149,55133,95.08
53150,55101,1.5
53150,55133,98.5
53151,55133,100
53153,55133,100
53154,55079,100
53156,55055,100
53158,55059,100
53167,55101,100
53168,55059,100
53170,55059,100
53172,55079,100
53177,55059,4.02
53177,55101,95.98
53178,55055,100
53179,55059,100
53181,55059,100
53182,55059,7.89
53182,55101,92.11
53183,55133,100
53184,55127,100
53185,55101,100
53186,55133,100
53188,55133,100
53189,55133,100
53190,55055,21.63
53190,55105,6.83
53190,55127,71.54
53191,55127,100
53192,55059,100
53195,55127,100
53202,55079,100
53203,55079,100
53204,55079,100
53205,55079,100
53206,55079,100
53207,55079,100
53208,55079,100
53209,55079,100
53210,55079,100
53211,55079,100
53212,55079,100
53213,55079,100
53214,55079,100
53215,55079,100
53216,55079,100
53217,55079,99.7
53217,55089,0.3
53218,55079,100
53219,55079,100
53220,55079,100
53221,55079,100
53222,55079,100
53223,55079,100
53224,55079,100
53225,55079,99.98
53225,55133,0.02
53226,55079,100
53227,55079,100
53228,55079,100
53233,55079,100
53235,55079,100
53295,55079,100
53402,55101,100
53403,55059,1.71
53403,55101,98.29
53404,55101,100
53405,55101,100
53406,55101,100
53501,55105,100
53502,55045,100
53503,55049,100
53504,55045,27.16
53504,55065,72.84
53505,55105,100
53506,55049,100
53507,55049,100
53508,55025,57.49
53508,55045,42.51
53510,55065,100
53511,55105,100
53515,55025,100
53516,55025,1.63
53516,55045,32.34
53516,55049,14.5
53516,55065,51.53
53517,55025,81.96
53517,55049,18.04
53518,55023,1.5
53518,55043,39.02
53518,55103,59.47
53520,55045,81.45
53520,55105,18.55
53521,55025,52.68
53521,55045,39.2
53521,55105,8.12
53522,55045,93.27
53522,55065,6.73
53523,55025,51.22
53523,55055,48.78
53525,55105,100
53526,55049,100
53527,55025,100
53528,55025,100
53529,55025,100
53530,55065,100
53531,55025,100
53532,55021,1.69
53532,55025,98.31
53533,55049,100
53534,55025,18.15
53534,55055,2.03
53534,55105,79.81
53536,55105,100
53537,55105,100
53538,55055,99.33
53538,55105,0.67
53540,55103,100
53541,55065,100
53543,55043,4.81
53543,55049,95.19
53544,55025,1.25
53544,55049,98.75
53545,55105,100
53546,55105,100
53548,55105,100
53549,55055,100
53550,55045,100
53551,55055,100
53553,55049,100
53554,55043,88.1
53554,55049,11.9
53555,55021,92.78
53555,55025,7.22
53556,55103,87.97
53556,55111,12.03
53557,55027,100
53558,55025,100
53559,55025,99.8
53559,55055,0.2
53560,55025,97.43
53560,55049,2.57
53561,55021,15.7
53561,55111,84.3
53562,55025,100
53563,55055,0.93
53563,55105,99.07
53565,55049,87.68
53565,55065,12.32
53566,55045,100
53569,55043,75.5
53569,55049,24.5
53570,55045,100
53571,55025,100
53572,55025,99.84
53572,55045,0.16
53573,55043,68.32
53573,55049,7.74
53573,55103,23.94
53574,55025,1.19
53574,55045,98.81
53575,55025,100
53576,55105,100
53577,55111,100
53578,55021,11.72
53578,55111,88.28
53579,55027,100
53580,55049,100
53581,55103,100
53582,55049,100
53583,55021,0.92
53583,55025,25.33
53583,55111,73.74
53585,55105,0.99
53585,55127,99.01
53586,55065,100
53587,55065,100
53588,55049,9.39
53588,55111,90.61
53589,55025,99.9
53589,55105,0.1
53590,55025,100
53593,55025,100
53594,55025,3.67
53594,55027,13.36
53594,55055,82.97
53597,55025,100
53598,55025,100
53599,55065,100
53702,55133,100
53703,55025,100
53704,55025,100
53705,55025,100
53706,55025,100
53711,55025,100
53713,55025,100
53714,55025,100
53715,55025,100
53716,55025,100
53717,55025,100
53718,55025,100
53719,55025,100
53726,55025,100
53792,55025,0
53801,55043,100
53802,55043,100
53803,55065,100
53804,55043,100
53805,55023,11.22
53805,55043,88.78
53806,55043,100
53807,55043,81.29
53807,55065,18.71
53808,55043,100
53809,55043,100
53810,55043,100
53811,55043,96.71
53811,55065,3.29
53813,55043,100
53816,55043,100
53817,55043,100
53818,55043,95.36
53818,55049,0.17
53818,55065,4.47
53820,55043,100
53821,55023,97.13
53821,55043,2.87
53825,55043,100
53826,55023,100
53827,55043,100
53901,55021,99.63
53901,55077,0.37
53910,55001,100
53911,55021,98.08
53911,55025,1.92
53913,55021,0.04
53913,55111,99.96
53916,55027,100
53919,55039,100
53920,55001,25.85
53920,55077,74.15
53922,55027,100
53923,55021,88.85
53923,55047,11.15
53924,55103,97.06
53924,55111,2.94
53925,55021,80.66
53925,55025,3.71
53925,55027,15.63
53926,55021,18.24
53926,55047,68
53926,55077,13.76
53928,55021,100
53929,55057,84.58
53929,55081,8.16
53929,55123,7.26
53930,55077,100
53931,55039,100
53932,55021,97.82
53932,55027,2.18
53933,55027,100
53934,55001,100
53935,55021,100
53936,55001,100
53937,55103,14.72
53937,55111,85.28
53939,55047,100
53941,55057,1.64
53941,55111,98.36
53943,55111,100
53944,55057,92.09
53944,55111,7.91
53946,55027,0.05
53946,55039,1.8
53946,55047,98.04
53946,55077,0.11
53947,55047,100
53948,55057,100
53949,55047,0.55
53949,55077,99.45
53950,55057,100
53951,55111,100
53952,55001,57.44
53952,55077,42.56
53953,55077,100
53954,55021,98.12
53954,55077,1.88
53955,55021,100
53956,55021,38.15
53956,55027,60.14
53956,55047,1.71
53959,55111,100
53960,55021,100
53961,55111,100
53963,55027,62.6
53963,55039,37.4
53964,55001,1.94
53964,55077,97.53
53964,55137,0.53
53965,55001,30.47
53965,55021,30.43
53965,55057,5.4
53965,55111,33.71
53968,55057,76.6
53968,55111,21.6
53968,55123,1.8
53969,55021,100
54001,55095,100
54002,55109,100
54003,55093,100
54004,55005,41.78
54004,55095,58.22
54005,55005,5.27
54005,55033,3.44
54005,55095,84.2
54005,55109,7.1
54006,55095,100
54007,55095,26.01
54007,55109,73.99
54009,55095,100
54010,55093,100
54011,55093,100
54013,55033,0.92
54013,55109,99.08
54014,55093,100
54015,55109,100
54016,55109,100
54017,55095,0.86
54017,55109,99.14
54020,55095,98.69
54020,55109,1.31
54021,55093,100
54022,55093,72.17
54022,55109,27.83
54023,55109,100
54024,55095,100
54025,55109,100
54026,55095,62.96
54026,55109,37.04
54027,55109,100
54028,55109,100
54082,55109,100
54101,55083,100
54102,55075,100
54103,55041,98.09
54103,55075,1.91
54104,55041,0.57
54104,55075,99.43
54106,55087,100
54107,55087,0.16
54107,55115,99.84
54110,55009,2.3
54110,55015,86.76
54110,55071,10.94
54111,55083,3.47
54111,55115,96.53
54112,55075,81.65
54112,55083,18.35
54113,55087,100
54114,55075,94.73
54114,55083,5.27
54115,55009,95.03
54115,55087,4.97
54119,55075,100
54120,55037,63.67
54120,55075,36.33
54121,55037,100
54123,55015,100
54124,55078,4.38
54124,55083,92.79
54124,55115,2.83
54125,55041,0.39
54125,55075,99.61
54126,55009,99.59
54126,55071,0.41
54127,55115,100
54128,55115,100
54129,55015,100
54130,55009,3.58
54130,55015,1.79
54130,55087,94.64
54135,55078,100
54136,55087,100
54137,55083,31.93
54137,55115,68.07
54138,55083,100
54139,55075,1.2
54139,55083,98.8
54140,55087,100
54141,55083,100
54143,55075,100
54149,55083,100
54150,55078,76.08
54150,55115,23.92
54151,55037,27.67
54151,55075,72.33
54153,55083,100
54154,55083,95.8
54154,55115,4.2
54155,55009,67.99
54155,55087,32.01
54156,55075,100
54157,55075,99.87
54157,55083,0.13
54159,55075,100
54160,55015,100
54161,55075,62.43
54161,55083,37.57
54162,55009,51.67
54162,55083,18.72
54162,55115,29.61
54165,55009,0.8
54165,55087,95.72
54165,55115,3.49
54166,55115,100
54169,55015,100
54170,55087,93.59
54170,55115,6.19
54170,55135,0.21
54171,55083,100
54173,55009,100
54174,55078,5.87
54174,55083,94.13
54175,55067,0
54175,55083,100
54177,55075,100
54180,55009,94.72
54180,55087,5.28
54201,55029,2.9
54201,55061,97.1
54202,55029,100
54204,55029,100
54205,55029,2.99
54205,55061,97.01
54207,55071,100
54208,55009,79.31
54208,55061,11.81
54208,55071,8.88
54209,55029,100
54210,55029,100
54211,55029,100
54212,55029,100
54213,55029,94.91
54213,55061,5.09
54214,55071,100
54216,55061,100
54217,55009,10.61
54217,55029,5.46
54217,55061,83.93
54220,55071,100
54227,55071,100
54228,55071,100
54229,55009,100
54230,55071,100
54232,55071,100
54234,55029,100
54235,55029,100
54241,55071,100
54245,55071,100
54246,55029,100
54247,55071,100
54301,55009,100
54302,55009,100
54303,55009,100
54304,55009,100
54307,55009,100
54311,55009,100
54313,55009,99.93
54313,55087,0.07
54401,55073,100
54403,55073,100
54405,55019,62.66
54405,55073,37.34
54406,55097,100
54407,55097,100
54408,55067,4.21
54408,55073,67.7
54408,55115,28.09
54409,55067,98.19
54409,55073,1.03
54409,55115,0.78
54410,55141,100
54411,55073,97.48
54411,55119,2.52
54412,55073,20.36
54412,55141,79.64
54413,55141,100
54414,55073,32.26
54414,55115,67.74
54416,55115,100
54417,55073,100
54418,55067,100
54420,55019,96.4
54420,55141,3.6
54421,55019,62.29
54421,55073,37.71
54422,55019,74.36
54422,55119,25.64
54423,55097,100
54424,55067,100
54425,55019,72.4
54425,55073,21.07
54425,55119,6.53
54426,55073,100
54427,55073,66.88
54427,55115,33.12
54428,55067,98.4
54428,55085,1.6
54430,55067,100
54433,55017,10.84
54433,55119,89.16
54435,55067,20.6
54435,55069,79.4
54436,55019,100
54437,55019,100
54440,55073,100
54441,55141,100
54442,55069,100
54443,55073,1.17
54443,55097,98.6
54443,55141,0.23
54446,55019,100
54447,55119,100
54448,55073,100
54449,55019,0.03
54449,55073,13.55
54449,55141,86.42
54450,55115,100
54451,55073,0.37
54451,55119,99.63
54452,55069,92.21
54452,55073,7.79
54454,55073,0
54454,55097,1.41
54454,55141,98.59
54455,55073,97.84
54455,55097,2.16
54456,55019,100
54457,55001,32.56
54457,55057,3.63
54457,55141,63.81
54458,55097,100
54459,55099,100
54460,55019,91.88
54460,55119,8.12
54462,55067,100
54463,55085,100
54465,55041,45.15
54465,55067,54.85
54466,55019,3.8
54466,55053,6.79
54466,55141,89.41
54467,55097,100
54469,55141,100
54470,55099,0.77
54470,55119,99.23
54471,55073,100
54473,55073,22.56
54473,55097,77.44
54474,55073,100
54475,55097,8.97
54475,55141,91.03
54476,55073,100
54479,55019,26.83
54479,55073,73.17
54480,55073,2.85
54480,55119,97.15
54481,55097,100
54482,55097,100
54484,55073,100
54485,55067,100
54486,55115,91.66
54486,55135,8.34
54487,55069,81.51
54487,55085,18.49
54488,55019,55.55
54488,55073,44.45
54489,55141,100
54490,55099,2.13
54490,55119,97.87
54491,55067,95.64
54491,55083,4.36
54493,55019,100
54494,55001,0.13
54494,55097,7.1
54494,55141,92.77
54495,55141,100
54498,55019,76.21
54498,55119,23.79
54499,55073,18.71
54499,55097,0.56
54499,55115,80.73
54501,55069,0.64
54501,55085,99.36
54511,55041,100
54512,55125,100
54513,55099,100
54514,55003,73.33
54514,55051,3.79
54514,55099,22.89
54515,55099,100
54517,55003,78.57
54517,55007,6.25
54517,55113,15.18
54519,55125,100
54520,55041,100
54521,55041,0.48
54521,55085,15.18
54521,55125,84.34
54524,55099,100
54525,55051,100
54526,55107,100
54527,55003,100
54529,55085,100
54530,55099,10.14
54530,55107,78.57
54530,55113,11.29
54531,55085,100
54534,55051,100
54536,55051,100
54537,55099,100
54538,55051,0.16
54538,55085,2.42
54538,55099,0.48
54538,55125,96.94
54539,55085,100
54540,26053,1.69
54540,55125,98.31
54541,55041,100
54542,55037,64.04
54542,55041,35.96
54545,55051,2.72
54545,55125,97.28
54546,55003,100
54547,55051,100
54548,55085,91.79
54548,55125,8.21
54550,55051,100
54552,55051,6.34
54552,55099,93.5
54552,55113,0.16
54554,26071,0.89
54554,55125,99.11
54555,55099,100
54556,55099,100
54557,55125,100
54558,55085,10.7
54558,55125,89.3
54559,55003,38.74
54559,55051,61.26
54560,55125,100
54561,55125,100
54562,55041,1.75
54562,55085,98.25
54563,55107,100
54564,55069,44.19
54564,55085,55.81
54565,55051,100
54566,55041,100
54568,55085,35.32
54568,55125,64.68
54601,55063,100
54603,55063,100
54610,55011,100
54611,55053,100
54612,55011,9.45
54612,55121,90.55
54613,55001,100
54614,55063,100
54615,55053,99.78
54615,55081,0.22
54616,55053,0.96
54616,55121,99.04
54618,55057,65.47
54618,55081,34.53
54619,55063,0.51
54619,55081,75.66
54619,55123,23.83
54621,55123,100
54622,55011,100
54623,55063,30.47
54623,55123,69.53
54624,55023,14.17
54624,55123,85.83
54625,55121,100
54626,55023,100
54627,55053,4.12
54627,55121,95.88
54628,55023,93.96
54628,55123,6.04
54629,55011,100
54630,55121,100
54631,55023,100
54632,55123,100
54634,55057,0.07
54634,55103,14.58
54634,55123,85.35
54635,55053,100
54636,55063,100
54637,55057,100
54638,55057,1.88
54638,55081,92.4
54638,55123,5.72
54639,55103,3.21
54639,55123,96.79
54641,55053,100
54642,55053,88.42
54642,55063,7.48
54642,55121,4.09
54643,55053,100
54644,55053,1.67
54644,55063,98.33
54645,55023,100
54646,55057,100
54648,55081,100
54650,55063,100
54651,55081,31.19
54651,55123,68.81
54652,55123,100
54653,55063,85.23
54653,55081,14.77
54654,55023,100
54655,55023,87.85
54655,55103,8.04
54655,55123,4.11
54656,55063,0.05
54656,55081,99.95
54657,55023,100
54658,55063,15.59
54658,55123,84.41
54659,55053,97.8
54659,55121,2.2
54660,55081,100
54661,55063,0.03
54661,55121,99.97
54664,55103,68.01
54664,55123,31.99
54665,55123,100
54666,55053,16.58
54666,55057,3.82
54666,55081,79.6
54667,55063,0.72
54667,55123,99.28
54669,55063,100
54670,55081,100
54701,55033,0.34
54701,55035,99.66
54703,55017,6.94
54703,55033,0.51
54703,55035,92.56
54720,55035,100
54721,55033,5.75
54721,55091,94.25
54722,55035,100
54723,55093,100
54724,55017,99.9
54724,55033,0.1
54725,55033,100
54726,55017,86.8
54726,55035,13.2
54727,55017,96.32
54727,55035,3.68
54728,55005,93.03
54728,55107,6.97
54729,55017,99.33
54729,55035,0.67
54730,55017,12.12
54730,55033,87.88
54731,55107,100
54732,55017,100
54733,55005,100
54734,55033,94.86
54734,55109,5.14
54736,55011,12.43
54736,55033,0.78
54736,55091,86.79
54737,55033,92.81
54737,55091,7.19
54738,55035,57.32
54738,55121,42.68
54739,55017,22.1
54739,55033,77.31
54739,55035,0.59
54740,55033,24.17
54740,55093,75.83
54741,55019,1.01
54741,55035,67.47
54741,55053,31.52
54742,55035,100
54745,55017,86.82
54745,55107,13.18
54746,55019,78.82
54746,55053,21.18
54747,55011,11.6
54747,55121,88.4
54748,55017,100
54749,55033,88.63
54749,55109,11.37
54750,55093,100
54751,55033,100
54754,55019,15.91
54754,55053,84.09
54755,55011,67.4
54755,55033,14.38
54755,55035,9.85
54755,55091,8.37
54756,55011,100
54757,55005,24.86
54757,55017,56.46
54757,55033,12.73
54757,55107,5.94
54758,55035,14.38
54758,55053,14.03
54758,55121,71.6
54759,55091,100
54760,55121,100
54761,55093,100
54762,55005,91.89
54762,55033,8.11
54763,55005,13.4
54763,55033,86.6
54765,55033,100
54766,55017,6.8
54766,55107,48.86
54766,55119,44.35
54767,55033,0.56
54767,55093,93.57
54767,55109,5.87
54768,55017,81.44
54768,55019,13.19
54768,55035,3.49
54768,55119,1.89
54769,55091,79.08
54769,55093,20.92
54770,55035,14.23
54770,55121,85.77
54771,55019,91.44
54771,55119,8.56
54772,55033,100
54773,55121,100
54801,55013,9.38
54801,55129,90.62
54805,55005,100
54806,55003,87.78
54806,55007,12.22
54810,55095,100
54812,55005,100
54813,55005,60.4
54813,55013,23.63
54813,55129,15.97
54814,55007,100
54817,55005,27.7
54817,55107,4.57
54817,55113,23.72
54817,55129,44.01
54819,55107,100
54820,55007,30.67
54820,55031,69.33
54821,55007,97.65
54821,55113,2.35
54822,55005,100
54824,55095,100
54826,55005,56.51
54826,55095,43.49
54827,55007,100
54828,55113,100
54829,55005,93.83
54829,55095,6.17
54830,55013,93.2
54830,55031,6.69
54830,55129,0.11
54832,55007,100
54835,55107,12.57
54835,55113,87.43
54836,55031,100
54837,55013,11.73
54837,55095,88.27
54838,55007,0
54838,55031,100
54839,55007,100
54840,55013,98.88
54840,55095,1.12
54841,55005,100
54842,55031,100
54843,55113,96.43
54843,55129,3.57
54844,55007,100
54845,55013,100
54846,55003,100
54847,55007,100
54848,55107,100
54849,55031,100
54850,55003,100
54853,55013,2.54
54853,55095,97.46
54854,55031,100
54855,55003,100
54856,55003,3.47
54856,55007,96.53
54857,55005,100
54858,55095,100
54859,55031,14.45
54859,55129,85.55
54861,55003,100
54862,55113,100
54864,55031,100
54865,55007,100
54867,55113,100
54868,55005,99.5
54868,55107,0.34
54868,55129,0.16
54870,55005,2.42
54870,55129,97.58
54871,55013,17.1
54871,55129,82.9
54872,55013,99.19
54872,55095,0.81
54873,55007,27.22
54873,55031,72.78
54874,55031,100
54875,55129,100
54876,55113,68.79
54876,55129,31.21
54880,55031,100
54888,55129,100
54889,55005,62.87
54889,55095,37.13
54891,55007,100
54893,55013,100
54895,55107,100
54896,55107,0
54896,55113,100
54901,55139,100
54902,55139,100
54904,55139,100
54909,55097,91.24
54909,55137,8.76
54911,55087,100
54913,55087,100
54914,55087,97.87
54914,55139,2.13
54915,55015,44.89
54915,55087,45.86
54915,55139,9.25
54921,55001,7.01
54921,55097,92.99
54922,55087,62.88
54922,55135,37.12
54923,55047,78.69
54923,55137,18.7
54923,55139,2.61
54927,55139,100
54928,55115,100
54929,55087,0.51
54929,55115,15.53
54929,55135,83.96
54930,55001,12.21
54930,55077,0.78
54930,55137,87.01
54931,55087,100
54932,55039,100
54933,55135,100
54934,55139,100
54935,55039,100
54937,55039,100
54940,55087,10.17
54940,55135,47.56
54940,55137,18.23
54940,55139,24.03
54941,55047,100
54942,55087,100
54943,55001,27.15
54943,55137,72.85
54944,55087,100
54945,55097,0.37
54945,55135,99.63
54946,55135,100
54947,55139,100
54948,55115,100
54949,55135,100
54950,55115,24.78
54950,55135,75.22
54952,55015,19.66
54952,55139,80.34
54956,55087,0.19
54956,55139,99.81
54960,55047,5.25
54960,55077,57.21
54960,55137,37.54
54961,55087,21.62
54961,55135,78.38
54962,55135,100
54963,55139,100
54964,55039,21.62
54964,55139,78.38
54965,55135,1.49
54965,55137,98.51
54966,55001,1.39
54966,55097,12.6
54966,55137,86.01
54967,55137,100
54968,55047,97.16
54968,55077,2.84
54970,55137,100
54971,55039,89.72
54971,55047,5.6
54971,55139,4.68
54974,55039,100
54977,55097,6.58
54977,55135,93.42
54979,55039,96.6
54979,55139,3.4
54980,55139,100
54981,55097,2.26
54981,55135,96.29
54981,55137,1.45
54982,55077,0.94
54982,55137,99.06
54983,55135,93.93
54983,55137,6.07
54984,55097,1.71
54984,55137,98.29
54985,55139,100
54986,55137,0.69
54986,55139,99.31
55001,27163,100
55003,27163,100
55005,27003,100
55006,27025,5.23
55006,27059,59.6
55006,27065,21.6
55006,27115,13.57
55007,27065,58.01
55007,27115,41.99
55008,27025,0.07
55008,27059,99.93
55009,27037,9.88
55009,27049,90.12
55011,27003,100
55012,27025,100
55013,27025,100
55014,27003,100
55016,27163,100
55017,27059,100
55018,27049,88.37
55018,27131,11.63
55019,27131,100
55020,27139,100
55021,27131,100
55024,27037,100
55025,27003,16.04
55025,27025,4.99
55025,27163,78.97
55026,27049,100
55027,27049,98.19
55027,27157,1.81
55029,27059,100
55030,27065,23.27
55030,27115,76.73
55031,27037,100
55032,27025,100
55033,27037,92.66
55033,27049,0.25
55033,27163,7.09
55036,27115,100
55037,27065,2.25
55037,27115,97.75
55038,27003,38.84
55038,27123,0.04
55038,27163,61.12
55040,27059,100
55041,27049,21.73
55041,27157,78.27
55042,27163,100
55043,27163,100
55044,27037,93.42
55044,27139,6.58
55045,27025,100
55046,27131,100
55047,27163,100
55049,27131,1.13
55049,27147,98.87
55051,27065,100
55052,27131,97.18
55052,27147,1.2
55052,27161,1.63
55053,27049,16.25
55053,27131,83.75
55054,27139,100
55055,27163,100
55056,27025,87.58
55056,27059,12.42
55057,27037,11.83
55057,27131,88.17
55060,27147,100
55063,27115,100
55065,27037,98.42
55065,27049,1.58
55066,27049,100
55068,27037,100
55069,27025,93.66
55069,27115,6.34
55070,27003,95.8
55070,27059,4.2
55071,27163,100
55072,27065,3.23
55072,27115,96.77
55073,27025,12.54
55073,27163,87.46
55074,27025,100
55075,27037,100
55076,27037,100
55077,27037,100
55079,27003,42.5
55079,27025,48.43
55079,27059,9.06
55080,27025,38.13
55080,27059,61.87
55082,27163,100
55084,27025,100
55085,27037,100
55087,27131,100
55088,27131,66.9
55088,27139,33.1
55089,27037,16.98
55089,27049,83.02
55090,27163,100
55092,27003,41.37
55092,27025,58.63
55101,27123,100
55102,27123,100
55103,27123,100
55104,27123,100
55105,27123,100
55106,27123,100
55107,27123,100
55108,27123,100
55109,27123,100
55110,27003,1.43
55110,27123,89.23
55110,27163,9.34
55111,27053,0
55112,27123,100
55113,27123,100
55114,27123,100
55115,27163,100
55116,27123,100
55117,27123,100
55118,27037,99.34
55118,27123,0.66
55119,27123,100
55120,27037,100
55121,27037,100
55122,27037,100
55123,27037,100
55124,27037,100
55125,27163,100
55126,27003,0.27
55126,27123,99.73
55127,27123,100
55128,27163,100
55129,27163,100
55130,27123,100
55150,27037,100
55155,27123,0
55301,27171,100
55302,27171,100
55303,27003,100
55304,27003,100
55305,27053,100
55306,27037,100
55307,27143,100
55308,27141,100
55309,27141,100
55310,27129,100
55311,27053,100
55312,27085,100
55313,27171,100
55314,27129,88.93
55314,27143,11.07
55315,27019,100
55316,27053,100
55317,27019,100
55318,27019,100
55319,27141,100
55320,27145,38.67
55320,27171,61.33
55321,27171,100
55322,27019,100
55324,27093,100
55325,27093,100
55327,27053,98.22
55327,27171,1.78
55328,27019,1.19
55328,27053,2.61
55328,27171,96.19
55329,27093,49.91
55329,27145,50.09
55330,27003,4.75
55330,27141,72.75
55330,27171,22.5
55331,27019,24.53
55331,27053,75.47
55332,27103,6.19
55332,27129,93.81
55333,27015,0.58
55333,27127,1.52
55333,27129,97.9
55334,27103,1.91
55334,27143,98.09
55335,27103,8.41
55335,27143,91.59
55336,27085,96.05
55336,27143,3.95
55337,27037,100
55338,27143,100
55339,27019,84.31
55339,27143,15.69
55340,27053,100
55341,27053,20.25
55341,27171,79.75
55342,27129,100
55343,27053,100
55344,27053,100
55345,27053,100
55346,27053,100
55347,27053,100
55349,27171,100
55350,27085,97.64
55350,27093,2.13
55350,27129,0.23
55352,27139,100
55353,27093,19.54
55353,27145,80.46
55354,27085,100
55355,27093,100
55356,27053,100
55357,27053,100
55358,27171,100
55359,27053,100
55360,27019,100
55362,27171,100
55363,27171,100
55364,27053,100
55366,27143,100
55367,27019,100
55368,27019,100
55369,27053,100
55370,27085,100
55371,27009,0.68
55371,27059,13.34
55371,27095,51.99
55371,27141,33.98
55372,27139,100
55373,27053,26.73
55373,27171,73.27
55374,27053,94.62
55374,27171,5.38
55375,27019,13.15
55375,27053,86.85
55376,27171,100
55378,27139,100
55379,27139,100
55381,27085,100
55382,27093,9.35
55382,27145,51.78
55382,27171,38.87
55384,27053,100
55385,27085,77.61
55385,27129,15.8
55385,27143,6.58
55386,27019,100
55387,27019,99.87
55387,27053,0.13
55388,27019,94.14
55388,27053,0.96
55388,27171,4.89
55389,27093,84.15
55389,27145,15.85
55390,27171,100
55391,27053,100
55395,27019,1.49
55395,27085,98.51
55396,27143,100
55397,27019,99.48
55397,27085,0.52
55398,27059,4.72
55398,27141,95.28
55401,27053,100
55402,27053,100
55403,27053,100
55404,27053,100
55405,27053,100
55406,27053,100
55407,27053,100
55408,27053,100
55409,27053,100
55410,27053,100
55411,27053,100
55412,27053,100
55413,27053,100
55414,27053,100
55415,27053,100
55416,27053,100
55417,27053,100
55418,27053,99.52
55418,27123,0.48
55419,27053,100
55420,27053,100
55421,27003,88.16
55421,27053,0.49
55421,27123,11.36
55422,27053,100
55423,27053,100
55424,27053,100
55425,27053,100
55426,27053,100
55427,27053,100
55428,27053,100
55429,27053,100
55430,27053,100
55431,27053,100
55432,27003,99.41
55432,27123,0.59
55433,27003,100
55434,27003,100
55435,27053,100
55436,27053,100
55437,27053,100
55438,27053,100
55439,27053,100
55441,27053,100
55442,27053,100
55443,27053,100
55444,27053,100
55445,27053,100
55446,27053,100
55447,27053,100
55448,27003,100
55449,27003,100
55449,27123,0
55450,27053,100
55454,27053,100
55455,27053,100
55601,27075,100
55602,27137,100
55603,27075,100
55604,27031,100
55605,27031,100
55606,27031,100
55607,27075,100
55609,27075,100
55612,27031,100
55613,27031,100
55614,27075,100
55615,27031,100
55616,27075,94.74
55616,27137,5.26
55702,27137,100
55703,27137,100
55704,27115,100
55705,27137,100
55706,27137,100
55707,27017,100
55708,27137,100
55709,27061,100
55710,27137,100
55711,27137,100
55712,27115,100
55713,27137,100
55716,27061,100
55717,27137,100
55718,27017,100
55719,27137,100
55720,27017,87.78
55720,27137,12.22
55721,27061,100
55722,27061,100
55723,27061,10.28
55723,27137,89.72
55724,27137,100
55725,27137,100
55726,27017,100
55731,27075,9.67
55731,27137,90.33
55732,27137,100
55733,27017,100
55734,27137,100
55735,27001,20.9
55735,27115,79.1
55736,27061,4.65
55736,27137,95.35
55738,27137,100
55741,27137,100
55742,27061,100
55744,27061,100
55746,27061,0.35
55746,27137,99.65
55748,27001,81.91
55748,27061,18.09
55749,27017,69.71
55749,27115,30.29
55750,27137,100
55751,27137,100
55752,27001,96.46
55752,27061,3.54
55753,27061,100
55756,27017,4.87
55756,27115,95.13
55757,27017,100
55758,27137,100
55760,27001,100
55763,27137,100
55764,27061,100
55765,27137,100
55766,27137,100
55767,27017,93.34
55767,27115,6.66
55768,27137,100
55769,27061,100
55771,27071,4.4
55771,27137,95.6
55772,27071,100
55775,27061,100
55779,27137,100
55780,27017,100
55781,27061,20.03
55781,27137,79.97
55782,27137,100
55783,27001,0.57
55783,27017,2.79
55783,27115,96.64
55784,27061,100
55785,27001,80.23
55785,27021,19.77
55786,27061,100
55787,27001,82.29
55787,27017,17.71
55790,27137,100
55792,27137,100
55793,27061,100
55795,27115,100
55797,27017,100
55798,27001,0.52
55798,27017,89.5
55798,27137,9.98
55802,27137,100
55803,27137,100
55804,27137,100
55805,27137,100
55806,27137,100
55807,27137,100
55808,27137,100
55810,27017,3.67
55810,27137,96.33
55811,27137,100
55812,27137,100
55814,27137,100
55901,27109,100
55902,27109,100
55904,27109,100
55905,27109,0
55906,27109,99.64
55906,27157,0.36
55909,27099,100
55910,27157,11.17
55910,27169,88.83
55912,27047,1.88
55912,27099,98.12
55917,27039,11.17
55917,27047,6.06
55917,27099,5.55
55917,27147,77.22
55918,27099,100
55919,27055,100
55920,27109,100
55921,27055,100
55922,27045,100
55923,27045,52.63
55923,27109,45.78
55923,27169,1.59
55924,27039,81.43
55924,27147,18.57
55925,27169,100
55926,27099,100
55927,27039,100
55929,27109,100
55931,27055,100
55932,27109,15.77
55932,27157,84.23
55933,27099,100
55934,27109,100
55935,27045,100
55936,27099,100
55939,27045,100
55940,27039,95.57
55940,27109,4.43
55941,27055,100
55943,27055,89.08
55943,27169,10.92
55944,27039,99.34
55944,27109,0.66
55945,27157,100
55946,27049,92.67
55946,27131,7.33
55947,27055,89.52
55947,27169,10.48
55949,27045,100
55950,27099,100
55951,27045,10.59
55951,27099,89.41
55952,27169,100
55953,27047,2.13
55953,27099,97.87
55954,27045,93.97
55954,27055,6.03
55955,27039,100
55956,27049,10.4
55956,27109,1.17
55956,27157,88.43
55957,27157,100
55959,27169,100
55960,27109,99.39
55960,27157,0.61
55961,27045,75.84
55961,27099,24.16
55962,27045,96.59
55962,27169,3.41
55963,27039,7.08
55963,27049,63.81
55963,27109,29.11
55964,27109,2.35
55964,27157,96.38
55964,27169,1.28
55965,27045,100
55967,27099,100
55968,27157,100
55969,27169,100
55970,27099,100
55971,27045,84.83
55971,27055,4.71
55971,27169,10.46
55972,27109,3.76
55972,27169,96.24
55973,27099,100
55974,27045,1.5
55974,27055,98.5
55975,27045,95.78
55975,27099,4.22
55976,27045,1.49
55976,27109,98.51
55977,27099,100
55979,27045,4.29
55979,27169,95.71
55981,27157,100
55982,27099,100
55983,27049,100
55985,27039,96.39
55985,27049,2.31
55985,27147,1.29
55987,27169,100
55990,27045,100
55991,27109,2.68
55991,27157,97.32
55992,27049,100
56001,27013,100
56003,27103,100
56007,27047,100
56009,27047,100
56010,27013,100
56011,27019,2.24
56011,27079,1.12
56011,27139,89.09
56011,27143,7.55
56013,27043,98.08
56013,27091,1.92
56014,27043,100
56016,27047,100
56017,27079,100
56019,27015,76.26
56019,27033,19.37
56019,27165,4.38
56020,27047,100
56021,27103,100
56022,27165,100
56023,27043,100
56024,27013,100
56025,27043,100
56026,27047,22.42
56026,27147,76.09
56026,27161,1.49
56027,19109,6.91
56027,27043,88.54
56027,27091,4.54
56028,27079,94.17
56028,27161,5.83
56029,27047,100
56031,27091,100
56032,27047,100
56033,27043,100
56034,27013,100
56035,27047,100
56036,27047,100
56037,27013,100
56039,27091,100
56041,27015,100
56042,27047,100
56043,27047,100
56044,27079,8.69
56044,27143,91.31
56045,27047,100
56046,27147,100
56047,27043,100
56048,27013,12.16
56048,27161,87.84
56050,27079,100
56051,27043,100
56052,27079,73.1
56052,27131,26.9
56054,27103,93.28
56054,27143,6.72
56055,27013,100
56056,27165,100
56057,27079,100
56058,27079,90.01
56058,27103,2.26
56058,27143,7.74
56060,27165,100
56062,27013,6.27
56062,27015,1.78
56062,27165,91.96
56063,27013,73.46
56063,27079,25.04
56063,27161,1.51
56065,27013,100
56068,27013,15.73
56068,27043,72.59
56068,27161,11.68
56069,27079,89.99
56069,27131,10.01
56071,27079,42.81
56071,27131,2.32
56071,27139,54.87
56072,27047,2.39
56072,27147,8.75
56072,27161,88.87
56073,27013,1.2
56073,27015,91.58
56073,27103,7.22
56074,27103,100
56075,27091,100
56078,27013,75.84
56078,27161,24.16
56080,27013,100
56081,27015,1.07
56081,27165,98.93
56082,27079,5.63
56082,27103,94.37
56083,27015,8.92
56083,27033,22.08
56083,27127,68.99
56085,27015,99.05
56085,27127,0.95
56087,27015,93.49
56087,27127,6.51
56088,27013,2.47
56088,27091,87.46
56088,27165,10.07
56089,27047,100
56090,27013,100
56091,27161,100
56093,27131,0.08
56093,27147,1.85
56093,27161,98.07
56096,27079,91.19
56096,27131,3.64
56096,27161,5.16
56097,27043,93.65
56097,27047,4.85
56097,27161,1.51
56098,27043,95.53
56098,27091,4.47
56101,27033,91.43
56101,27063,8.57
56110,27105,100
56111,27063,100
56113,27081,100
56114,27101,100
56115,27083,82.8
56115,27101,17.2
56116,27133,100
56117,27105,100
56118,27033,94.06
56118,27063,5.94
56119,27063,16.72
56119,27105,83.28
56120,27165,100
56121,27091,100
56122,27101,95.9
56122,27105,4.1
56123,27101,100
56125,27101,100
56127,27091,100
56128,27101,3.73
56128,27105,3.98
56128,27117,86.39
56128,27133,5.9
56129,27105,82.73
56129,27133,17.27
56131,27033,2.14
56131,27101,77.71
56131,27105,20.15
56132,27083,60.74
56132,27101,39.26
56134,27133,100
56136,27081,100
56137,27033,10.7
56137,27063,89.3
56138,27133,100
56139,27117,100
56140,27117,100
56141,27101,95.05
56141,27105,4.95
56142,27081,100
56143,27063,100
56144,27117,72.79
56144,27133,19.34
56144,46101,7.87
56145,27033,100
56146,27133,100
56147,27105,19.27
56147,27133,80.73
56149,27081,99.05
56149,27117,0.95
56150,27063,100
56151,27101,100
56152,27033,14.8
56152,27127,85.2
56153,27105,100
56155,27105,100
56156,27133,100
56157,27083,100
56158,27105,16.36
56158,27133,83.64
56159,27033,98.09
56159,27063,1.91
56160,27063,11.68
56160,27091,29.44
56160,27165,58.88
56161,27063,100
56162,27091,55.44
56162,27165,44.56
56164,27081,2.5
56164,27117,96.68
56164,46101,0.82
56165,27105,100
56166,27033,27.27
56166,27127,72.73
56167,27063,34.49
56167,27105,65.51
56168,27105,100
56169,27083,100
56170,27083,14.48
56170,27101,12.95
56170,27117,72.57
56171,27091,100
56172,27101,100
56173,27133,100
56174,27033,100
56175,27083,86.06
56175,27101,9.08
56175,27127,4.86
56176,27091,100
56177,27117,100
56178,27081,96.51
56178,27083,3.49
56180,27033,6.25
56180,27101,5.68
56180,27127,88.07
56181,27091,100
56183,27033,91.37
56183,27101,8.63
56185,27105,100
56186,27101,20.88
56186,27117,79.12
56187,27063,0.71
56187,27105,99.29
56201,27067,100
56207,27149,97.21
56207,27151,2.79
56208,27023,0.39
56208,27073,2.57
56208,27151,97.05
56209,27067,93.8
56209,27093,6.2
56210,27011,100
56211,27011,76.18
56211,27155,23.82
56212,27073,100
56214,27127,94.62
56214,27173,5.38
56215,27121,1.81
56215,27151,98.19
56216,27067,100
56218,27073,71.34
56218,27173,28.66
56219,27155,67.93
56219,46109,32.07
56220,27073,6.03
56220,27081,4.59
56220,27173,89.38
56221,27011,6.08
56221,27149,93.66
56221,27155,0.26
56222,27023,100
56223,27173,100
56224,27127,100
56225,27011,100
56226,27121,27.56
56226,27151,72.44
56227,27011,100
56228,27093,97.28
56228,27129,2.72
56229,27083,90.81
56229,27173,9.19
56230,27129,100
56231,27151,100
56232,27073,100
56235,27149,100
56236,27011,15.88
56236,27155,84.12
56237,27173,100
56239,27083,100
56240,27011,85.89
56240,27155,14.11
56241,27023,26.55
56241,27129,2.93
56241,27173,70.52
56243,27093,100
56244,27121,13.5
56244,27149,85.03
56244,27151,1.47
56245,27173,100
56248,27051,88.48
56248,27149,6.2
56248,27155,5.33
56249,27151,100
56251,27067,100
56252,27023,9.45
56252,27067,3.8
56252,27151,86.75
56253,27067,100
56255,27127,100
56256,27073,100
56257,27073,100
56258,27083,99.69
56258,27127,0.31
56260,27023,90.96
56260,27129,9.04
56262,27023,91.99
56262,27151,8.01
56263,27083,8.13
56263,27127,91.87
56264,27081,0.86
56264,27083,88.93
56264,27173,10.21
56265,27023,91.12
56265,27073,5.62
56265,27173,3.26
56266,27015,12.65
56266,27127,87.35
56267,27149,100
56270,27127,43.54
56270,27129,56.46
56271,27023,10.03
56271,27151,89.97
56273,27067,100
56274,27051,75.14
56274,27155,24.86
56276,27011,81.54
56276,27073,18.46
56277,27129,100
56278,27011,98.19
56278,27073,1.81
56279,27067,100
56280,27081,32.08
56280,27173,67.92
56281,27067,100
56282,27023,14.37
56282,27067,85.63
56283,27127,97.21
56283,27129,2.79
56284,27067,6.54
56284,27127,0.38
56284,27129,93.08
56285,27129,100
56287,27127,100
56288,27067,100
56289,27067,90.06
56289,27151,9.94
56291,27081,17.76
56291,27083,52.1
56291,27173,30.14
56292,27127,100
56293,27127,100
56294,27127,100
56295,27023,100
56296,27155,100
56297,27173,100
56301,27145,100
56303,27145,100
56304,27009,42.04
56304,27141,57.96
56307,27145,100
56308,27041,99.74
56308,27121,0.26
56309,27051,80
56309,27111,20
56310,27145,100
56311,27051,100
56312,27067,18.44
56312,27145,81.56
56313,27095,100
56314,27097,95.55
56314,27145,4.45
56315,27041,99.37
56315,27111,0.63
56316,27067,7.22
56316,27121,23.92
56316,27145,68.86
56318,27097,36.67
56318,27153,63.33
56319,27041,96.29
56319,27153,3.71
56320,27145,100
56321,27145,100
56323,27121,96.37
56323,27149,3.63
56324,27111,100
56325,27145,100
56326,27041,94.82
56326,27111,5.18
56327,27041,70.73
56327,27121,29.27
56328,27097,100
56329,27009,94.38
56329,27097,5.62
56330,27009,15.97
56330,27095,84.03
56331,27145,99.5
56331,27153,0.5
56332,27041,100
56334,27041,1.86
56334,27121,98.14
56335,27145,100
56336,27145,5.09
56336,27153,94.91
56338,27035,8.57
56338,27097,91.43
56339,27041,7.97
56339,27051,92.03
56340,27097,18.09
56340,27145,81.91
56342,27001,23.18
56342,27065,16.06
56342,27095,60.75
56343,27041,82.51
56343,27051,5.51
56343,27121,8.53
56343,27149,3.46
56345,27097,100
56347,27153,100
56349,27041,10.91
56349,27121,89.09
56350,27001,100
56352,27145,100
56353,27059,0.52
56353,27065,0.33
56353,27095,99.14
56354,27041,100
56355,27041,100
56356,27145,100
56357,27009,69
56357,27095,31
56358,27059,1.63
56358,27065,96.99
56358,27095,1.38
56359,27095,100
56360,27041,61.09
56360,27153,38.91
56361,27041,14.48
56361,27111,85.52
56362,27067,3.73
56362,27093,7.72
56362,27145,88.55
56363,27095,100
56364,27035,1.66
56364,27097,98.34
56367,27009,79.53
56367,27145,20.47
56368,27145,100
56369,27145,100
56371,27145,100
56373,27009,9.41
56373,27097,90.59
56374,27145,100
56375,27145,100
56376,27145,100
56377,27009,12.69
56377,27145,87.31
56378,27145,82.09
56378,27153,17.91
56379,27009,100
56381,27121,100
56382,27097,75.97
56382,27153,24.03
56384,27097,100
56385,27041,3.02
56385,27121,96.98
56386,27095,100
56387,27145,100
56389,27153,100
56401,27021,5.72
56401,27035,94.28
56425,27035,100
56431,27001,92.52
56431,27035,7.48
56433,27021,18.8
56433,27057,81.2
56434,27153,69.36
56434,27159,30.64
56435,27021,99.79
56435,27035,0.21
56436,27057,100
56437,27111,6.59
56437,27153,93.41
56438,27153,100
56440,27153,100
56441,27035,100
56442,27035,100
56443,27097,75.44
56443,27153,24.56
56444,27035,100
56446,27041,5.26
56446,27111,5.32
56446,27153,89.42
56447,27035,100
56448,27021,7.53
56448,27035,92.47
56449,27035,76.43
56449,27097,23.57
56450,27035,61.75
56450,27095,38.25
56452,27021,100
56453,27111,36.39
56453,27153,63.61
56455,27035,100
56456,27035,100
56458,27057,100
56461,27021,3.76
56461,27057,96.24
56464,27005,24.65
56464,27057,12.85
56464,27111,1.94
56464,27159,60.56
56465,27035,100
56466,27021,44.96
56466,27097,44.03
56466,27153,11.01
56467,27057,100
56468,27021,29.7
56468,27035,70.3
56469,27001,100
56470,27005,7.59
56470,27029,0.25
56470,27057,92.02
56470,27159,0.15
56472,27021,16.93
56472,27035,83.07
56473,27021,95.47
56473,27097,4.53
56474,27021,84.45
56474,27035,15.55
56475,27097,100
56477,27021,2.43
56477,27111,17.26
56477,27159,80.31
56479,27021,3.94
56479,27153,61.79
56479,27159,34.27
56481,27021,2.51
56481,27153,15.26
56481,27159,82.23
56482,27111,18.47
56482,27153,0.53
56482,27159,81.01
56484,27021,100
56501,27005,97.66
56501,27111,2.34
56510,27107,100
56511,27005,100
56514,27027,91.67
56514,27111,0.87
56514,27167,7.47
56515,27111,100
56516,27087,81.97
56516,27107,18.03
56517,27119,100
56518,27111,100
56519,27027,30.33
56519,27107,69.67
56520,27167,100
56521,27005,100
56522,27111,7.81
56522,27167,92.19
56523,27119,100
56524,27111,100
56525,27027,100
56527,27111,100
56528,27111,100
56529,27027,100
56531,27051,100
56533,27111,100
56534,27111,100
56535,27119,98.09
56535,27125,1.91
56536,27027,100
56537,27111,100
56540,27107,10.6
56540,27119,89.4
56541,27107,100
56542,27087,5.59
56542,27119,94.41
56543,27167,100
56544,27005,80.83
56544,27111,19.17
56545,27107,100
56546,27027,100
56547,27027,100
56548,27107,100
56549,27027,100
56550,27107,100
56551,27111,100
56552,27005,10.72
56552,27027,89.28
56553,27167,100
56554,27005,96.23
56554,27027,3.77
56556,27119,100
56557,27029,1.99
56557,27087,96.16
56557,27107,1.85
56560,27027,99.94
56560,27167,0.06
56565,27051,8.41
56565,27167,91.59
56566,27087,100
56567,27111,100
56568,27119,100
56569,27005,100
56570,27005,100
56571,27111,100
56572,27005,2.77
56572,27111,97.23
56573,27111,100
56574,27107,100
56575,27005,100
56576,27111,100
56577,27005,100
56578,27005,100
56579,27111,42.52
56579,27167,57.48
56580,27027,100
56581,27107,100
56583,27155,77.38
56583,27167,22.62
56584,27107,100
56585,27005,9.15
56585,27027,90.85
56586,27111,100
56587,27111,100
56588,27111,100
56589,27005,31.34
56589,27029,0.25
56589,27087,68.41
56590,27051,100
56591,27005,100
56592,27087,0.78
56592,27119,99.22
56593,27005,100
56594,27167,100
56601,27007,94.41
56601,27057,5.59
56621,27029,98.38
56621,27087,0.19
56621,27119,1.42
56623,27071,3.86
56623,27077,96.14
56626,27021,100
56627,27071,100
56628,27061,100
56629,27071,100
56630,27007,90.74
56630,27061,9.26
56633,27007,21.47
56633,27021,63.97
56633,27057,14.56
56634,27029,99.63
56634,27119,0.37
56636,27021,6.74
56636,27061,93.26
56637,27061,100
56639,27061,96.95
56639,27071,3.05
56641,27021,100
56644,27029,98.86
56644,27119,1.14
56646,27119,100
56647,27007,100
56649,27071,100
56649,27137,0
56650,27007,100
56651,27087,51.86
56651,27119,48.14
56652,27007,9.83
56652,27029,90.17
56653,27071,100
56654,27071,100
56655,27021,100
56657,27061,100
56658,27071,100
56659,27061,100
56660,27071,100
56661,27007,10.62
56661,27061,36.73
56661,27071,52.65
56662,27021,100
56663,27007,100
56666,27007,100
56667,27007,100
56668,27071,100
56669,27071,62.93
56669,27137,37.07
56670,27007,100
56671,27007,97.42
56671,27029,2.58
56672,27021,100
56673,27077,37.48
56673,27135,62.52
56676,27007,37.46
56676,27029,62.54
56678,27007,64.35
56678,27029,1.51
56678,27057,34.14
56680,27061,100
56681,27061,100
56683,27007,100
56684,27113,18.79
56684,27119,81.21
56685,27007,100
56686,27077,100
56687,27007,100
56688,27061,100
56701,27089,3.81
56701,27113,96.19
56710,27089,95.92
56710,27119,4.08
56711,27077,100
56713,27089,100
56714,27135,100
56715,27119,2.86
56715,27125,97.14
56716,27119,99.7
56716,27125,0.3
56720,27069,100
56721,27119,100
56722,27119,100
56723,27119,100
56724,27089,100
56725,27089,17.48
56725,27113,82.52
56726,27135,100
56727,27007,39.14
56727,27089,60.86
56728,27069,100
56729,27069,100
56731,27069,100
56732,27069,94.54
56732,27089,4.49
56732,27135,0.97
56733,27069,100
56734,27069,100
56735,27069,97.3
56735,27135,2.7
56736,27119,96.46
56736,27125,3.54
56737,27089,100
56738,27089,100
56741,27077,100
56742,27113,19.72
56742,27119,2.18
56742,27125,78.1
56744,27089,74.4
56744,27119,13.04
56744,38035,4.03
56744,38099,8.53
56748,27113,5.67
56748,27125,94.33
56750,27113,4.02
56750,27119,2.24
56750,27125,93.74
56751,27135,100
56754,27113,100
56755,27069,100
56756,27135,100
56757,27089,100
56758,27089,100
56759,27089,26.1
56759,27135,73.9
56760,27089,100
56761,27135,100
56762,27089,84.64
56762,27119,15.36
56763,27135,100
57001,46083,2.81
57001,46127,97.19
57002,46011,100
57003,46099,100
57004,46027,8.97
57004,46083,30.93
57004,46127,60.1
57005,46099,100
57006,46011,99.42
57006,46101,0.58
57010,46027,77.89
57010,46127,22.11
57012,46087,100
57013,46083,100
57014,46027,10.74
57014,46083,11.49
57014,46125,77.77
57015,46125,100
57016,46079,100
57017,46101,100
57018,46099,100
57020,46099,100
57021,46125,100
57022,46079,0.3
57022,46099,91.23
57022,46101,8.47
57024,46101,100
57025,46127,100
57026,27081,4.53
57026,46011,83.95
57026,46101,11.52
57027,46083,100
57028,46101,100
57029,46067,88.24
57029,46125,11.76
57030,27133,4.83
57030,46099,95.17
57031,46027,8.1
57031,46135,91.9
57032,46083,100
57033,46099,100
57034,46083,92.98
57034,46127,7.02
57035,46087,2.5
57035,46099,97.5
57036,46125,100
57037,46027,16.85
57037,46125,35.78
57037,46135,47.37
57038,46127,100
57039,46083,97.61
57039,46125,2.39
57040,46135,100
57041,46099,100
57042,46079,100
57043,46067,0.87
57043,46087,3.12
57043,46125,96.01
57045,46067,91.16
57045,46135,8.84
57046,46135,100
57047,46087,32.42
57047,46125,67.58
57048,46087,92.05
57048,46099,7.95
57049,46127,100
57050,46079,100
57051,46077,100
57052,46067,100
57053,46087,4.38
57053,46125,95.62
57054,46079,100
57055,46099,100
57057,46079,100
57058,46087,100
57059,46009,78.98
57059,46067,21.02
57061,46011,100
57062,46009,100
57063,46009,87.97
57063,46135,12.03
57064,46083,99.35
57064,46125,0.65
57065,46101,100
57066,46009,100
57067,46135,100
57068,27133,2.71
57068,46099,97.29
57069,46027,100
57070,46125,94.74
57070,46135,5.26
57071,46011,98.59
57071,46079,1.41
57072,46027,23.63
57072,46135,76.37
57073,46027,98.03
57073,46125,1.97
57075,46079,100
57076,46079,57.58
57076,46097,42.42
57077,46083,100
57078,31027,0.17
57078,46135,99.83
57103,46099,100
57104,46099,100
57105,46099,100
57106,46083,14.45
57106,46099,85.55
57107,46099,100
57108,46083,99.32
57108,46099,0.68
57110,46099,100
57117,46099,100
57197,46099,100
57201,46029,100
57212,46011,22.74
57212,46057,5.33
57212,46077,71.92
57213,46011,43.71
57213,46039,56.29
57214,46077,100
57216,46051,74.43
57216,46109,25.57
57217,46025,100
57218,46039,100
57219,46037,100
57220,46011,100
57221,46025,7.55
57221,46057,92.45
57223,46039,0.52
57223,46057,99.48
57224,46109,100
57225,46025,100
57226,46039,97.73
57226,46057,2.27
57227,46051,1.38
57227,46109,98.62
57231,46077,100
57232,46091,100
57233,46077,100
57234,46039,11.38
57234,46057,88.62
57235,46029,97.39
57235,46037,2.61
57236,46025,100
57237,46039,100
57238,46029,23.81
57238,46039,72.67
57238,46057,3.52
57239,46037,100
57241,46057,100
57242,46029,13.43
57242,46057,86.57
57243,46025,7.12
57243,46029,92.88
57245,46029,100
57246,46051,100
57247,46091,100
57248,46057,95.18
57248,46077,4.82
57249,46077,100
57251,46051,100
57252,46051,99.4
57252,46109,0.6
57255,46109,100
57256,46051,41.73
57256,46109,58.27
57257,46109,100
57258,46025,72.21
57258,46115,27.79
57259,46039,25.74
57259,46051,74.26
57260,46109,100
57261,46037,100
57262,46091,3.08
57262,46109,96.92
57263,46029,87.33
57263,46051,12.67
57264,46051,100
57265,46039,18.67
57265,46051,81.33
57266,46051,35.26
57266,46109,64.74
57268,46011,9.93
57268,46039,90.07
57269,46051,100
57270,46091,97.12
57270,46109,2.88
57271,46025,69.23
57271,46057,30.77
57272,46025,2.31
57272,46029,97.69
57273,46037,93.84
57273,46109,6.16
57274,46025,1.17
57274,46037,98.83
57276,46011,100
57278,46025,100
57279,46109,100
57301,46035,96.78
57301,46061,3.22
57311,46061,93.25
57311,46067,6.75
57312,46005,29.84
57312,46073,70.16
57313,46023,9.4
57313,46043,90.6
57314,46111,100
57315,46009,100
57317,46053,100
57319,46067,13.26
57319,46087,81.46
57319,46125,5.28
57321,46061,9.79
57321,46087,10.82
57321,46097,79.38
57322,46005,60.81
57322,46025,22.64
57322,46115,16.55
57323,46097,100
57324,46005,100
57325,46015,98.43
57325,46017,1.57
57328,46043,100
57329,46023,100
57330,46023,23.68
57330,46043,74.24
57330,46067,2.08
57331,46035,9.15
57331,46043,15.03
57331,46067,75.82
57332,46061,83.84
57332,46067,8.63
57332,46087,7.53
57334,46035,70.06
57334,46061,16.98
57334,46067,12.96
57335,46053,100
57337,46097,100
57339,46017,100
57340,46061,96.62
57340,46097,3.38
57341,46017,100
57342,46023,100
57344,46043,100
57345,46069,100
57346,46069,100
57348,46005,68.88
57348,46115,31.12
57349,46097,100
57350,46005,100
57353,46005,43.43
57353,46077,56.57
57355,46015,96.3
57355,46017,2.51
57355,46073,1.18
57356,46023,100
57358,46073,100
57359,46003,9.86
57359,46035,10.79
57359,46111,79.35
57361,46023,100
57362,46059,100
57363,46035,97.81
57363,46111,2.19
57364,46043,100
57365,46085,100
57366,46043,3.41
57366,46067,96.59
57367,46023,100
57368,46003,100
57369,46015,11.26
57369,46023,87.7
57369,46043,1.04
57370,46015,81.08
57370,46017,18.92
57371,46059,100
57373,46059,100
57374,46061,25.66
57374,46087,74.34
57375,46003,100
57376,46009,7.72
57376,46067,92.28
57379,46005,100
57380,46023,100
57381,46005,55.1
57381,46059,44.9
57382,46003,1.45
57382,46005,1.38
57382,46073,97.17
57383,46003,99.18
57383,46015,0.82
57384,46005,100
57385,46003,1.97
57385,46073,9.25
57385,46111,88.78
57386,46005,100
57401,46013,100
57420,46129,100
57421,46091,100
57422,46037,100
57424,46049,4.12
57424,46115,95.88
57426,46013,100
57427,46013,100
57428,46045,90.99
57428,46129,9.01
57429,46115,100
57430,46091,100
57432,46013,62.8
57432,46091,37.2
57433,46013,100
57434,46013,37.46
57434,46025,9.01
57434,46037,4.24
57434,46115,49.29
57435,46045,14.57
57435,46049,85.43
57436,46115,100
57437,46021,9.72
57437,46089,90.28
57438,46049,100
57439,46013,100
57440,46115,100
57441,46013,100
57442,46041,7.03
57442,46107,92.13
57442,46119,0.84
57445,46013,100
57446,46013,100
57448,46045,80.46
57448,46089,19.54
57449,46013,100
57450,46107,82.89
57450,46129,17.11
57451,46013,3.4
57451,46045,96.6
57452,46021,26.26
57452,46129,73.74
57454,46037,10.04
57454,46091,89.96
57455,46107,100
57456,46045,10.21
57456,46089,89.79
57457,46089,100
57460,46013,66.03
57460,46045,6.85
57460,46049,8.49
57460,46115,18.63
57461,46115,100
57465,46049,26.42
57465,46115,73.58
57466,46045,22.58
57466,46049,77.42
57467,46049,27.65
57467,46059,72.35
57468,46037,100
57469,46049,1.72
57469,46059,1.66
57469,46115,96.61
57470,46049,54.55
57470,46059,45.45
57471,46045,100
57472,46129,100
57473,46049,74.53
57473,46107,25.47
57474,46013,100
57475,46045,36.25
57475,46107,63.75
57476,46059,12.74
57476,46115,87.26
57477,46115,100
57479,46013,100
57481,46013,62.37
57481,46045,3.51
57481,46089,34.11
57501,46065,98.8
57501,46119,1.2
57520,46119,100
57521,46071,82.63
57521,46095,17.37
57522,46065,100
57523,46053,100
57528,46123,100
57529,46053,60.76
57529,46123,39.24
57531,46075,100
57532,46085,0.53
57532,46117,99.47
57533,46053,95.32
57533,46085,4.68
57534,46123,100
57536,46065,94.88
57536,46119,5.12
57537,46117,100
57538,46053,100
57540,46069,100
57541,46123,100
57543,46071,100
57544,46085,100
57547,46071,100
57548,46085,100
57551,46007,100
57552,46055,79.96
57552,46071,2.53
57552,46075,6.14
57552,46117,11.37
57553,46055,100
57555,46121,100
57559,46075,100
57560,46007,2.98
57560,46095,97.02
57562,46075,100
57563,46121,100
57564,46069,0.8
57564,46119,99.2
57566,46095,2.45
57566,46121,97.55
57567,46055,91.89
57567,46071,8.11
57568,46085,100
57569,46085,100
57570,46121,100
57571,46053,100
57572,46121,100
57574,46007,100
57576,46075,3.92
57576,46085,96.08
57577,46007,0.66
57577,46071,99.34
57579,46095,100
57580,46095,0.31
57580,46121,3.8
57580,46123,95.89
57584,46123,100
57585,46095,100
57601,46031,0.87
57601,46041,4.7
57601,46129,94.43
57620,46105,100
57621,46031,100
57622,46137,100
57623,46137,100
57625,46041,78.39
57625,46137,21.61
57626,46093,60.97
57626,46105,20.49
57626,46137,18.54
57630,46041,100
57631,46021,31.86
57631,46129,68.14
57632,46021,100
57633,46031,30.92
57633,46041,57
57633,46137,12.08
57634,46031,100
57636,46041,100
57638,38001,10.36
57638,38037,0.99
57638,38085,1.46
57638,46031,1.25
57638,46105,85.94
57639,46031,100
57640,46105,100
57641,38085,7.8
57641,46031,92.2
57642,38085,1.88
57642,46031,98.12
57644,46031,8.66
57644,46105,72.84
57644,46137,18.51
57645,38037,17.97
57645,38085,23.5
57645,46031,58.53
57646,46021,100
57648,38029,4.48
57648,46021,95.52
57649,46063,18.89
57649,46105,81.11
57650,46063,100
57651,46063,100
57652,46041,100
57656,46031,4.43
57656,46041,95.57
57657,46031,67
57657,46041,33
57658,46031,100
57660,38037,10.1
57660,38085,13.13
57660,46031,76.77
57661,46041,100
57701,46093,2.54
57701,46103,97.46
57702,46093,1.4
57702,46103,98.6
57703,46103,100
57706,46093,86.01
57706,46103,13.99
57714,46007,100
57716,46007,19.55
57716,46113,80.45
57717,46019,98.5
57717,46063,0.24
57717,46081,0.39
57717,56011,0.87
57718,46093,99.46
57718,46103,0.54
57719,46093,13.88
57719,46103,86.12
57720,46063,100
57722,46033,70.32
57722,46047,8.48
57722,46113,21.2
57724,30011,16.19
57724,46063,83.81
57725,46103,100
57730,46033,97.4
57730,46103,2.6
57732,46081,100
57735,46033,17.11
57735,46047,82.89
57738,46033,100
57741,46093,100
57744,46033,79.98
57744,46103,12.33
57744,46113,7.69
57745,46103,100
57747,46033,8.18
57747,46047,91.82
57748,46093,26.1
57748,46137,73.9
57750,46071,100
57751,46033,1.18
57751,46103,98.82
57752,46007,2.67
57752,46071,10.42
57752,46113,86.9
57754,46081,100
57755,46063,100
57756,46113,100
57758,46093,89.5
57758,46105,10.5
57759,46081,100
57760,46019,98
57760,46063,2
57761,46093,19.17
57761,46103,80.83
57762,46019,100
57763,46047,100
57764,46113,100
57766,46047,100
57767,46093,34.23
57767,46103,65.77
57769,46093,100
57770,46113,100
57772,46113,100
57773,46033,100
57775,46055,21.3
57775,46071,10.43
57775,46103,68.26
57776,46063,100
57779,46081,100
57780,46103,100
57782,46047,100
57783,46019,0.14
57783,46081,99.86
57785,46081,9.27
57785,46093,90.73
57787,46093,100
57788,46019,65.15
57788,46093,34.85
57790,46103,100
57791,46093,42.11
57791,46103,57.89
57792,46093,100
57793,46019,1.57
57793,46081,84.47
57793,46093,13.96
57794,46113,100
57799,46081,100
58001,38077,100
58002,38017,100
58004,38017,100
58005,38017,100
58006,38017,100
58007,38017,100
58008,38077,100
58009,38097,100
58011,38017,100
58012,38017,100
58013,38081,100
58015,38077,100
58016,38091,28.65
58016,38097,71.35
58017,38081,100
58018,38077,100
58021,38017,100
58027,38003,4.6
58027,38017,15.89
58027,38073,79.51
58029,38017,100
58030,38077,100
58031,38003,54.35
58031,38017,45.65
58032,38081,100
58033,38073,100
58035,38017,12.21
58035,38091,11.07
58035,38097,76.72
58036,38017,100
58038,38017,72.59
58038,38097,27.41
58040,38081,100
58041,38077,100
58042,38017,100
58043,38081,100
58045,38097,100
58046,38003,4.63
58046,38017,1.89
58046,38091,93.48
58047,38017,99.66
58047,38077,0.34
58048,38017,91.87
58048,38097,8.13
58049,38003,71.28
58049,38045,9.34
58049,38073,19.38
58051,38017,80.8
58051,38077,19.2
58052,38017,78.31
58052,38073,2.93
58052,38077,18.76
58053,38077,90.86
58053,38081,9.14
58054,38073,100
58056,38003,43.98
58056,38039,8.9
58056,38091,47.12
58057,38073,43.54
58057,38077,56.46
58058,38077,100
58059,38017,100
58060,38073,22.27
58060,38081,77.73
58061,38077,100
58062,38003,72.99
58062,38073,27.01
58063,38003,100
58064,38003,4.22
58064,38017,92.22
58064,38091,3.56
58065,38003,100
58067,38081,100
58068,38073,100
58069,38073,5.11
58069,38081,94.89
58071,38003,17.36
58071,38017,82.64
58072,38003,100
58075,38077,100
58076,38077,100
58077,38077,100
58078,38017,100
58079,38017,100
58081,38077,100
58102,38017,100
58103,38017,100
58104,38017,100
58105,38017,100
58201,38035,100
58202,38035,100
58203,38035,100
58204,38035,100
58205,38035,100
58210,38099,100
58212,38035,4.01
58212,38039,21.52
58212,38063,70.89
58212,38091,3.59
58214,38035,100
58216,38067,100
58218,38097,100
58219,38097,100
58220,38067,100
58222,38067,100
58223,38097,100
58224,38063,100
58225,27069,6.31
58225,38067,84.98
58225,38099,8.71
58227,38019,1.98
58227,38067,25.6
58227,38099,72.42
58228,38035,100
58229,38019,13.16
58229,38071,5.26
58229,38099,81.58
58230,38091,100
58231,38035,32.24
58231,38099,67.76
58233,38035,7.07
58233,38099,92.93
58235,38035,100
58237,38099,100
58238,38067,100
58239,38019,100
58240,38035,9.01
58240,38091,14.26
58240,38097,76.72
58241,38067,100
58243,38067,4.82
58243,38099,95.18
58244,38035,100
58249,38019,100
58250,38099,100
58251,38035,100
58254,38063,100
58256,38035,100
58257,38097,100
58258,38035,100
58259,38063,100
58260,38019,100
58261,38035,6.21
58261,38099,93.79
58262,38067,100
58265,38067,100
58266,38035,87.68
58266,38063,12.32
58267,38035,98.22
58267,38091,1.78
58269,38019,100
58270,38099,100
58271,38067,100
58272,38063,100
58273,38099,100
58274,38091,13.22
58274,38097,86.78
58275,38035,56.07
58275,38097,43.93
58276,38067,100
58277,38091,100
58278,38035,100
58281,38019,100
58282,38019,7.22
58282,38067,92.78
58301,38005,0.36
58301,38071,99.64
58311,38019,100
58316,38079,100
58317,38095,100
58318,38009,100
58321,38063,16.15
58321,38071,65.84
58321,38099,18.01
58323,38019,100
58324,38095,100
58325,38005,47.83
58325,38071,52.17
58327,38071,100
58329,38009,2.26
58329,38079,97.74
58330,38071,100
58331,38095,100
58332,38005,90.94
58332,38069,9.06
58335,38005,100
58338,38019,29.52
58338,38071,70.48
58339,38095,100
58341,38005,0.42
58341,38069,6.2
58341,38083,0.27
58341,38103,93.11
58343,38005,100
58344,38063,97.91
58344,38071,2.09
58345,38071,65.82
58345,38099,34.18
58346,38005,97.85
58346,38095,2.15
58348,38005,96.7
58348,38103,3.3
58351,38005,97.49
58351,38071,2.51
58352,38019,94.02
58352,38095,5.98
58353,38079,100
58355,38019,100
58356,38027,96.4
58356,38031,0.91
58356,38103,2.68
58357,38005,100
58361,38063,100
58362,38071,100
58363,38079,14.46
58363,38095,85.54
58365,38095,100
58366,38079,100
58367,38079,99.3
58367,38095,0.7
58368,38005,1.63
58368,38049,0.87
58368,38069,97.5
58369,38079,100
58370,38005,100
58372,38019,66.04
58372,38095,33.96
58374,38005,43.91
58374,38027,52.66
58374,38103,3.44
58377,38019,4.19
58377,38071,82.93
58377,38095,12.87
58379,38005,100
58380,38005,2.94
58380,38027,31.22
58380,38063,65.84
58381,38005,72.24
58381,38027,27.76
58382,38071,100
58384,38009,58.47
58384,38049,16.94
58384,38069,17.3
58384,38079,7.29
58385,38069,93.33
58385,38079,6.67
58386,38005,81.34
58386,38069,18.66
58401,38093,100
58402,38093,100
58405,38093,100
58413,38021,3.3
58413,38051,96.7
58415,38045,100
58416,38039,100
58418,38043,3.68
58418,38103,96.32
58420,38093,100
58421,38027,0.32
58421,38031,98.28
58421,38093,1.16
58421,38103,0.25
58422,38103,100
58423,38043,14.1
58423,38103,85.9
58424,38093,100
58425,38039,100
58426,38093,100
58428,38043,100
58429,38003,97.76
58429,38039,2.24
58430,38083,100
58431,38045,100
58433,38021,5.59
58433,38045,94.41
58436,38021,100
58438,38103,100
58439,38021,47.74
58439,46089,52.26
58440,38047,70.17
58440,38051,29.83
58441,38021,100
58442,38047,92.89
58442,38093,7.11
58443,38031,100
58444,38083,100
58445,38027,15.63
58445,38031,84.38
58448,38039,100
58451,38103,100
58452,38039,100
58454,38045,76.39
58454,38093,23.61
58455,38031,18.48
58455,38093,81.52
58456,38021,9.94
58456,38045,87
58456,38051,3.06
58458,38021,0.79
58458,38045,99.21
58460,38047,44.78
58460,38051,55.22
58461,38003,75.79
58461,38045,24.21
58463,38083,100
58464,38027,41.32
58464,38031,51.24
58464,38039,7.44
58466,38003,28.17
58466,38045,68.45
58466,38093,3.38
58467,38043,3.3
58467,38093,96.7
58472,38045,34.37
58472,38093,65.63
58474,38021,97.91
58474,38081,2.09
58475,38043,97.33
58475,38093,2.67
58476,38093,100
58477,38015,100
58478,38043,100
58479,38003,100
58480,38003,100
58481,38003,62.87
58481,38093,37.13
58482,38043,100
58483,38043,10
58483,38047,16.76
58483,38093,73.24
58484,38031,16.92
58484,38039,83.08
58486,38093,6.49
58486,38103,93.51
58487,38043,100
58488,38043,100
58490,38045,83.75
58490,38073,16.25
58492,38003,82.95
58492,38039,5.82
58492,38093,11.23
58494,38015,100
58495,38047,6.76
58495,38051,93.24
58496,38093,100
58497,38003,6.13
58497,38093,93.87
58501,38015,100
58503,38015,100
58504,38015,100
58505,38015,100
58520,38037,15.53
58520,38059,84.47
58521,38015,100
58523,38057,97.79
58523,38065,2.21
58524,38029,69
58524,38043,31
58528,38085,100
58529,38037,100
58530,38065,100
58531,38055,100
58532,38015,80.13
58532,38043,19.87
58533,38037,100
58535,38037,16.46
58535,38059,83.54
58538,38085,100
58540,38055,100
58541,38057,100
58542,38029,100
58544,38029,100
58545,38057,97.49
58545,38065,2.51
58549,38029,56.07
58549,38043,4.67
58549,38047,39.25
58552,38029,100
58554,38059,99.63
58554,38065,0.37
58558,38015,100
58559,38055,96.79
58559,38083,3.21
58560,38015,100
58561,38047,100
58562,38001,1.93
58562,38037,83.37
58562,38041,14.7
58563,38059,83.11
58563,38065,16.89
58564,38037,100
58565,38055,100
58566,38059,100
58568,38085,100
58569,38037,100
58570,38059,54.66
58570,38085,45.34
58571,38057,88.72
58571,38065,11.28
58572,38015,100
58573,38029,100
58575,38055,100
58576,38055,100
58577,38055,100
58579,38015,41.09
58579,38055,58.91
58580,38057,100
58581,38051,100
58601,38025,1.64
58601,38089,98.36
58620,38007,6.06
58620,38087,93.94
58621,38033,100
58622,38007,23.51
58622,38089,76.49
58623,38011,95.02
58623,38087,4.68
58623,46063,0.3
58625,38025,85.95
58625,38057,14.05
58626,38025,100
58627,38007,100
58630,38025,16.53
58630,38089,83.47
58631,38037,5.48
58631,38057,3.39
58631,38059,91.13
58632,38033,100
58634,38007,11.16
58634,38053,88.84
58636,38025,96.03
58636,38057,3.97
58638,38025,1.01
58638,38037,0.81
58638,38057,6.45
58638,38059,89.01
58638,38089,2.72
58639,38001,100
58640,38025,100
58641,38089,100
58642,38007,5.69
58642,38025,94.31
58643,38011,11.52
58643,38087,88.48
58645,38007,94.12
58645,38033,5.88
58646,38001,1.23
58646,38041,98.77
58647,38041,78.81
58647,38087,14.36
58647,38089,6.83
58649,38001,90.34
58649,38011,0.62
58649,38041,4.67
58649,46063,4.36
58650,38001,4.07
58650,38041,95.93
58651,38011,78.74
58651,38087,21.26
58652,38025,7.7
58652,38089,92.3
58653,38011,83.36
58653,38087,9.15
58653,46063,7.49
58654,38033,98.96
58654,38087,1.04
58655,38089,100
58656,38025,9.84
58656,38089,90.16
58701,38101,100
58702,38101,0
58703,38101,100
58704,38101,100
58705,38101,100
58707,38101,100
58710,38049,71.64
58710,38069,11.94
58710,38083,16.42
58711,38009,100
58712,38049,100
58713,38049,100
58716,38055,87.07
58716,38101,12.93
58718,38061,11.92
58718,38075,1.83
58718,38101,86.25
58721,38013,97.16
58721,38101,2.84
58722,38101,100
58723,38049,6.36
58723,38055,60.59
58723,38083,33.05
58725,38075,26.39
58725,38101,73.61
58727,38013,100
58730,38023,100
58731,38049,96.33
58731,38101,3.67
58733,38101,100
58734,38061,31.54
58734,38075,11.2
58734,38101,57.26
58735,38055,29.3
58735,38101,70.7
58736,38049,90.71
58736,38083,9.29
58737,38013,100
58740,38009,1.19
58740,38075,76.16
58740,38101,22.65
58741,38049,100
58744,38049,100
58746,38013,5.12
58746,38075,6.17
58746,38101,88.7
58748,38009,95.95
58748,38049,4.05
58750,38009,84.28
58750,38075,15.72
58752,38013,100
58755,38013,10.85
58755,38023,27.91
58755,38105,61.24
58756,38061,6
58756,38101,94
58757,38025,24.42
58757,38053,75.58
58758,38069,15.77
58758,38083,69.82
58758,38103,14.41
58759,38055,62.48
58759,38101,37.52
58760,38009,100
58761,38009,7.7
58761,38075,92.3
58762,38009,90.65
58762,38049,9.35
58763,38053,22.19
58763,38055,0.17
58763,38061,77.64
58765,38023,100
58768,38049,52.13
58768,38101,47.87
58769,38061,100
58770,38055,6.61
58770,38061,93.39
58771,38055,1.32
58771,38061,83.66
58771,38101,15.01
58772,38013,100
58773,38013,81.37
58773,38061,18.63
58775,38055,100
58776,38061,100
58778,38049,6.02
58778,38055,93.98
58779,38055,42.51
58779,38101,57.49
58781,38101,100
58782,38009,3.44
58782,38075,96.56
58783,38009,100
58784,38013,0.82
58784,38061,99.18
58785,38101,100
58787,38075,100
58788,38049,96.44
58788,38069,3.56
58789,38009,3.12
58789,38049,96.88
58790,38049,96.28
58790,38101,3.72
58792,38049,100
58793,38009,100
58794,38061,100
58795,38023,21.72
58795,38105,78.28
58801,38053,0.34
58801,38105,99.66
58830,38023,28.64
58830,38105,71.36
58831,38053,100
58833,38023,100
58835,38053,100
58838,38053,100
58843,38105,100
58844,38023,100
58845,38023,17.25
58845,38105,82.75
58847,38053,100
58849,38105,100
58852,38061,4.4
58852,38105,95.6
58853,38105,100
58854,38025,0.18
58854,38053,99.82
58856,38023,36.64
58856,38105,63.36
59001,30009,3.47
59001,30095,96.53
59002,30111,100
59003,30075,14.74
59003,30087,85.26
59006,30111,100
59007,30009,100
59008,30009,100
59010,30003,47.06
59010,30103,52.94
59011,30097,100
59012,30087,100
59013,30009,100
59014,30009,100
59015,30065,8.33
59015,30095,12.5
59015,30111,79.17
59016,30003,100
59018,30067,100
59019,30009,0.23
59019,30095,99.77
59020,30067,100
59022,30003,100
59024,30003,9.49
59024,30111,90.51
59025,30003,100
59026,30009,100
59027,30067,100
59028,30095,100
59029,30009,100
59030,30067,100
59031,30003,100
59032,30027,96.08
59032,30069,3.92
59033,30097,100
59034,30003,100
59035,30003,100
59036,30107,100
59037,30111,100
59038,30003,3.81
59038,30103,96.19
59039,30087,100
59041,30009,97.44
59041,30111,2.56
59043,30003,22.34
59043,30087,77.66
59044,30009,3.24
59044,30111,96.76
59046,30037,97.69
59046,30065,2.31
59047,30067,100
59050,30003,100
59052,30067,17.99
59052,30097,82.01
59053,30059,53.11
59053,30107,46.89
59054,30065,75.24
59054,30087,24.76
59055,30097,100
59057,30095,24.13
59057,30111,75.87
59058,30033,100
59059,30065,100
59061,30095,100
59062,30075,100
59063,30095,100
59064,30003,10.92
59064,30111,89.08
59065,30067,100
59066,30003,100
59067,30095,100
59068,30009,100
59069,30095,74.62
59069,30097,25.38
59070,30009,100
59071,30009,100
59072,30065,98.99
59072,30069,1.01
59074,30037,100
59075,30003,100
59076,30103,100
59077,30033,100
59078,30037,8.97
59078,30107,91.03
59079,30111,100
59081,30067,100
59082,30067,100
59085,30107,100
59086,30031,9.77
59086,30059,0.83
59086,30067,89.41
59087,30069,100
59088,30111,100
59089,30003,100
59101,30003,0.06
59101,30111,99.94
59102,30111,100
59105,30111,100
59106,30111,100
59201,30055,5.16
59201,30085,91.59
59201,30105,3.25
59211,30091,100
59212,30085,100
59213,30083,9.72
59213,30085,90.28
59214,30055,100
59215,30021,3.88
59215,30055,96.12
59217,30083,100
59218,30083,5.61
59218,30085,94.39
59219,30091,100
59221,30083,74.85
59221,38053,25.15
59222,30019,100
59223,30055,14.84
59223,30105,85.16
59225,30105,100
59226,30085,100
59230,30105,100
59231,30105,100
59240,30105,100
59241,30105,100
59242,30091,100
59243,30083,100
59244,30105,100
59247,30091,100
59248,30105,100
59250,30105,100
59252,30091,100
59253,30019,100
59254,30091,100
59255,30083,1.63
59255,30085,98.37
59256,30091,100
59257,30091,100
59258,30085,23.64
59258,30091,76.36
59259,30021,87.36
59259,30083,12.64
59260,30019,26.36
59260,30105,73.64
59261,30071,92.5
59261,30105,7.5
59262,30021,5.19
59262,30083,94.81
59263,30019,100
59270,30083,98.27
59270,38053,1.73
59274,30055,100
59275,30091,85.64
59275,38023,14.36
59276,30019,100
59301,30017,99.52
59301,30033,0.11
59301,30075,0.19
59301,30087,0.18
59311,30011,100
59312,30033,100
59313,30025,100
59314,30075,100
59315,30021,100
59317,30075,100
59318,30033,100
59322,30033,100
59323,30087,100
59324,30011,100
59326,30021,4.91
59326,30079,95.09
59327,30087,100
59330,30021,99.58
59330,30079,0.42
59332,30011,100
59333,30087,100
59336,30017,73.44
59336,30025,26.56
59337,30033,100
59338,30017,100
59339,30021,100
59343,30075,100
59344,30025,100
59347,30017,0.93
59347,30087,99.07
59349,30017,2.3
59349,30079,97.7
59351,30017,21.5
59351,30075,78.5
59353,30109,100
59354,30025,100
59401,30013,100
59404,30013,99.81
59404,30015,0.19
59405,30013,100
59410,30049,96.25
59410,30099,3.75
59411,30035,100
59412,30013,100
59414,30013,100
59416,30015,20.47
59416,30073,79.53
59417,30035,100
59418,30027,22.11
59418,30045,77.89
59419,30099,100
59420,30015,100
59421,30013,93.12
59421,30049,6.88
59422,30099,100
59424,30027,82.76
59424,30045,17.24
59425,30073,98.37
59425,30099,1.63
59427,30035,100
59430,30027,95.59
59430,30045,4.41
59432,30073,100
59433,30099,100
59434,30035,100
59436,30099,100
59440,30013,40
59440,30015,60
59441,30027,100
59442,30015,100
59443,30013,92.48
59443,30099,7.52
59444,30051,67.04
59444,30101,32.96
59446,30015,100
59447,30045,100
59448,30073,100
59450,30015,100
59451,30027,100
59452,30045,100
59453,30027,18.78
59453,30045,4.7
59453,30107,76.52
59454,30101,100
59456,30051,15.88
59456,30073,8.58
59456,30101,75.54
59457,30027,100
59460,30015,100
59461,30051,100
59462,30045,100
59463,30013,100
59463,30045,0
59464,30027,96
59464,30045,4
59465,30013,100
59466,30101,100
59467,30099,100
59468,30013,14.89
59468,30099,85.11
59469,30045,100
59471,30027,100
59472,30013,100
59474,30101,100
59477,30013,100
59479,30045,100
59480,30013,100
59482,30101,100
59483,30013,100
59484,30101,100
59485,30013,100
59486,30073,100
59487,30013,97.1
59487,30099,2.9
59489,30027,100
59501,30041,100
59520,30015,100
59521,30015,36.35
59521,30041,63.65
59522,30051,100
59523,30005,100
59524,30005,49.47
59524,30071,50.53
59525,30041,100
59526,30005,100
59527,30005,100
59528,30041,100
59529,30005,100
59530,30041,100
59531,30041,1.66
59531,30051,98.34
59532,30041,100
59535,30005,100
59537,30071,100
59538,30071,100
59540,30041,100
59542,30005,100
59544,30071,100
59545,30051,100
59546,30071,100
59547,30005,100
59601,30043,0.06
59601,30049,99.94
59602,30049,100
59631,30043,100
59632,30043,100
59633,30049,100
59634,30043,100
59635,30007,3.16
59635,30043,2.79
59635,30049,94.05
59636,30049,100
59638,30043,100
59639,30049,100
59640,30049,100
59642,30059,100
59643,30007,100
59644,30007,100
59645,30059,100
59647,30007,100
59648,30049,100
59701,30043,0.37
59701,30093,99.63
59703,30093,100
59710,30057,100
59711,30023,95.63
59711,30039,1.82
59711,30093,2.54
59713,30077,100
59714,30031,100
59715,30031,99.82
59715,30067,0.18
59716,30031,75.53
59716,30057,24.47
59718,30031,100
59720,30057,100
59721,30043,46.19
59721,30057,53.81
59722,30023,3.77
59722,30077,96.23
59724,30001,100
59725,30001,99.95
59725,30057,0.05
59727,30001,17.65
59727,30093,82.35
59728,30077,100
59729,30057,100
59730,30031,100
59731,30077,100
59732,30001,71.09
59732,30057,28.91
59733,30077,100
59735,30057,100
59736,30001,100
59739,30001,100
59740,30057,100
59741,30031,100
59743,30001,15.67
59743,30093,84.33
59745,30057,100
59746,30001,100
59747,30057,100
59748,30093,100
59749,30057,100
59750,30093,100
59751,30057,100
59752,30007,16.76
59752,30031,83.21
59752,30043,0.03
59754,30057,100
59755,30057,100
59756,30023,100
59758,30031,100
59759,30043,89.21
59759,30057,9.47
59759,30093,1.32
59760,30031,100
59761,30001,100
59762,30001,71.32
59762,30023,28.68
59801,30063,100
59802,30063,100
59803,30063,100
59804,30063,100
59808,30063,100
59820,30061,51.95
59820,30063,48.05
59821,30047,74.25
59821,30063,24.53
59821,30089,1.22
59823,30063,100
59824,30047,100
59825,30039,8.54
59825,30063,91.46
59826,30063,100
59827,30081,100
59828,30081,100
59829,30081,100
59830,30061,100
59831,30089,100
59832,30039,100
59833,30063,20.17
59833,30081,79.83
59834,30063,100
59837,30039,100
59840,30081,100
59841,30081,100
59842,30061,100
59843,30077,100
59844,30089,100
59845,30029,1.77
59845,30047,3.88
59845,30089,94.35
59846,30063,100
59847,16049,0.92
59847,30063,99.08
59848,30089,100
59851,30063,100
59853,30089,100
59854,30077,100
59855,30047,100
59856,30089,100
59858,30039,100
59859,30089,100
59860,30047,100
59863,30047,100
59864,30047,100
59865,30047,100
59866,30061,100
59867,30061,100
59868,30063,99.9
59868,30077,0.1
59870,30081,100
59871,30081,100
59872,30061,100
59873,30089,100
59874,30089,100
59875,30081,100
59901,30029,100
59910,30047,100
59911,30029,65.6
59911,30047,34.4
59912,30029,100
59913,30029,100
59914,30047,100
59915,30047,100
59916,30029,100
59917,30053,100
59918,30053,100
59919,30029,100
59920,30029,100
59922,30029,97.47
59922,30047,2.53
59923,30053,100
59925,30029,100
59926,30029,100
59927,30029,100
59928,30029,100
59929,30047,100
59930,30053,100
59931,30047,100
59932,30029,100
59933,30053,100
59934,30053,100
59935,30053,100
59936,30029,100
59937,30029,100
60002,17097,100
60004,17031,100
60005,17031,100
60007,17031,100
60007,17043,0
60008,17031,100
60010,17031,44.29
60010,17089,0.31
60010,17097,50.32
60010,17111,5.08
60012,17111,100
60013,17097,3.97
60013,17111,96.03
60014,17111,100
60015,17031,0.64
60015,17097,99.36
60016,17031,100
60018,17031,100
60020,17097,100
60021,17097,8.76
60021,17111,91.24
60022,17031,100
60025,17031,100
60026,17031,100
60029,17031,100
60030,17097,100
60031,17097,100
60033,17007,0.7
60033,17111,99.3
60034,17111,100
60035,17097,100
60040,17097,100
60041,17097,100
60042,17097,44.04
60042,17111,55.96
60043,17031,100
60044,17097,100
60045,17097,100
60046,17097,100
60047,17097,100
60048,17097,100
60050,17097,0.95
60050,17111,99.05
60051,17097,16.39
60051,17111,83.61
60053,17031,100
60056,17031,100
60060,17097,100
60061,17097,100
60062,17031,100
60064,17097,100
60067,17031,100
60068,17031,100
60069,17097,100
60070,17031,100
60071,17111,100
60072,17111,100
60073,17097,100
60074,17031,99.53
60074,17097,0.47
60076,17031,100
60077,17031,100
60081,17097,18.59
60081,17111,81.41
60083,17097,100
60084,17097,100
60085,17097,100
60087,17097,100
60088,17097,100
60089,17031,32.85
60089,17097,67.15
60090,17031,100
60091,17031,100
60093,17031,100
60096,17097,100
60097,17111,100
60098,17111,100
60099,17097,100
60101,17043,100
60102,17089,27.5
60102,17111,72.5
60103,17031,40.27
60103,17043,59.73
60104,17031,100
60106,17043,100
60107,17031,100
60108,17043,100
60109,17089,100
60110,17089,100
60111,17037,100
60112,17037,100
60113,17141,100
60115,17037,100
60118,17089,100
60119,17089,100
60120,17031,49.06
60120,17089,50.94
60123,17089,100
60124,17089,100
60126,17031,0.72
60126,17043,99.28
60129,17037,57.44
60129,17141,42.56
60130,17031,100
60131,17031,100
60133,17031,54.16
60133,17043,45.84
60134,17089,100
60135,17007,0.21
60135,17037,99.75
60135,17111,0.04
60136,17089,100
60137,17043,100
60139,17043,100
60140,17037,0.43
60140,17089,99.57
60141,17031,100
60142,17089,23.89
60142,17111,76.11
60143,17043,100
60144,17089,100
60145,17007,3.12
60145,17037,96.88
60146,17007,2.54
60146,17037,96.79
60146,17141,0.37
60146,17201,0.29
60148,17043,100
60150,17037,100
60151,17037,25.14
60151,17089,74.86
60152,17037,0.23
60152,17111,99.77
60153,17031,100
60154,17031,100
60155,17031,100
60156,17111,100
60157,17043,100
60160,17031,100
60162,17031,100
60163,17031,100
60164,17031,100
60165,17031,100
60169,17031,100
60171,17031,100
60172,17031,16.33
60172,17043,83.67
60173,17031,100
60174,17043,1.77
60174,17089,98.23
60175,17089,100
60176,17031,100
60177,17089,100
60178,17037,99.03
60178,17089,0.97
60180,17111,100
60181,17043,100
60184,17043,64.95
60184,17089,35.05
60185,17043,99.59
60185,17089,0.41
60187,17043,100
60188,17043,100
60189,17043,100
60190,17043,100
60191,17043,100
60192,17031,100
60193,17031,100
60194,17031,100
60195,17031,100
60201,17031,100
60202,17031,100
60203,17031,100
60301,17031,100
60302,17031,100
60304,17031,100
60305,17031,100
60401,17091,1.32
60401,17197,98.68
60402,17031,100
60403,17197,100
60404,17197,100
60406,17031,100
60407,17063,65.26
60407,17197,34.74
60408,17197,100
60409,17031,100
60410,17063,25.92
60410,17197,74.08
60411,17031,100
60415,17031,100
60416,17063,99.76
60416,17197,0.24
60417,17197,100
60419,17031,100
60420,17063,4.08
60420,17105,95.92
60421,17197,100
60422,17031,100
60423,17031,0.08
60423,17197,99.92
60424,17063,99.67
60424,17091,0.33
60425,17031,100
60426,17031,100
60428,17031,100
60429,17031,100
60430,17031,100
60431,17093,19.55
60431,17197,80.45
60432,17197,100
60433,17197,100
60435,17197,100
60436,17197,100
60437,17063,100
60438,17031,100
60439,17031,91.25
60439,17043,6.63
60439,17197,2.12
60440,17043,2.97
60440,17197,97.03
60441,17197,100
60442,17197,100
60443,17031,100
60444,17063,100
60445,17031,100
60446,17197,100
60447,17063,68.12
60447,17093,13.28
60447,17197,18.6
60448,17197,100
60449,17197,100
60450,17063,99.77
60450,17093,0.23
60451,17197,100
60452,17031,100
60453,17031,100
60455,17031,100
60456,17031,100
60457,17031,100
60458,17031,100
60459,17031,100
60460,17105,100
60461,17031,100
60462,17031,100
60463,17031,100
60464,17031,100
60465,17031,100
60466,17031,84.24
60466,17197,15.76
60467,17031,91.12
60467,17197,8.88
60468,17091,1.28
60468,17197,98.72
60469,17031,100
60470,17063,1.79
60470,17099,98.21
60471,17031,99.54
60471,17197,0.46
60472,17031,100
60473,17031,100
60474,17063,100
60475,17031,43.21
60475,17197,56.79
60476,17031,100
60477,17031,99.99
60477,17197,0.01
60478,17031,100
60479,17063,100
60480,17031,100
60481,17063,2.08
60481,17091,0.68
60481,17197,97.25
60482,17031,100
60484,17197,100
60487,17031,71.7
60487,17197,28.3
60490,17197,100
60491,17197,100
60501,17031,100
60502,17043,82.53
60502,17089,17.47
60503,17093,30.98
60503,17197,69.02
60504,17043,75.06
60504,17089,22.45
60504,17093,2.49
60505,17089,100
60506,17089,100
60510,17043,0.73
60510,17089,99.27
60511,17037,1.23
60511,17089,98.77
60512,17093,100
60513,17031,100
60514,17043,100
60515,17043,100
60516,17043,100
60517,17043,100
60518,17037,7.79
60518,17099,87.23
60518,17103,4.97
60519,17043,100
60520,17037,100
60521,17031,12.66
60521,17043,87.34
60523,17043,100
60525,17031,100
60526,17031,100
60527,17031,14.68
60527,17043,85.32
60530,17037,32.82
60530,17103,67.18
60531,17037,9.78
60531,17099,90.22
60532,17043,100
60534,17031,100
60536,17093,100
60537,17093,36.84
60537,17099,63.16
60538,17089,30.27
60538,17093,69.73
60539,17089,100
60540,17043,100
60541,17063,4.42
60541,17093,94.09
60541,17099,1.49
60542,17089,100
60543,17089,0.17
60543,17093,99.8
60543,17197,0.03
60544,17093,0.65
60544,17197,99.35
60545,17093,100
60546,17031,100
60548,17037,64.26
60548,17093,2.63
60548,17099,33.12
60549,17099,100
60550,17037,100
60551,17099,100
60552,17037,46.72
60552,17099,53.28
60553,17103,100
60554,17089,99.87
60554,17093,0.13
60555,17043,100
60556,17037,100
60557,17099,100
60558,17031,100
60559,17043,100
60560,17093,100
60561,17043,100
60563,17043,100
60564,17043,12.48
60564,17197,87.52
60565,17043,62.47
60565,17197,37.53
60585,17093,9.17
60585,17197,90.83
60586,17093,11.54
60586,17197,88.46
60601,17031,100
60602,17031,100
60603,17031,100
60604,17031,100
60605,17031,100
60606,17031,100
60607,17031,100
60608,17031,100
60609,17031,100
60610,17031,100
60611,17031,100
60612,17031,100
60613,17031,100
60614,17031,100
60615,17031,100
60616,17031,100
60617,17031,100
60618,17031,100
60619,17031,100
60620,17031,100
60621,17031,100
60622,17031,100
60623,17031,100
60624,17031,100
60625,17031,100
60626,17031,100
60628,17031,100
60629,17031,100
60630,17031,100
60631,17031,100
60632,17031,100
60633,17031,100
60634,17031,100
60636,17031,100
60637,17031,100
60638,17031,100
60639,17031,100
60640,17031,100
60641,17031,100
60642,17031,100
60643,17031,100
60644,17031,100
60645,17031,100
60646,17031,100
60647,17031,100
60649,17031,100
60651,17031,100
60652,17031,100
60653,17031,100
60654,17031,100
60655,17031,100
60656,17031,100
60657,17031,100
60659,17031,100
60660,17031,100
60661,17031,100
60706,17031,100
60707,17031,100
60712,17031,100
60714,17031,100
60803,17031,100
60804,17031,100
60805,17031,100
60827,17031,100
60901,17091,100
60910,17091,100
60911,17075,100
60912,17075,100
60913,17091,100
60914,17091,100
60915,17091,100
60917,17053,2.61
60917,17091,93.9
60917,17105,3.48
60918,17075,100
60919,17053,62.19
60919,17091,19.71
60919,17105,18.1
60920,17105,100
60921,17053,1.25
60921,17105,98.75
60922,17075,44.73
60922,17091,55.27
60924,17075,100
60926,17075,100
60927,17075,100
60928,17075,100
60929,17053,3.84
60929,17105,96.16
60930,17075,100
60931,17075,100
60932,17183,100
60933,17053,100
60934,17105,100
60935,17091,100
60936,17019,0.28
60936,17053,99.28
60936,17113,0.44
60938,17075,100
60940,17091,98.13
60940,17197,1.87
60941,17075,2.21
60941,17091,97.79
60942,17075,3.11
60942,17183,96.89
60945,17075,100
60946,17053,89.44
60946,17105,10.56
60948,17053,6.72
60948,17075,93.28
60949,17019,95.28
60949,17053,4.72
60950,17091,99.42
60950,17197,0.58
60951,17075,100
60952,17053,99.27
60952,17105,0.73
60953,17075,100
60954,17091,100
60955,17075,100
60957,17019,1.8
60957,17053,98.2
60958,17091,100
60959,17053,98.15
60959,17105,1.85
60960,17019,0.66
60960,17053,16.92
60960,17075,3.29
60960,17183,79.14
60961,17063,0.57
60961,17091,84.14
60961,17105,15.29
60962,17053,100
60963,17183,100
60964,17075,6.92
60964,17091,93.08
60966,17075,100
60968,17053,17.78
60968,17075,82.22
60969,17091,100
60970,17075,100
60973,17075,100
60974,17075,100
61001,17085,100
61006,17103,86.36
61006,17141,13.64
61007,17141,64.98
61007,17177,35.02
61008,17007,99.43
61008,17201,0.57
61010,17141,100
61011,17007,58.27
61011,17201,41.73
61012,17007,100
61013,17177,100
61014,17015,88.06
61014,17195,11.94
61015,17141,100
61016,17007,11.56
61016,17201,88.44
61018,17177,100
61019,17177,61.01
61019,17201,38.99
61020,17141,98.17
61020,17201,1.83
61021,17103,93.66
61021,17141,6.34
61024,17201,100
61025,17085,100
61027,17177,100
61028,17085,100
61030,17141,100
61031,17103,97.95
61031,17141,2.05
61032,17177,100
61036,17085,100
61037,17195,100
61038,17007,93.35
61038,17111,6.65
61039,17141,13.59
61039,17177,86.41
61041,17085,100
61042,17103,100
61043,17141,100
61044,17085,22.84
61044,17177,77.16
61046,17015,100
61047,17141,96.43
61047,17177,0.7
61047,17201,2.86
61048,17085,2
61048,17177,98
61049,17141,100
61050,17177,100
61051,17015,97.9
61051,17141,2.1
61052,17141,100
61053,17015,96.74
61053,17085,3.26
61054,17141,100
61057,17103,100
61059,17085,100
61060,17177,100
61061,17141,100
61062,17015,0.1
61062,17085,1.61
61062,17177,98.29
61063,17177,5.49
61063,17201,94.51
61064,17103,0.18
61064,17141,99.33
61064,17195,0.49
61065,17007,100
61067,17177,100
61068,17037,0.22
61068,17103,0.48
61068,17141,99.29
61070,17177,100
61071,17103,0.65
61071,17195,99.35
61072,17201,100
61073,17007,0.54
61073,17201,99.46
61074,17015,99.41
61074,17085,0.59
61075,17085,100
61077,17201,100
61078,17015,85.59
61078,17141,7.86
61078,17177,6.55
61079,17201,100
61080,17007,2.14
61080,17201,97.86
61081,17103,2.38
61081,17195,97.62
61084,17141,96.28
61084,17201,3.72
61085,17085,100
61087,17085,99.52
61087,17177,0.48
61088,17201,100
61089,17177,100
61091,17141,100
61101,17201,100
61102,17141,1.01
61102,17201,98.99
61103,17201,100
61104,17201,100
61107,17007,1.75
61107,17201,98.25
61108,17201,100
61109,17141,0.06
61109,17201,99.94
61111,17007,6.81
61111,17201,93.19
61112,17201,100
61114,17007,2.84
61114,17201,97.16
61115,17201,100
61201,17161,100
61230,17195,100
61231,17131,100
61232,17161,100
61234,17073,100
61235,17073,100
61236,17161,100
61238,17073,100
61239,17161,100
61240,17073,18.11
61240,17161,81.89
61241,17073,100
61242,17161,100
61243,17195,100
61244,17161,100
61250,17073,1.13
61250,17195,98.87
61251,17195,100
61252,17015,0.17
61252,17195,99.83
61254,17073,100
61256,17161,100
61257,17161,100
61258,17073,100
61259,17161,100
61260,17131,97.2
61260,17161,2.8
61261,17195,100
61262,17073,87.79
61262,17131,12.21
61263,17131,100
61264,17131,1.06
61264,17161,98.94
61265,17161,100
61270,17195,100
61272,17131,99.73
61272,17161,0.27
61273,17073,94.69
61273,17161,5.31
61274,17073,100
61275,17161,100
61276,17131,100
61277,17073,11.3
61277,17195,88.7
61278,17161,100
61279,17131,28.37
61279,17161,71.63
61281,17131,97.61
61281,17161,2.39
61282,17161,100
61283,17011,22.68
61283,17195,77.32
61284,17161,100
61285,17015,100
61301,17099,100
61310,17103,100
61311,17105,100
61312,17011,100
61313,17105,100
61314,17011,100
61315,17011,100
61316,17099,100
61317,17011,100
61318,17103,100
61319,17105,100
61320,17011,100
61321,17099,100
61322,17011,100
61323,17011,100
61324,17103,100
61325,17099,100
61326,17155,100
61327,17155,100
61328,17011,100
61329,17011,100
61330,17011,96.22
61330,17103,3.78
61331,17103,100
61332,17099,100
61333,17105,100
61334,17099,96.36
61334,17155,3.64
61335,17155,100
61336,17123,21.34
61336,17155,78.66
61337,17011,100
61338,17011,100
61340,17155,100
61341,17099,100
61342,17011,0.53
61342,17099,98.95
61342,17103,0.52
61344,17011,97.06
61344,17073,2.94
61345,17011,94.92
61345,17175,5.08
61346,17011,100
61348,17099,100
61349,17011,87.31
61349,17103,12.69
61350,17099,100
61353,17103,100
61354,17011,0.46
61354,17099,99.46
61354,17155,0.08
61356,17011,100
61358,17099,78.66
61358,17123,21.34
61359,17011,100
61360,17063,3.8
61360,17099,96.2
61361,17011,98.01
61361,17073,1.99
61362,17011,100
61363,17155,100
61364,17099,89.64
61364,17105,10.36
61367,17103,100
61368,17011,100
61369,17123,100
61370,17099,100
61372,17099,100
61373,17099,100
61374,17011,100
61375,17123,100
61376,17011,95.92
61376,17103,4.08
61377,17099,16.13
61377,17123,83.87
61378,17103,100
61379,17011,100
61401,17095,99.3
61401,17187,0.7
61410,17095,96.96
61410,17187,3.04
61411,17109,100
61412,17131,45.04
61412,17187,54.96
61413,17073,100
61414,17073,7.61
61414,17095,92.39
61415,17057,68.12
61415,17187,31.88
61416,17109,100
61417,17187,100
61418,17071,100
61419,17073,100
61420,17067,7.4
61420,17071,0.56
61420,17109,92.03
61421,17011,14.51
61421,17123,4.31
61421,17175,81.18
61422,17109,100
61423,17187,100
61424,17123,100
61425,17071,100
61426,17175,100
61427,17057,100
61428,17095,100
61430,17095,100
61431,17057,100
61432,17057,100
61433,17057,100
61434,17073,94.6
61434,17095,5.07
61434,17175,0.33
61435,17187,100
61436,17095,100
61437,17071,100
61438,17109,100
61439,17095,100
61440,17109,94.52
61440,17169,5.48
61441,17057,100
61442,17071,7.74
61442,17131,92.26
61443,17011,0.11
61443,17073,99.71
61443,17175,0.18
61447,17071,6.6
61447,17187,93.4
61448,17095,100
61449,17095,25
61449,17175,75
61450,17067,96.61
61450,17071,1.89
61450,17109,1.49
61451,17143,91.35
61451,17175,8.65
61452,17169,100
61453,17071,25.1
61453,17187,74.9
61454,17071,100
61455,17109,100
61458,17095,100
61459,17057,81.76
61459,17109,18.24
61460,17071,100
61462,17071,0.38
61462,17187,99.62
61465,17073,5.28
61465,17131,94.72
61466,17131,100
61467,17095,100
61468,17073,100
61469,17071,100
61470,17109,100
61471,17071,100
61472,17095,100
61473,17187,100
61474,17095,95.89
61474,17187,4.11
61475,17109,92.68
61475,17187,7.32
61476,17071,8.35
61476,17131,91.65
61477,17057,100
61478,17071,9.31
61478,17187,90.69
61479,17123,41.21
61479,17175,58.79
61480,17071,100
61482,17057,92.92
61482,17109,7.08
61483,17175,100
61484,17057,93.58
61484,17109,4.97
61484,17169,1.45
61485,17095,100
61486,17131,100
61488,17095,100
61489,17095,99.33
61489,17143,0.67
61490,17073,97.16
61490,17095,2.84
61491,17123,3.05
61491,17175,96.95
61501,17057,100
61516,17203,100
61517,17143,100
61519,17057,100
61520,17057,100
61523,17123,0.48
61523,17143,99.52
61524,17057,100
61525,17143,100
61526,17123,6.07
61526,17143,93.93
61528,17143,100
61529,17095,1.18
61529,17143,98.82
61530,17179,0.13
61530,17203,99.87
61531,17057,95.86
61531,17095,1.24
61531,17143,2.9
61532,17125,100
61533,17057,9.48
61533,17143,90.52
61534,17179,100
61535,17179,100
61536,17143,100
61537,17011,1.01
61537,17123,98.99
61539,17143,100
61540,17123,100
61541,17123,100
61542,17057,100
61543,17057,100
61544,17057,86.96
61544,17095,13.04
61545,17203,100
61546,17125,55.82
61546,17179,44.18
61547,17143,100
61548,17203,100
61550,17179,100
61552,17143,100
61553,17057,100
61554,17179,100
61559,17143,97.87
61559,17175,2.13
61560,17011,1.19
61560,17155,98.81
61561,17203,100
61562,17143,100
61563,17057,100
61564,17179,100
61565,17123,96.81
61565,17143,3.19
61567,17125,100
61568,17179,100
61569,17057,0.57
61569,17143,99.43
61570,17123,20.86
61570,17203,79.14
61571,17179,100
61572,17095,100
61602,17143,100
61603,17143,100
61604,17143,100
61605,17143,100
61606,17143,100
61607,17143,100
61610,17179,100
61611,17179,84.55
61611,17203,15.45
61614,17143,100
61615,17143,100
61616,17143,100
61625,17143,100
61701,17113,100
61704,17113,100
61705,17113,100
61720,17113,100
61721,17107,4.24
61721,17179,95.76
61722,17113,100
61723,17107,99.05
61723,17113,0.95
61724,17113,100
61725,17113,62.18
61725,17203,37.82
61726,17105,9.04
61726,17113,90.96
61727,17039,100
61728,17113,100
61729,17113,1.21
61729,17203,98.79
61730,17113,100
61731,17053,9.64
61731,17105,19.64
61731,17113,70.71
61732,17113,96.28
61732,17179,3.72
61733,17179,85.85
61733,17203,14.15
61734,17179,100
61735,17039,100
61736,17113,100
61737,17113,100
61738,17113,0.78
61738,17203,99.22
61739,17105,99.82
61739,17113,0.18
61740,17105,100
61741,17105,100
61742,17179,16.78
61742,17203,83.22
61743,17105,100
61744,17105,9.8
61744,17113,89.22
61744,17203,0.98
61745,17039,1.79
61745,17113,98.21
61747,17179,100
61748,17113,99.03
61748,17203,0.97
61749,17039,92.09
61749,17107,4.14
61749,17115,3.78
61750,17039,100
61751,17107,100
61752,17039,0.92
61752,17113,99.08
61753,17113,100
61754,17039,4.52
61754,17107,2.85
61754,17113,92.62
61755,17179,100
61756,17039,6.25
61756,17115,93.75
61759,17179,100
61760,17123,2.2
61760,17203,97.8
61761,17113,100
61764,17105,100
61769,17105,100
61770,17113,100
61771,17203,100
61772,17113,100
61773,17053,100
61774,17113,100
61775,17105,100
61776,17113,100
61777,17039,100
61778,17039,100
61801,17019,100
61802,17019,100
61810,17019,3.88
61810,17045,2.22
61810,17183,93.91
61811,17183,100
61812,17183,100
61813,17147,100
61814,17183,100
61815,17019,100
61816,17019,100
61817,17183,100
61818,17115,3.66
61818,17147,96.34
61820,17019,100
61821,17019,100
61822,17019,100
61830,17115,9.41
61830,17147,90.59
61831,17183,100
61832,17183,100
61833,17183,100
61834,17183,100
61839,17147,100
61840,17019,100
61841,17183,100
61842,17039,93.77
61842,17113,2.61
61842,17147,3.62
61843,17019,98.35
61843,17113,1.65
61844,17183,100
61845,17019,92.86
61845,17053,7.14
61846,17183,100
61847,17019,100
61848,17183,100
61849,17019,90.99
61849,17183,9.01
61850,17183,100
61851,17019,96.79
61851,17147,3.21
61852,17019,93.87
61852,17041,6.13
61853,17019,99.17
61853,17147,0.83
61854,17147,100
61855,17147,100
61856,17147,100
61857,17183,100
61858,17183,100
61859,17019,97.76
61859,17183,2.24
61862,17019,92.75
61862,17183,7.25
61863,17019,100
61864,17019,100
61865,17183,100
61866,17019,100
61870,17045,3.39
61870,17183,96.61
61871,17019,100
61872,17019,97.24
61872,17041,2.76
61873,17019,100
61874,17019,100
61875,17019,100
61876,17045,6
61876,17183,94
61877,17019,100
61878,17019,100
61880,17019,100
61882,17039,97.48
61882,17115,2.52
61883,17183,100
61884,17019,3.86
61884,17147,96.14
61910,17029,5.29
61910,17041,94.71
61911,17029,0.97
61911,17041,61.23
61911,17139,37.8
61912,17029,100
61913,17041,56.77
61913,17147,43.23
61914,17139,97.19
61914,17173,2.81
61917,17041,2.37
61917,17045,97.63
61919,17041,100
61920,17029,100
61924,17045,100
61925,17115,34.1
61925,17139,65.9
61928,17029,20.74
61928,17139,64.46
61928,17173,14.8
61929,17147,100
61930,17029,5.44
61930,17041,94.56
61931,17029,100
61932,17045,100
61933,17023,2.8
61933,17029,0.53
61933,17045,96.67
61936,17147,100
61937,17115,2.03
61937,17139,97.97
61938,17029,100
61940,17045,100
61941,17041,100
61942,17041,97.59
61942,17045,2.41
61943,17029,86.01
61943,17041,9.84
61943,17045,4.15
61944,17023,0.08
61944,17045,99.92
61949,17045,100
61951,17029,0.37
61951,17139,99.63
61953,17041,100
61955,17045,100
61956,17019,1.58
61956,17041,98.42
61957,17139,3.8
61957,17173,96.2
62001,17119,100
62002,17117,0.78
62002,17119,99.22
62006,17013,100
62009,17117,100
62010,17119,100
62011,17051,100
62012,17083,42.64
62012,17117,53.07
62012,17119,4.3
62013,17013,100
62014,17117,100
62015,17135,100
62016,17061,100
62017,17135,100
62018,17119,100
62019,17005,34.9
62019,17135,65.1
62021,17119,100
62022,17083,100
62023,17117,100
62024,17119,100
62025,17119,100
62027,17061,100
62028,17083,100
62030,17083,100
62031,17083,100
62032,17051,2.54
62032,17135,97.46
62033,17117,100
62034,17119,100
62035,17083,6.18
62035,17119,93.82
62036,17013,100
62037,17083,100
62040,17119,100
62044,17061,94.72
62044,17117,5.28
62045,17013,100
62046,17119,100
62047,17013,100
62048,17119,100
62049,17135,100
62050,17061,100
62051,17135,100
62052,17083,100
62053,17013,100
62054,17061,86.35
62054,17083,13.65
62056,17117,3.09
62056,17135,96.91
62058,17119,100
62059,17163,100
62060,17119,100
62060,17163,0
62061,17119,100
62062,17119,100
62063,17083,33.2
62063,17117,66.8
62065,17013,100
62067,17119,100
62069,17117,99.79
62069,17135,0.21
62070,17013,100
62074,17005,12.14
62074,17117,8.83
62074,17119,77.64
62074,17135,1.38
62075,17021,3.96
62075,17051,0.17
62075,17135,95.86
62076,17135,100
62077,17005,40.63
62077,17135,59.37
62078,17061,100
62079,17083,44.53
62079,17117,55.47
62080,17051,98.01
62080,17135,1.99
62081,17061,100
62082,17061,93.66
62082,17171,6.34
62083,17021,84.75
62083,17135,15.25
62084,17119,100
62085,17117,100
62086,17005,91.93
62086,17135,8.07
62087,17119,100
62088,17117,89.93
62088,17119,10.07
62089,17135,100
62090,17119,100
62091,17135,100
62092,17061,100
62093,17117,100
62094,17135,100
62095,17119,100
62097,17119,100
62098,17061,100
62201,17119,2.09
62201,17163,97.91
62203,17163,100
62204,17163,100
62205,17163,100
62206,17163,100
62207,17163,100
62208,17163,100
62214,17189,100
62215,17027,100
62216,17027,100
62217,17157,100
62218,17027,100
62219,17027,100
62220,17163,100
62221,17163,100
62223,17163,100
62225,17163,100
62226,17163,100
62230,17027,100
62231,17027,100
62232,17163,100
62233,17157,100
62234,17119,86.81
62234,17163,13.19
62236,17133,95.48
62236,17163,4.52
62237,17145,29.56
62237,17157,54.34
62237,17189,16.1
62238,17145,100
62239,17163,100
62240,17163,100
62241,17157,100
62242,17157,100
62243,17163,100
62244,17133,100
62245,17027,100
62246,17005,100
62248,17133,100
62249,17027,1.47
62249,17119,98.53
62250,17027,100
62253,17005,59.77
62253,17027,34.48
62253,17051,5.75
62254,17163,100
62255,17163,100
62257,17157,0.9
62257,17163,85.91
62257,17189,13.19
62258,17163,100
62260,17163,100
62261,17157,100
62262,17005,78.67
62262,17051,21.33
62263,17145,1.39
62263,17189,98.61
62264,17133,3.48
62264,17163,96.52
62265,17027,93.5
62265,17163,6.5
62266,17027,100
62268,17145,2.71
62268,17189,97.29
62269,17163,100
62271,17189,100
62272,17145,17.74
62272,17157,82.26
62273,17005,100
62274,17145,100
62275,17005,75.84
62275,17027,6.19
62275,17119,17.98
62277,17133,19.33
62277,17157,80.67
62278,17133,21.69
62278,17157,78.31
62279,17133,100
62280,17077,43.24
62280,17157,56.76
62281,17119,100
62282,17163,100
62284,17005,100
62285,17163,100
62286,17157,100
62288,17157,100
62289,17163,100
62292,17157,100
62293,17027,81.82
62293,17119,8.36
62293,17163,9.81
62294,17119,99.31
62294,17163,0.69
62295,17133,100
62297,17157,100
62298,17133,96.32
62298,17163,3.68
62301,17001,100
62305,17001,100
62311,17001,3.37
62311,17067,86.74
62311,17169,9.88
62312,17001,10.41
62312,17149,89.59
62313,17067,100
62314,17001,11.78
62314,17149,88.22
62316,17001,0.3
62316,17067,99.7
62319,17169,100
62320,17001,100
62321,17067,100
62323,17009,2.76
62323,17149,97.24
62324,17001,97.87
62324,17009,2.13
62325,17001,100
62326,17067,1.13
62326,17109,98.87
62330,17067,86.83
62330,17071,13.17
62334,17067,100
62336,17067,100
62338,17001,100
62339,17001,100
62340,17149,100
62341,17067,100
62343,17001,5.48
62343,17149,94.52
62344,17169,100
62345,17149,100
62346,17001,78.65
62346,17169,21.35
62347,17001,100
62348,17001,100
62349,17001,99.69
62349,17067,0.31
62351,17001,94.4
62351,17067,5.6
62352,17149,100
62353,17009,99.96
62353,17169,0.04
62354,17067,100
62355,17013,24.27
62355,17149,75.73
62356,17149,100
62357,17149,100
62358,17067,100
62359,17001,100
62360,17001,100
62361,17149,100
62362,17149,100
62363,17149,100
62365,17001,100
62366,17013,0
62366,17149,100
62367,17067,52.04
62367,17109,32.79
62367,17169,15.17
62370,17149,100
62373,17067,100
62374,17067,29.19
62374,17109,70.81
62375,17009,100
62376,17001,100
62378,17009,100
62379,17001,0.68
62379,17067,99.32
62380,17067,100
62401,17049,99.6
62401,17173,0.4
62410,17185,100
62411,17049,99.35
62411,17051,0.65
62413,17023,5.7
62413,17033,94.3
62414,17049,42.58
62414,17051,44.17
62414,17173,13.26
62417,17101,100
62418,17051,100
62419,17159,100
62420,17023,88.91
62420,17029,1.43
62420,17035,9.39
62420,17079,0.27
62421,17033,1.29
62421,17159,98.71
62422,17051,11.42
62422,17173,88.58
62423,17023,84.94
62423,17045,15.06
62424,17049,96.8
62424,17079,3.2
62425,17079,6.01
62425,17159,93.99
62426,17025,27.56
62426,17049,56.68
62426,17051,15.76
62427,17033,82.37
62427,17101,17.63
62428,17035,100
62431,17051,35.31
62431,17173,64.69
62432,17079,100
62433,17033,100
62434,17025,69.39
62434,17079,30.61
62436,17035,77.76
62436,17079,22.24
62438,17173,100
62439,17101,100
62440,17029,82.22
62440,17035,17.78
62441,17023,97.4
62441,17045,2.6
62442,17023,98.76
62442,17033,1.24
62443,17025,10.29
62443,17049,89.71
62444,17173,100
62445,17035,45.87
62445,17049,25.47
62445,17079,28.67
62446,17191,100
62447,17029,0.26
62447,17035,82.29
62447,17173,17.45
62448,17025,0.86
62448,17079,97.34
62448,17159,1.8
62449,17023,0.38
62449,17033,95.02
62449,17079,4.6
62450,17159,99.94
62450,17191,0.06
62451,17033,100
62452,17159,100
62454,17033,100
62458,17049,3.28
62458,17051,96.72
62459,17079,100
62460,17101,97.97
62460,17185,2.03
62461,17049,89.7
62461,17173,10.3
62462,17035,36.99
62462,17173,63.01
62463,17173,100
62465,17173,100
62466,17033,1.79
62466,17101,97.5
62466,17159,0.7
62467,17035,7.03
62467,17049,90.56
62467,17079,2.41
62468,17035,100
62469,17029,18.62
62469,17035,81.38
62471,17051,100
62473,17049,100
62474,17023,85.61
62474,17029,14.39
62475,17079,100
62476,17047,87.77
62476,17185,12.23
62477,17023,100
62478,17023,36.43
62478,17033,63.57
62479,17079,100
62480,17079,100
62481,17035,4.15
62481,17079,95.85
62501,17115,100
62510,17021,86.1
62510,17173,13.9
62512,17039,6.2
62512,17107,93.8
62513,17021,13.59
62513,17115,86.41
62514,17115,100
62515,17167,100
62517,17021,100
62518,17107,100
62519,17107,100
62520,17167,100
62521,17115,100
62522,17115,100
62523,17115,100
62526,17115,100
62530,17167,100
62531,17021,100
62532,17115,100
62533,17135,100
62534,17139,1.33
62534,17173,98.67
62535,17115,100
62536,17167,100
62537,17115,100
62538,17021,25.4
62538,17135,74.6
62539,17115,4.2
62539,17167,95.8
62540,17021,100
62541,17107,100
62543,17107,93.33
62543,17115,6.67
62544,17115,100
62545,17021,23.35
62545,17167,76.65
62546,17021,96.13
62546,17135,3.87
62547,17021,97.39
62547,17115,2.61
62548,17107,99.91
62548,17167,0.09
62549,17115,100
62550,17021,13.87
62550,17115,1.57
62550,17173,84.56
62551,17115,100
62553,17135,13.27
62553,17173,86.73
62554,17115,100
62555,17021,100
62556,17021,100
62557,17021,90.67
62557,17135,0.76
62557,17173,8.57
62558,17021,4.32
62558,17135,0.78
62558,17167,94.9
62560,17117,1.99
62560,17135,98.01
62561,17167,100
62563,17021,0.98
62563,17167,99.02
62565,17173,100
62567,17021,100
62568,17021,100
62570,17021,100
62571,17173,100
62572,17117,37.54
62572,17135,62.46
62573,17115,100
62601,17137,100
62610,17171,100
62611,17017,77.98
62611,17137,22.02
62612,17017,81.83
62612,17137,18.17
62613,17107,0.49
62613,17129,98.48
62613,17167,1.03
62615,17167,100
62617,17125,100
62618,17017,100
62621,17137,1.79
62621,17171,98.21
62622,17017,100
62624,17169,100
62625,17167,100
62626,17117,100
62627,17017,75.2
62627,17125,24.8
62628,17137,95.2
62628,17171,4.8
62629,17167,100
62630,17061,1.13
62630,17117,98.87
62631,17137,100
62633,17125,100
62634,17107,100
62635,17107,98.1
62635,17179,1.9
62638,17117,1.2
62638,17137,98.8
62639,17169,100
62640,17117,99.09
62640,17135,0.91
62642,17129,100
62643,17107,100
62644,17057,2.53
62644,17125,97.47
62649,17117,100
62650,17137,99.7
62650,17171,0.3
62655,17125,100
62656,17107,100
62661,17167,100
62663,17171,100
62664,17125,100
62665,17137,89.38
62665,17171,10.62
62666,17107,89.94
62666,17129,10.06
62667,17117,97.84
62667,17137,2.16
62668,17137,94.78
62668,17171,5.22
62670,17137,1.7
62670,17167,98.3
62671,17107,93.71
62671,17125,6.29
62672,17117,100
62673,17017,12.26
62673,17129,87.74
62674,17117,100
62675,17129,100
62677,17129,0.39
62677,17167,99.61
62681,17169,100
62682,17107,35.61
62682,17125,62.95
62682,17179,1.43
62684,17167,100
62685,17117,100
62688,17129,100
62689,17167,100
62690,17117,91.92
62690,17135,1.26
62690,17167,6.82
62691,17017,100
62692,17137,89.11
62692,17167,10.89
62693,17107,3.17
62693,17167,96.83
62694,17137,1.57
62694,17171,98.43
62695,17137,100
62701,17167,100
62702,17167,100
62703,17167,100
62704,17167,100
62707,17167,100
62711,17167,100
62712,17167,100
62801,17027,25.96
62801,17081,1.88
62801,17121,70.1
62801,17189,2.07
62803,17189,100
62806,17047,100
62807,17121,100
62808,17081,19.56
62808,17189,80.44
62809,17191,100
62810,17065,3.03
62810,17081,96.24
62810,17191,0.73
62811,17185,100
62812,17055,100
62814,17081,86.82
62814,17191,13.18
62815,17047,100
62816,17081,100
62817,17065,100
62818,17047,78.18
62818,17185,21.82
62819,17055,100
62820,17191,22.84
62820,17193,77.16
62821,17193,100
62822,17055,100
62823,17191,100
62824,17025,94.43
62824,17191,5.57
62825,17055,100
62827,17193,100
62828,17065,100
62829,17065,100
62830,17081,98.06
62830,17121,1.94
62831,17145,12.39
62831,17189,87.61
62832,17077,0.76
62832,17145,99.24
62833,17047,43.34
62833,17191,56.66
62835,17065,3.13
62835,17193,96.88
62836,17055,100
62837,17191,100
62838,17025,28.66
62838,17049,0.6
62838,17051,69.74
62838,17121,1
62839,17025,100
62841,17199,100
62842,17191,100
62843,17191,100
62844,17047,45.46
62844,17193,54.54
62846,17081,100
62848,17189,100
62849,17121,100
62850,17191,100
62851,17081,4.26
62851,17121,1.22
62851,17191,94.53
62852,17185,100
62853,17121,100
62854,17025,1.3
62854,17121,98.7
62856,17055,100
62858,17025,98.89
62858,17049,1.11
62859,17065,100
62860,17055,66.03
62860,17065,33.97
62861,17193,100
62862,17193,100
62863,17185,100
62864,17081,100
62865,17055,100
62867,17059,88.29
62867,17193,11.71
62868,17025,6.36
62868,17159,90.54
62868,17191,3.1
62869,17059,0.41
62869,17065,0.48
62869,17165,0.41
62869,17193,98.7
62870,17121,100
62871,17059,100
62872,17081,100
62874,17055,100
62875,17027,1.89
62875,17051,16.37
62875,17121,81.75
62876,17189,100
62877,17081,3.89
62877,17189,96.11
62878,17191,100
62879,17025,100
62880,17051,100
62881,17121,100
62882,17027,1.93
62882,17121,98.07
62883,17055,17.09
62883,17081,70.05
62883,17145,12.86
62884,17055,100
62885,17051,100
62886,17191,100
62887,17065,36.95
62887,17193,63.05
62888,17145,100
62889,17081,81.32
62889,17121,18.68
62890,17055,67.07
62890,17065,6.7
62890,17165,4.23
62890,17199,22
62891,17055,100
62892,17051,11.04
62892,17121,88.96
62893,17081,40.63
62893,17121,59.37
62894,17081,100
62895,17065,4.2
62895,17191,95.8
62896,17055,93.88
62896,17199,6.12
62897,17055,100
62898,17081,100
62899,17025,67.31
62899,17191,32.69
62901,17077,96.5
62901,17199,3.5
62902,17077,76.45
62902,17181,0.15
62902,17199,23.39
62903,17077,100
62905,17077,10.49
62905,17181,89.51
62906,17181,100
62907,17077,99.63
62907,17157,0.37
62908,17087,46.9
62908,17127,53.1
62910,17127,90.05
62910,17151,9.95
62912,17087,53.27
62912,17181,46.73
62914,17003,100
62915,17199,100
62916,17077,84.12
62916,17145,4.72
62916,17157,11.16
62917,17165,94.75
62917,17199,5.25
62918,17199,100
62919,17069,100
62920,17181,100
62921,17199,100
62922,17087,20.74
62922,17199,79.26
62923,17087,88.03
62923,17153,7.92
62923,17181,4.05
62924,17077,86.12
62924,17199,13.88
62926,17153,10.47
62926,17181,89.53
62927,17077,100
62928,17151,100
62930,17059,0.34
62930,17165,99.66
62931,17059,2.86
62931,17069,97.14
62932,17077,100
62933,17199,100
62934,17059,84.14
62934,17165,15.86
62935,17065,0.36
62935,17165,99.64
62938,17069,5.41
62938,17151,94.59
62939,17087,95.22
62939,17181,1.67
62939,17199,3.11
62940,17077,100
62941,17127,27.1
62941,17153,72.9
62942,17077,100
62943,17087,68.95
62943,17127,22.38
62943,17151,8.67
62946,17151,0.53
62946,17165,99.47
62947,17069,55.47
62947,17151,31.91
62947,17165,12.62
62948,17199,100
62949,17199,100
62950,17077,100
62951,17199,100
62952,17003,0.98
62952,17181,99.02
62953,17127,100
62954,17059,100
62956,17127,30.96
62956,17153,69.04
62957,17003,98.19
62957,17181,1.81
62958,17077,82.71
62958,17181,7.21
62958,17199,10.08
62959,17199,100
62960,17127,99.91
62960,17151,0.09
62961,17181,100
62962,17003,100
62963,17153,100
62964,17153,100
62965,17165,100
62966,17077,100
62967,17087,100
62969,17003,100
62970,17153,100
62972,17087,93.11
62972,17151,6.89
62974,17199,100
62975,17077,100
62976,17153,100
62977,17165,100
62979,17059,100
62982,17069,100
62983,17055,100
62984,17059,100
62985,17087,51.72
62985,17151,48.28
62987,17151,18.65
62987,17165,44.04
62987,17199,37.31
62988,17003,100
62990,17003,100
62992,17003,4.65
62992,17153,95.35
62994,17077,100
62995,17087,100
62996,17153,100
62997,17145,100
62998,17181,100
62999,17055,100
63005,29189,100
63010,29099,100
63011,29189,100
63012,29099,100
63013,29071,100
63014,29071,88.32
63014,29073,11.68
63015,29071,78.56
63015,29099,21.44
63016,29099,100
63017,29189,100
63019,29099,100
63020,29099,99.77
63020,29221,0.23
63021,29189,100
63023,29099,100
63025,29099,19.37
63025,29189,80.63
63026,29099,45.55
63026,29189,54.45
63028,29099,97.57
63028,29186,2.43
63030,29221,100
63031,29189,100
63033,29189,100
63034,29189,100
63036,29186,16.54
63036,29187,83.46
63037,29071,100
63038,29189,100
63039,29071,100
63040,29189,100
63041,29071,82.96
63041,29099,17.04
63042,29189,100
63043,29189,100
63044,29189,100
63045,29189,100
63047,29099,100
63048,29099,100
63049,29099,98.7
63049,29189,1.3
63050,29099,100
63051,29099,100
63052,29099,100
63053,29099,100
63055,29071,100
63056,29071,100
63057,29099,100
63060,29071,100
63061,29071,100
63068,29071,98.47
63068,29073,1.53
63069,29071,66.21
63069,29099,13.06
63069,29189,20.73
63070,29099,100
63071,29221,100
63072,29071,95.8
63072,29099,4.2
63073,29071,100
63074,29189,100
63077,29071,100
63079,29071,100
63080,29055,14.96
63080,29071,76.3
63080,29221,8.74
63084,29071,100
63087,29099,8.19
63087,29187,91.81
63088,29189,100
63089,29071,100
63090,29071,100
63091,29071,13.05
63091,29073,86.95
63101,29510,100
63102,29510,100
63103,29510,100
63104,29510,100
63105,29189,94.03
63105,29510,5.97
63106,29510,100
63107,29510,100
63108,29510,100
63109,29510,100
63110,29510,100
63111,29510,100
63112,29510,100
63113,29510,100
63114,29189,100
63115,29510,100
63116,29510,100
63117,29189,93.52
63117,29510,6.48
63118,29510,100
63119,29189,99.06
63119,29510,0.94
63120,29189,11.52
63120,29510,88.48
63121,29189,100
63122,29189,100
63123,29189,95.43
63123,29510,4.57
63124,29189,100
63125,29189,98.89
63125,29510,1.11
63126,29189,100
63127,29189,100
63128,29189,100
63129,29189,100
63130,29189,98.79
63130,29510,1.21
63131,29189,100
63132,29189,100
63133,29189,98.22
63133,29510,1.78
63134,29189,100
63135,29189,100
63136,29189,93.01
63136,29510,6.99
63137,29189,94.65
63137,29510,5.35
63138,29189,100
63139,29510,100
63140,29189,100
63141,29189,100
63143,29189,82.83
63143,29510,17.17
63144,29189,100
63146,29189,100
63147,29510,100
63155,29510,0
63301,29183,100
63303,29183,100
63304,29183,100
63330,29163,100
63332,29183,100
63333,29113,1.4
63333,29139,98.6
63334,29113,0.96
63334,29163,99.04
63336,29163,100
63339,29163,100
63341,29183,100
63343,29113,98.94
63343,29163,1.06
63344,29113,30.25
63344,29163,69.75
63345,29007,100
63347,29113,100
63348,29113,4.69
63348,29183,65.69
63348,29219,29.63
63349,29113,97.67
63349,29219,2.33
63350,29139,100
63351,29139,67.93
63351,29219,32.07
63352,29007,94.81
63352,29173,5.19
63353,29163,100
63357,29183,5.64
63357,29219,94.36
63359,29007,4.01
63359,29113,2.7
63359,29139,49
63359,29163,44.29
63361,29027,5.88
63361,29139,94.12
63362,29113,100
63363,29139,93.89
63363,29219,6.11
63366,29183,100
63367,29183,100
63368,29183,100
63369,29113,100
63370,29113,100
63373,29183,100
63376,29183,100
63377,29113,100
63379,29113,100
63381,29113,37.97
63381,29139,19.74
63381,29219,42.29
63382,29007,92.83
63382,29163,1.27
63382,29173,5.9
63383,29113,1.1
63383,29219,98.9
63384,29007,5.06
63384,29027,0.41
63384,29139,94.53
63385,29183,100
63386,29183,100
63387,29113,100
63388,29027,100
63389,29113,100
63390,29113,9.73
63390,29219,90.27
63401,29127,88.84
63401,29173,11.16
63430,29045,100
63431,29121,100
63432,29045,7.8
63432,29199,92.2
63433,29163,100
63434,29205,100
63435,29045,9.13
63435,29111,90.87
63436,29173,100
63437,29121,2.2
63437,29137,2.26
63437,29205,95.54
63438,29111,76.61
63438,29127,23.39
63439,29127,25.98
63439,29205,74.02
63440,29111,88.42
63440,29127,10.52
63440,29205,1.07
63441,29163,94.11
63441,29173,5.89
63443,29127,13.86
63443,29137,26.82
63443,29205,59.32
63445,29045,100
63446,29103,96.53
63446,29111,3.47
63447,29111,100
63448,29111,100
63450,29137,15.15
63450,29205,84.85
63451,29205,100
63452,29111,100
63453,29045,100
63454,29111,38.9
63454,29127,61.1
63456,29127,26.72
63456,29137,57.06
63456,29173,16.23
63457,29111,100
63458,29103,100
63459,29163,1.28
63459,29173,98.72
63460,29103,100
63461,29127,100
63462,29137,12.89
63462,29173,87.11
63463,29127,100
63464,29103,100
63465,29045,100
63467,29173,100
63468,29137,11.57
63468,29205,88.43
63469,29103,0.67
63469,29205,99.33
63471,29111,9.39
63471,29127,90.61
63472,29045,100
63473,29045,36.26
63473,29111,63.74
63474,29045,94.99
63474,29199,5.01
63501,29001,100
63530,29121,100
63531,29103,68.05
63531,29199,31.95
63532,29121,100
63533,29001,98.88
63533,29103,1.12
63534,29121,100
63535,29171,12.28
63535,29197,87.72
63536,29197,81.2
63536,29199,18.8
63537,29103,100
63538,29121,100
63539,29121,100
63540,29001,100
63541,29197,100
63543,29199,100
63544,29001,43.89
63544,29171,4.16
63544,29211,51.96
63545,29211,100
63546,29001,56.97
63546,29197,43.03
63547,29001,2.83
63547,29103,97.17
63548,29197,100
63549,29001,14.66
63549,29121,85.34
63551,29171,100
63552,29121,100
63555,29199,100
63556,29211,100
63557,29001,0.69
63557,29115,78.69
63557,29121,20.62
63558,29041,24.39
63558,29121,75.61
63559,29001,96.9
63559,29171,3.1
63560,29171,4.18
63560,29211,95.82
63561,29197,100
63563,29103,30.78
63563,29199,69.22
63565,29171,100
63566,29115,20.8
63566,29211,79.2
63567,29171,100
63601,29187,100
63620,29093,84
63620,29123,8.46
63620,29179,7.54
63621,29093,97.07
63621,29123,2.93
63622,29221,100
63623,29093,100
63624,29093,3.25
63624,29187,82.33
63624,29221,14.43
63625,29093,9.41
63625,29179,90.59
63626,29187,10.13
63626,29221,89.87
63627,29099,5.35
63627,29186,94.65
63628,29099,0.21
63628,29186,0.98
63628,29187,97.55
63628,29221,1.26
63629,29065,20.85
63629,29179,66.13
63629,29203,13.01
63630,29187,0.57
63630,29221,99.43
63631,29093,19.91
63631,29221,80.09
63633,29179,100
63636,29093,87.66
63636,29123,6.58
63636,29223,5.76
63637,29187,100
63638,29179,98.84
63638,29203,1.16
63640,29186,5.78
63640,29187,94.22
63645,29123,96.31
63645,29186,0.89
63645,29187,2.79
63648,29187,7.8
63648,29221,92.2
63650,29093,88.39
63650,29123,0.89
63650,29187,10.72
63653,29187,100
63654,29093,2.97
63654,29179,97.03
63655,29017,29.15
63655,29123,64.02
63655,29223,6.83
63656,29093,84.75
63656,29179,15.25
63660,29221,100
63662,29017,100
63663,29093,100
63664,29221,100
63665,29179,100
63666,29179,100
63670,29186,100
63673,17157,2.22
63673,29157,28.23
63673,29186,69.55
63674,29221,100
63675,29093,100
63701,29031,100
63703,29031,100
63730,29017,13.03
63730,29031,7.67
63730,29207,79.3
63732,29031,46.04
63732,29157,53.96
63735,29201,5.19
63735,29207,94.81
63736,29201,100
63738,29207,100
63739,29031,100
63740,29031,18.06
63740,29201,81.94
63742,29201,100
63743,29031,100
63744,29031,100
63745,29031,100
63746,29157,100
63747,29031,100
63748,29157,100
63750,29017,100
63751,29017,100
63755,29031,100
63758,29201,100
63760,29017,100
63763,29223,100
63764,29017,96.84
63764,29031,3.16
63766,29017,16.15
63766,29031,83.85
63767,29201,100
63769,29031,100
63770,29031,50.52
63770,29157,49.48
63771,29031,0.31
63771,29201,93.22
63771,29207,6.46
63774,29201,100
63775,29031,0.56
63775,29157,99.44
63780,29031,0.04
63780,29201,99.96
63781,29017,100
63782,29017,100
63783,29157,100
63784,29201,100
63785,29017,2.9
63785,29031,97.1
63787,29017,100
63801,29143,12.29
63801,29201,87.48
63801,29207,0.23
63820,29133,100
63821,29069,100
63822,29207,100
63823,29133,97.03
63823,29201,2.97
63824,29201,100
63825,29207,100
63826,29155,100
63827,29155,100
63828,29143,100
63829,29069,100
63830,29155,100
63833,29143,75.62
63833,29207,24.38
63834,29133,94.6
63834,29201,5.4
63837,29069,100
63839,29155,100
63841,29207,100
63845,29133,98.74
63845,29143,1.26
63846,29207,100
63847,29069,100
63848,29143,98.3
63848,29155,1.7
63849,29069,53.23
63849,29155,46.77
63851,29155,100
63852,29069,97.85
63852,29155,2.15
63853,29155,100
63855,29069,100
63857,29069,100
63860,29143,100
63862,29143,100
63863,29069,98.49
63863,29143,1.51
63866,29143,100
63867,29143,100
63868,29143,100
63869,29143,100
63870,29143,88.88
63870,29207,11.12
63873,29143,89.45
63873,29155,10.55
63874,29143,100
63876,29069,100
63877,29069,1.14
63877,29155,98.86
63878,29143,100
63879,29155,100
63880,29069,100
63882,29133,100
63901,29023,99.9
63901,29181,0.1
63902,29023,0
63932,29023,100
63933,29069,100
63934,29223,100
63935,29035,0.3
63935,29149,0.69
63935,29181,99.02
63936,29207,100
63937,29023,9.45
63937,29035,88.84
63937,29223,1.71
63939,29181,100
63940,29023,100
63941,29035,78.44
63941,29149,21.56
63942,29149,13.96
63942,29181,86.04
63943,29035,89.29
63943,29181,10.71
63944,29223,100
63945,29023,100
63951,29223,100
63952,29223,100
63953,29023,3.79
63953,29181,96.21
63954,29023,95.41
63954,29181,4.59
63955,29181,100
63956,29223,100
63957,29179,6.18
63957,29223,93.82
63960,29017,2.53
63960,29207,97.47
63961,29023,100
63962,29023,100
63964,29223,100
63965,29035,93.85
63965,29179,6.15
63966,29023,20.95
63966,29223,79.05
63967,29023,34.52
63967,29223,65.48
64001,29107,100
64011,29101,13.78
64011,29107,86.22
64012,29037,100
64014,29095,100
64015,29095,100
64016,29095,100
64017,29107,3.23
64017,29177,96.77
64018,29165,100
64019,29101,100
64020,29101,6.1
64020,29107,93.15
64020,29195,0.75
64021,29107,100
64022,29107,100
64024,29047,78.1
64024,29177,21.9
64029,29095,100
64030,29095,100
64034,29037,15.19
64034,29095,84.81
64035,29033,0.93
64035,29177,99.07
64036,29177,100
64037,29107,100
64040,29101,100
64048,29047,59.35
64048,29049,40.65
64050,29095,100
64052,29095,100
64053,29095,100
64054,29095,100
64055,29095,100
64056,29095,100
64057,29095,100
64058,29095,100
64060,29047,100
64061,29037,2.78
64061,29101,97.22
64062,29047,7.69
64062,29049,11.13
64062,29177,81.18
64063,29095,100
64064,29095,100
64065,29095,100
64066,29095,100
64067,29107,100
64068,29047,100
64070,29095,91.05
64070,29101,8.95
64071,29107,100
64072,29047,100
64074,29107,100
64075,29095,94.68
64075,29107,5.32
64076,29101,4.49
64076,29107,95.51
64077,29047,0.82
64077,29177,99.18
64078,29037,100
64079,29165,100
64080,29037,99.21
64080,29095,0.79
64081,29095,100
64082,29037,12.83
64082,29095,87.17
64083,29037,100
64084,29177,100
64085,29177,100
64086,29095,100
64088,29095,100
64089,29047,88.81
64089,29165,11.19
64090,29037,100
64092,29165,100
64093,29101,99.93
64093,29107,0.07
64096,29107,100
64097,29107,100
64098,29165,100
64101,29095,100
64102,29095,0
64105,29095,100
64106,29095,100
64108,29095,100
64109,29095,100
64110,29095,100
64111,29095,100
64112,29095,100
64113,29095,100
64114,29095,100
64116,29047,100
64117,29047,100
64118,29047,99.24
64118,29165,0.76
64119,29047,100
64120,29095,100
64123,29095,100
64124,29095,100
64125,29095,100
64126,29095,100
64127,29095,100
64128,29095,100
64129,29095,100
64130,29095,100
64131,29095,100
64132,29095,100
64133,29095,100
64134,29095,100
64136,29095,100
64137,29095,100
64138,29095,100
64139,29095,100
64145,29095,100
64146,29095,100
64147,29037,25.62
64147,29095,74.38
64149,29095,100
64150,29165,100
64151,29165,100
64152,29165,100
64153,29165,100
64154,29165,100
64155,29047,100
64156,29047,100
64157,29047,100
64158,29047,100
64161,29047,100
64163,29165,100
64164,29165,100
64165,29047,100
64166,29047,100
64167,29047,100
64192,29095,100
64401,29021,100
64402,29075,100
64420,29227,100
64421,29003,100
64422,29063,100
64423,29147,100
64424,29081,100
64426,29081,100
64427,29003,89.11
64427,29147,10.89
64428,29005,2.23
64428,29147,97.77
64429,29025,6.36
64429,29049,46.64
64429,29061,0.72
64429,29063,46.28
64430,29003,8.64
64430,29063,91.36
64431,29147,100
64432,29147,100
64433,29147,100
64434,29147,100
64436,29003,100
64437,29087,100
64438,29075,100
64439,29021,30.51
64439,29165,69.49
64440,29021,97.29
64440,29165,2.71
64441,29075,28.09
64441,29227,71.91
64442,29081,100
64443,29021,100
64444,29021,5.97
64444,29165,94.03
64445,29147,100
64446,29005,98.93
64446,29087,1.07
64448,29021,100
64449,29003,100
64451,29087,100
64453,29075,100
64454,29021,20.55
64454,29049,79.45
64455,29003,5.16
64455,29147,94.84
64456,29081,0.96
64456,29227,99.04
64457,29003,7.9
64457,29147,92.1
64458,29081,100
64459,29003,100
64461,29147,100
64463,29003,2.74
64463,29063,9.25
64463,29075,88.01
64465,29025,6.09
64465,29049,93.91
64466,29087,100
64467,29081,100
64468,29147,100
64469,29063,100
64470,29087,100
64471,29075,4.97
64471,29081,95.03
64473,29087,100
64474,29049,21.22
64474,29063,78.78
64475,29147,81.84
64475,29227,18.16
64476,29147,100
64477,29049,100
64479,29075,5.52
64479,29147,94.48
64480,29003,100
64481,29081,100
64482,29005,100
64483,29003,100
64484,29021,84.46
64484,29165,15.54
64485,29003,100
64486,29147,21.1
64486,29227,78.9
64487,29005,5.81
64487,29087,4.36
64487,29147,89.83
64489,29075,93.81
64489,29147,6.19
64490,29021,3.45
64490,29049,29.23
64490,29063,67.32
64491,29005,100
64492,29047,16.27
64492,29049,83.73
64493,29049,100
64494,29003,30.65
64494,29063,69.35
64496,29005,100
64497,29061,28.09
64497,29063,71.91
64498,29005,100
64499,29075,15.13
64499,29227,84.87
64501,29021,100
64503,29021,100
64504,29021,100
64505,29003,27.75
64505,29021,72.25
64506,29003,3.47
64506,29021,96.53
64507,29021,100
64601,29117,100
64620,29061,100
64622,29033,100
64623,29033,100
64624,29025,80.26
64624,29033,10.05
64624,29117,2.29
64624,29177,7.4
64625,29025,88.98
64625,29061,6.68
64625,29117,4.35
64628,29041,1.79
64628,29115,98.21
64630,29115,60.47
64630,29211,39.53
64631,29115,81.49
64631,29121,18.51
64632,29081,68.36
64632,29129,31.64
64633,29033,100
64635,29079,4.66
64635,29115,2.52
64635,29117,92.82
64636,29061,96.66
64636,29081,3.34
64637,29025,80.51
64637,29177,19.49
64638,29033,22.07
64638,29117,77.93
64639,29033,100
64640,29061,100
64641,29079,83.63
64641,29211,16.37
64642,29061,5.61
64642,29079,14.85
64642,29081,79.53
64643,29033,70.62
64643,29117,29.38
64644,29025,94.51
64644,29061,5.49
64645,29129,29.74
64645,29211,70.26
64646,29115,8.75
64646,29211,91.25
64647,29061,100
64648,29061,81.35
64648,29079,15.03
64648,29117,3.62
64649,29025,76.27
64649,29061,23.73
64650,29025,100
64651,29115,100
64652,29079,100
64653,29115,100
64654,29061,100
64655,29171,100
64656,29117,100
64657,29061,12.69
64657,29075,58.51
64657,29081,28.79
64658,29041,20.6
64658,29115,79.4
64659,29115,100
64660,29041,100
64661,29129,100
64664,29117,100
64667,29129,13.16
64667,29171,6.84
64667,29211,80
64668,29033,85.03
64668,29177,14.97
64670,29061,84.95
64670,29063,10.18
64670,29075,2.2
64670,29081,2.66
64671,29025,79.53
64671,29177,20.47
64672,29171,100
64673,29129,100
64674,29115,100
64676,29041,100
64679,29079,91.55
64679,29129,8.45
64681,29041,100
64682,29033,100
64683,29079,98.91
64683,29117,1.09
64686,29117,100
64688,29115,15.15
64688,29117,84.85
64689,29061,100
64701,29037,100
64720,29013,100
64722,29013,100
64723,29013,100
64724,29013,12.96
64724,29185,87.04
64725,29013,12.15
64725,29037,87.85
64726,29083,88.44
64726,29101,11.56
64728,29217,100
64730,29013,100
64733,29083,20.02
64733,29101,79.98
64734,29037,100
64735,29015,1.45
64735,29083,98.55
64738,29185,100
64739,29037,80.14
64739,29083,19.86
64740,29083,85.83
64740,29185,14.17
64741,29217,100
64742,29013,28.73
64742,29037,71.27
64743,29037,100
64744,29039,84.85
64744,29185,6.88
64744,29217,8.27
64745,29013,100
64746,29037,100
64747,29037,93.91
64747,29101,6.09
64748,29011,71.6
64748,29057,14.2
64748,29097,11.99
64748,29109,2.21
64750,29217,100
64752,29013,73.2
64752,29217,26.8
64755,29011,17.06
64755,29097,82.94
64756,29039,84.77
64756,29057,15.23
64759,29011,99.76
64759,29057,0.24
64761,29083,9.31
64761,29101,90.69
64762,29011,100
64763,29185,100
64765,29217,100
64767,29217,100
64769,29011,100
64770,29013,12.41
64770,29083,84.19
64770,29185,3.41
64771,29217,100
64772,29217,100
64776,29015,1.09
64776,29185,98.91
64778,29217,100
64779,29013,87.23
64779,29217,12.77
64780,29013,63.07
64780,29185,36.93
64781,29185,100
64783,29185,16.26
64783,29217,83.74
64784,29011,11.53
64784,29039,0.53
64784,29217,87.93
64788,29013,15.69
64788,29083,84.31
64790,29217,100
64801,29097,100
64804,29097,56
64804,29145,44
64830,29097,100
64831,29119,100
64832,29011,25.72
64832,29097,74.28
64833,29097,100
64834,29097,100
64835,29097,100
64836,29097,100
64840,29097,11.06
64840,29145,88.94
64841,29097,100
64842,29009,5.19
64842,29145,94.81
64843,29119,89.29
64843,29145,10.71
64844,29145,100
64847,29119,100
64848,29097,24.06
64848,29109,75.94
64849,29097,100
64850,29119,0.42
64850,29145,99.58
64854,29119,100
64855,29011,3.22
64855,29097,96.78
64856,29119,100
64857,29097,100
64858,29145,100
64859,29097,100
64861,29119,95.25
64861,29145,4.75
64862,29097,81.93
64862,29109,5.15
64862,29145,12.92
64863,29119,100
64865,29119,8.29
64865,29145,91.71
64866,29145,100
64867,29119,57.85
64867,29145,42.15
64870,29097,100
64873,29109,57.65
64873,29145,42.35
64874,29009,100
65001,29125,23.19
65001,29151,76.81
65010,29019,100
65011,29135,3.92
65011,29141,96.08
65013,29125,75.45
65013,29151,24.55
65014,29073,79.71
65014,29125,3.15
65014,29151,17.14
65016,29151,100
65017,29029,0.19
65017,29131,99.81
65018,29053,2.09
65018,29135,97.91
65020,29029,100
65023,29051,83.99
65023,29135,16.01
65024,29151,100
65025,29053,26.46
65025,29135,73.54
65026,29131,99.59
65026,29141,0.41
65032,29051,49.16
65032,29131,50.84
65034,29135,44.48
65034,29141,55.52
65035,29151,100
65037,29029,19.34
65037,29141,80.66
65039,29019,94.76
65039,29027,5.24
65040,29051,85.51
65040,29131,14.49
65041,29073,86.15
65041,29139,11.27
65041,29219,2.59
65043,29027,100
65046,29135,100
65047,29029,15.17
65047,29131,84.83
65048,29151,100
65049,29029,70.41
65049,29131,29.59
65050,29135,100
65051,29073,0.04
65051,29151,99.96
65052,29029,100
65053,29051,100
65054,29151,100
65058,29051,2.85
65058,29125,47.39
65058,29131,19.27
65058,29151,30.48
65059,29027,100
65061,29073,77.48
65061,29151,22.52
65062,29073,71.43
65062,29151,28.57
65063,29027,100
65064,29131,100
65065,29029,95.1
65065,29131,4.9
65066,29055,3.92
65066,29073,96.08
65067,29027,100
65068,29053,100
65069,29027,7.75
65069,29139,92.25
65072,29131,19.38
65072,29141,80.62
65074,29051,68.83
65074,29135,31.17
65075,29131,100
65076,29051,77.8
65076,29151,22.2
65077,29027,100
65078,29015,0.35
65078,29141,99.65
65079,29029,93.89
65079,29131,0.06
65079,29141,6.05
65080,29027,100
65081,29053,2.14
65081,29135,95.26
65081,29141,2.6
65082,29131,100
65083,29131,100
65084,29135,0.93
65084,29141,99.07
65085,29151,100
65101,29027,0.05
65101,29051,99.15
65101,29151,0.8
65109,29051,100
65201,29019,99.84
65201,29027,0.16
65202,29019,98.93
65202,29027,1.07
65203,29019,100
65215,29019,100
65230,29089,91.32
65230,29175,8.68
65231,29027,100
65232,29007,100
65233,29053,100
65236,29041,100
65237,29053,100
65239,29175,100
65240,29007,17.15
65240,29019,81.67
65240,29027,0.97
65240,29137,0.2
65243,29007,31.47
65243,29019,18.82
65243,29089,3.99
65243,29137,2.46
65243,29175,43.26
65244,29175,100
65246,29041,100
65247,29121,100
65248,29089,100
65250,29089,100
65251,29027,100
65254,29041,6.57
65254,29089,93.43
65255,29019,100
65256,29019,84.39
65256,29089,15.61
65257,29089,19.5
65257,29175,80.5
65258,29137,100
65259,29175,100
65260,29121,8.01
65260,29137,4.18
65260,29175,87.8
65261,29041,100
65262,29027,100
65263,29137,98.05
65263,29175,1.95
65264,29007,84.44
65264,29027,15.56
65265,29007,99.52
65265,29137,0.48
65270,29137,0.25
65270,29175,99.75
65274,29089,100
65275,29137,100
65276,29053,100
65278,29175,100
65279,29019,90.43
65279,29089,9.57
65280,29007,100
65281,29041,100
65282,29137,100
65283,29137,100
65284,29007,4.32
65284,29019,95.68
65285,29007,100
65286,29041,100
65287,29053,77.25
65287,29135,22.75
65301,29159,100
65305,29101,100
65320,29195,100
65321,29107,9.35
65321,29195,90.65
65322,29053,100
65323,29083,100
65324,29029,100
65325,29015,100
65326,29015,73.95
65326,29029,26.05
65327,29107,43.17
65327,29195,56.83
65329,29141,100
65330,29195,100
65332,29101,0.67
65332,29159,99.33
65333,29159,84.85
65333,29195,15.15
65334,29159,100
65335,29015,66.84
65335,29159,33.16
65336,29101,98.93
65336,29159,1.07
65337,29159,100
65338,29015,100
65339,29195,100
65340,29159,0.45
65340,29195,99.55
65344,29195,100
65345,29015,29.46
65345,29141,18.86
65345,29159,51.68
65347,29053,7.49
65347,29159,10.28
65347,29195,82.23
65348,29053,80.67
65348,29141,19.33
65349,29195,100
65350,29141,7.08
65350,29159,92.92
65351,29101,1.03
65351,29159,6.22
65351,29195,92.75
65354,29053,7.8
65354,29141,92.2
65355,29015,99.49
65355,29085,0.51
65360,29015,7.85
65360,29083,74.68
65360,29101,7.05
65360,29159,10.42
65401,29065,1.57
65401,29125,0.79
65401,29161,97.63
65436,29161,100
65438,29149,14.53
65438,29203,85.47
65439,29093,100
65440,29065,70.02
65440,29179,29.98
65441,29055,97.4
65441,29071,0.31
65441,29221,2.29
65443,29125,100
65444,29215,100
65446,29055,100
65449,29055,78.06
65449,29161,21.94
65452,29131,2.44
65452,29169,97.56
65453,29055,98.47
65453,29073,1.53
65456,29055,100
65457,29169,100
65459,29125,21.6
65459,29131,3.27
65459,29161,1.7
65459,29169,73.44
65461,29161,63.81
65461,29169,36.19
65462,29065,8.1
65462,29161,91.9
65463,29029,0.69
65463,29059,1.78
65463,29105,97.53
65464,29215,100
65466,29203,100
65468,29215,100
65470,29105,90.25
65470,29229,9.75
65473,29169,100
65479,29203,49.43
65479,29215,50.57
65483,29215,100
65484,29215,100
65486,29131,100
65501,29065,100
65529,29161,100
65534,29105,4.57
65534,29169,95.43
65535,29055,100
65536,29029,0.16
65536,29059,0.74
65536,29105,99.09
65541,29065,100
65542,29065,2.13
65542,29215,97.87
65543,29105,60.79
65543,29229,39.21
65548,29091,91.1
65548,29203,6.89
65548,29215,2.01
65550,29161,90.25
65550,29169,9.75
65552,29105,2.58
65552,29169,9.59
65552,29215,87.83
65555,29215,100
65556,29029,17.87
65556,29105,15.39
65556,29169,66.74
65557,29215,100
65559,29055,0.31
65559,29073,0.47
65559,29125,7.82
65559,29161,91.4
65560,29055,1.97
65560,29065,96.11
65560,29161,0.48
65560,29203,1.44
65564,29215,100
65565,29055,97.76
65565,29093,1.2
65565,29221,1.04
65566,29093,100
65567,29029,87.79
65567,29105,12.21
65570,29215,100
65571,29203,26.9
65571,29215,73.1
65580,29125,100
65582,29125,100
65583,29169,100
65584,29169,100
65586,29055,100
65588,29149,1.16
65588,29203,98.84
65589,29215,100
65590,29059,100
65591,29029,100
65601,29039,2.09
65601,29057,23.89
65601,29167,74.01
65603,29057,100
65604,29057,2.96
65604,29077,67.19
65604,29109,29.85
65605,29009,15.19
65605,29109,84.81
65606,29149,100
65608,29067,97.87
65608,29153,0.48
65608,29213,1.65
65609,29091,24.55
65609,29153,75.45
65610,29043,73.32
65610,29077,11.07
65610,29109,1.79
65610,29209,13.82
65611,29209,98.17
65611,29213,1.83
65612,29077,92.1
65612,29109,7.9
65613,29167,100
65614,29043,15.4
65614,29213,84.6
65616,29209,4.97
65616,29213,95.03
65617,29077,36.69
65617,29167,63.31
65618,29153,100
65619,29043,2.81
65619,29077,97.19
65620,29043,100
65622,29059,94.07
65622,29167,5.93
65623,29009,100
65624,29009,6.98
65624,29209,93.02
65625,29009,100
65626,29091,49.3
65626,29153,50.7
65627,29213,100
65629,29043,100
65630,29043,100
65631,29043,86.17
65631,29209,13.83
65632,29059,16.23
65632,29105,60.36
65632,29225,23.41
65633,29009,14.98
65633,29209,85.02
65634,29015,1.44
65634,29029,0.52
65634,29085,98.04
65635,29039,11.09
65635,29057,88.91
65637,29067,22.47
65637,29091,18.77
65637,29153,58.77
65638,29067,80.69
65638,29153,19.31
65640,29039,13.3
65640,29167,86.7
65641,29009,100
65644,29059,61.22
65644,29225,38.78
65646,29057,74.88
65646,29109,25.12
65647,29009,98.51
65647,29119,1.49
65648,29059,19.49
65648,29077,71.16
65648,29167,3.6
65648,29225,5.75
65649,29039,28.69
65649,29167,71.31
65650,29085,56.91
65650,29167,43.09
65652,29043,7.72
65652,29067,0.75
65652,29225,91.53
65653,29043,3.5
65653,29213,96.5
65654,29109,100
65655,29153,100
65656,29009,0.67
65656,29043,0.24
65656,29209,99.09
65657,29043,100
65658,29009,100
65660,29215,12.64
65660,29229,87.36
65661,29057,100
65662,29105,21.12
65662,29229,78.88
65663,29167,100
65664,29109,100
65667,29229,100
65668,29085,100
65669,29043,89.27
65669,29209,10.73
65672,29213,100
65674,29039,30.26
65674,29085,3.51
65674,29167,63.76
65674,29185,2.47
65676,29153,100
65679,29213,100
65680,29213,100
65681,29209,100
65682,29057,96.36
65682,29109,3.64
65685,29059,78.91
65685,29167,21.09
65686,29209,100
65689,29067,5.02
65689,29091,1.19
65689,29215,93.78
65690,29149,100
65692,29091,26.2
65692,29149,73.8
65702,29067,24.52
65702,29229,75.48
65704,29067,10.97
65704,29229,89.03
65705,29109,91.45
65705,29209,8.55
65706,29225,100
65707,29109,100
65708,29009,63.89
65708,29109,36.11
65710,29167,100
65711,29067,5.65
65711,29215,16.92
65711,29229,77.43
65712,29109,100
65713,29225,90.58
65713,29229,9.42
65714,29043,98.06
65714,29209,1.94
65715,29153,100
65717,29067,24.49
65717,29229,75.51
65720,29043,73.83
65720,29067,26.17
65721,29043,97.05
65721,29077,2.95
65722,29059,11.94
65722,29105,88.06
65723,29009,6.74
65723,29109,75.87
65723,29145,17.39
65724,29085,100
65725,29077,29.08
65725,29167,70.92
65727,29167,100
65728,29209,100
65729,05089,13.64
65729,29153,86.36
65730,29119,100
65731,29213,100
65732,29085,100
65733,05009,0.69
65733,05089,29.44
65733,29153,1.11
65733,29213,68.75
65734,29009,100
65735,29015,8.18
65735,29085,91.82
65737,29043,0.15
65737,29209,94.77
65737,29213,5.08
65738,29043,1.95
65738,29077,97.9
65738,29109,0.15
65739,29213,100
65740,29213,100
65742,29043,16.64
65742,29077,40.93
65742,29225,42.44
65744,29213,100
65745,29009,84.52
65745,29119,15.48
65746,29067,4.59
65746,29225,91.98
65746,29229,3.43
65747,29009,63.24
65747,29209,36.76
65752,29057,88.43
65752,29109,11.57
65753,29043,100
65754,29043,100
65755,29067,73.22
65755,29153,26.78
65756,29109,100
65757,29077,78.06
65757,29225,21.94
65759,29213,100
65760,29153,100
65761,05089,7.31
65761,29153,86.88
65761,29213,5.81
65762,29153,100
65764,29059,100
65766,29153,100
65767,29059,63.72
65767,29085,31.86
65767,29167,4.42
65768,29067,100
65769,29009,30.02
65769,29109,69.98
65770,29057,5.1
65770,29077,70.59
65770,29167,24.32
65771,29213,100
65772,29009,81.19
65772,29119,18.81
65773,29153,100
65774,29085,92.03
65774,29185,7.97
65775,29067,0.73
65775,29091,98.64
65775,29149,0.63
65777,29091,100
65778,29149,100
65779,29015,0.54
65779,29085,99.46
65781,29077,97.71
65781,29167,2.29
65783,29059,100
65784,29153,100
65785,29039,97.72
65785,29057,0.17
65785,29185,2.11
65786,29029,96.44
65786,29059,3.56
65787,29029,100
65788,29091,96.21
65788,29149,3.79
65789,29091,100
65790,29091,87.01
65790,29153,12.99
65791,29149,100
65793,29067,3.85
65793,29091,85.83
65793,29215,10.32
65802,29077,100
65803,29077,100
65804,29077,100
65806,29077,100
65807,29077,100
65809,29077,100
65810,29077,100
66002,20005,97.4
66002,20043,1.13
66002,20087,0.57
66002,20103,0.89
66006,20045,99.22
66006,20059,0.78
66007,20103,100
66008,20043,100
66010,20011,3.14
66010,20107,96.86
66012,20103,34.43
66012,20209,65.57
66013,20091,43.83
66013,20121,56.17
66014,20003,2.87
66014,20107,97.13
66015,20001,8.44
66015,20003,91.56
66016,20005,100
66017,20043,100
66018,20091,100
66019,20091,100
66020,20103,100
66021,20045,6.09
66021,20091,86.22
66021,20121,7.7
66023,20005,100
66024,20043,100
66025,20045,97.61
66025,20091,2.39
66026,20107,26.65
66026,20121,73.35
66027,20103,100
66030,20091,100
66031,20091,100
66032,20003,100
66033,20003,84.09
66033,20059,10.69
66033,20107,5.22
66035,20043,100
66039,20001,0.32
66039,20003,99.68
66040,20107,91.6
66040,20121,8.4
66041,20005,96.69
66041,20043,3.31
66042,20059,69.1
66042,20121,30.9
66043,20103,100
66044,20045,96.16
66044,20087,1.75
66044,20103,2.08
66045,20045,100
66046,20045,100
66047,20045,100
66048,20103,100
66049,20045,100
66050,20045,96.21
66050,20177,3.79
66052,20103,100
66053,20121,100
66054,20087,75.17
66054,20103,24.83
66056,20107,100
66058,20005,100
66060,20005,22.46
66060,20087,77.54
66061,20091,100
66062,20091,100
66064,20059,0.74
66064,20121,99.26
66066,20087,100
66067,20059,100
66070,20087,100
66071,20121,100
66072,20107,98.2
66072,20121,1.8
66073,20087,100
66075,20107,100
66076,20059,100
66078,20059,100
66079,20059,100
66080,20003,14.55
66080,20059,85.45
66083,20091,53.11
66083,20121,46.89
66085,20091,100
66086,20087,0.28
66086,20103,99.72
66087,20043,100
66088,20005,1.99
66088,20087,98.01
66090,20043,100
66091,20003,100
66092,20045,8.35
66092,20059,81.42
66092,20121,10.24
66093,20003,74.88
66093,20031,25.12
66094,20013,42.31
66094,20043,57.69
66095,20003,1.79
66095,20059,98.21
66097,20087,99.16
66097,20103,0.84
66101,20209,100
66102,20209,100
66103,20209,100
66104,20209,100
66105,20209,100
66106,20209,100
66109,20103,0.54
66109,20209,99.46
66111,20209,100
66112,20209,100
66115,20209,0
66118,20209,100
66202,20091,100
66203,20091,100
66204,20091,100
66205,20091,100
66206,20091,100
66207,20091,100
66208,20091,100
66209,20091,100
66210,20091,100
66211,20091,100
66212,20091,100
66213,20091,100
66214,20091,100
66215,20091,100
66216,20091,100
66217,20091,99.23
66217,20209,0.77
66218,20091,100
66219,20091,100
66220,20091,100
66221,20091,100
66223,20091,100
66224,20091,100
66226,20091,100
66227,20091,100
66401,20197,100
66402,20177,100
66403,20117,95.24
66403,20131,4.76
66404,20131,100
66406,20117,100
66407,20149,72.03
66407,20197,27.97
66408,20131,100
66409,20045,4.34
66409,20177,95.66
66411,20117,95.2
66411,20161,4.8
66412,20117,94.43
66412,20201,5.57
66413,20111,2.61
66413,20139,97.23
66413,20197,0.17
66414,20139,100
66415,20131,100
66416,20085,97.75
66416,20131,2.25
66417,20131,100
66418,20085,100
66419,20085,89.59
66419,20087,10.41
66422,20085,17.66
66422,20149,82.34
66423,20197,100
66424,20005,16.72
66424,20013,83.28
66425,20013,100
66427,20117,97.97
66427,20149,2.03
66428,20131,100
66429,20087,100
66431,20177,7.3
66431,20197,92.7
66432,20085,9.09
66432,20149,90.91
66434,20013,100
66436,20005,2.94
66436,20085,96.8
66436,20087,0.26
66438,20117,100
66439,20005,7.75
66439,20013,91.77
66439,20085,0.47
66440,20085,100
66441,20041,0.52
66441,20061,99.45
66441,20161,0.03
66442,20061,40.87
66442,20161,59.13
66449,20161,100
66451,20139,100
66501,20197,100
66502,20061,0.13
66502,20149,7.25
66502,20161,92.54
66502,20197,0.08
66503,20161,100
66506,20161,100
66507,20197,100
66508,20117,100
66509,20085,100
66510,20139,100
66512,20085,3.42
66512,20087,93.66
66512,20177,2.92
66514,20061,100
66515,20013,100
66516,20013,19.84
66516,20085,80.16
66517,20161,100
66518,20117,100
66520,20149,100
66521,20131,3.79
66521,20149,96.21
66522,20131,100
66523,20111,0.97
66523,20139,99.03
66524,20045,19.81
66524,20139,78.87
66524,20177,1.32
66526,20197,100
66527,20013,100
66528,20059,13.33
66528,20139,86.67
66531,20161,100
66532,20013,79.79
66532,20043,20.21
66533,20177,100
66534,20013,4.38
66534,20131,95.62
66535,20149,100
66536,20085,0.82
66536,20149,95.1
66536,20177,3.65
66536,20197,0.43
66537,20139,100
66538,20131,100
66539,20177,100
66540,20085,93.15
66540,20131,6.85
66541,20117,89.39
66541,31133,10.61
66542,20177,100
66543,20139,100
66544,20117,92.58
66544,20131,7.42
66546,20139,2.27
66546,20177,97.73
66547,20149,95.19
66547,20197,4.81
66548,20117,99.69
66548,20201,0.31
66549,20149,100
66550,20013,3.79
66550,20085,3.62
66550,20131,92.59
66552,20085,100
66554,20161,100
66603,20177,100
66604,20177,100
66605,20177,100
66606,20177,100
66607,20177,100
66608,20177,100
66609,20177,100
66610,20177,100
66611,20177,100
66612,20177,100
66614,20177,99.84
66614,20197,0.16
66615,20177,93.96
66615,20197,6.04
66616,20177,100
66617,20085,0.29
66617,20087,4.73
66617,20177,94.98
66618,20177,100
66619,20177,100
66621,20177,100
66622,20177,100
66701,20011,99.85
66701,20037,0.15
66710,20205,100
66711,20011,2.3
66711,20037,97.7
66712,20037,100
66713,20021,100
66714,20205,100
66716,20001,10.93
66716,20011,89.07
66717,20205,100
66720,20001,1.04
66720,20133,96.18
66720,20205,2.79
66724,20021,9.01
66724,20037,90.99
66725,20021,100
66728,20021,100
66732,20001,100
66733,20133,100
66734,20037,100
66735,20037,100
66736,20049,0.73
66736,20125,0.13
66736,20205,99.14
66738,20011,94.41
66738,20107,5.59
66739,20021,100
66740,20133,100
66741,20011,100
66743,20037,100
66746,20011,7.66
66746,20037,92.34
66748,20001,94.95
66748,20133,2.87
66748,20207,2.18
66749,20001,100
66751,20001,100
66753,20021,16.9
66753,20037,77.07
66753,20099,6.04
66754,20011,95.12
66754,20107,4.88
66755,20001,97.28
66755,20011,2.72
66756,20037,100
66757,20125,5.65
66757,20205,94.35
66758,20003,5.09
66758,20031,3.7
66758,20207,91.2
66760,20037,100
66761,20207,100
66762,20021,1.21
66762,20037,98.79
66763,20037,100
66767,20107,100
66769,20011,100
66770,20021,100
66771,20133,100
66772,20001,100
66773,20021,100
66775,20133,100
66776,20099,6.13
66776,20133,81.75
66776,20205,12.11
66777,20073,8.76
66777,20205,4.23
66777,20207,87.01
66778,20021,100
66779,20011,100
66780,20011,8.32
66780,20037,70.8
66780,20133,20.88
66781,20021,97.33
66781,20037,2.67
66782,20021,100
66783,20207,100
66801,20017,0.57
66801,20111,99.43
66830,20111,100
66833,20111,100
66834,20061,10.38
66834,20127,13.92
66834,20197,75.71
66835,20111,100
66838,20017,5.49
66838,20127,94.51
66839,20031,100
66840,20015,49.42
66840,20017,6.82
66840,20115,43.76
66842,20015,100
66843,20017,100
66845,20017,100
66846,20017,0.54
66846,20111,2.14
66846,20127,97.32
66849,20061,16.7
66849,20127,83.3
66850,20017,100
66851,20115,100
66852,20031,90.02
66852,20073,5.55
66852,20207,4.44
66853,20073,100
66854,20031,18.01
66854,20111,81.99
66856,20031,87.66
66856,20139,12.34
66857,20031,100
66858,20115,100
66859,20115,95.51
66859,20127,4.49
66860,20073,89.03
66860,20111,10.97
66861,20115,100
66862,20017,100
66863,20073,100
66864,20031,9.21
66864,20111,90.79
66865,20017,1.42
66865,20111,98.58
66866,20079,5.59
66866,20115,94.41
66868,20031,0.79
66868,20111,93.59
66868,20139,5.63
66869,20017,100
66870,20073,100
66871,20031,97.55
66871,20139,2.45
66872,20061,1.59
66872,20127,98.41
66873,20127,100
66901,20029,98.53
66901,20157,1.47
66930,20157,100
66932,20183,100
66933,20161,4.36
66933,20201,95.64
66935,20157,100
66936,20089,100
66937,20027,43.11
66937,20201,56.89
66938,20029,94.13
66938,20201,5.87
66939,20089,5.21
66939,20157,94.79
66940,20157,100
66941,20089,100
66942,20089,100
66943,20201,100
66944,20201,100
66945,20201,100
66946,20201,100
66948,20029,89.07
66948,20157,10.93
66949,20089,100
66951,20147,11.39
66951,20183,88.61
66952,20089,1.2
66952,20183,98.8
66953,20201,100
66955,20201,100
66956,20089,100
66958,20201,100
66959,20157,100
66960,20157,100
66962,20027,5.68
66962,20201,94.32
66963,20089,100
66964,20157,100
66966,20157,100
66967,20183,100
66968,20201,100
66970,20089,100
67001,20173,100
67002,20015,100
67003,20077,100
67004,20077,7.01
67004,20191,92.99
67005,20035,100
67008,20015,21.04
67008,20035,78.96
67009,20077,100
67010,20015,100
67012,20015,100
67013,20191,100
67016,20173,100
67017,20015,91.94
67017,20173,8.06
67018,20077,96.64
67018,20191,3.36
67019,20035,100
67020,20079,77.92
67020,20155,18.77
67020,20173,3.32
67021,20151,100
67022,20191,100
67023,20035,100
67024,20019,93.17
67024,20035,6.83
67025,20095,16.19
67025,20155,2.14
67025,20173,81.67
67026,20173,96.49
67026,20191,3.51
67028,20007,25.78
67028,20097,10.67
67028,20151,63.56
67029,20033,99.62
67029,20097,0.38
67030,20173,100
67031,20173,0.56
67031,20191,99.44
67035,20095,85.88
67035,20151,10.21
67035,20155,3.92
67036,20077,100
67037,20173,100
67038,20035,100
67039,20015,98.35
67039,20035,1.65
67041,20015,100
67042,20015,100
67045,20073,100
67047,20049,11.76
67047,20073,59.23
67047,20205,29
67049,20077,93.67
67049,20191,6.33
67050,20173,100
67051,20035,9.43
67051,20191,90.57
67052,20173,100
67053,20115,100
67054,20097,100
67055,20173,100
67056,20079,100
67057,20007,100
67058,20077,98.14
67058,20095,1.86
67059,20047,8.25
67059,20097,88.77
67059,20151,2.98
67060,20173,100
67061,20007,82.46
67061,20077,17.54
67062,20079,99.49
67062,20113,0.51
67063,20115,100
67065,20007,67.11
67065,20151,32.89
67066,20151,100
67067,20173,100
67068,20095,98.78
67068,20155,1.22
67070,20007,100
67071,20007,100
67072,20015,93.44
67072,20035,6.56
67073,20115,100
67074,20015,100
67101,20173,100
67103,20191,100
67104,20007,100
67105,20191,100
67106,20173,15.46
67106,20191,84.54
67107,20079,10.07
67107,20113,89.93
67108,20155,27.71
67108,20173,72.29
67109,20097,100
67110,20035,0.55
67110,20173,71.16
67110,20191,28.29
67111,20095,100
67112,20095,100
67114,20015,0.89
67114,20079,96.91
67114,20113,0.15
67114,20115,2.05
67117,20079,100
67118,20095,95.43
67118,20173,2.47
67118,20191,2.1
67119,20035,8.58
67119,20191,91.42
67120,20173,40.28
67120,20191,59.72
67122,20049,28.05
67122,20073,71.95
67123,20015,100
67124,20151,100
67127,20025,2.85
67127,20033,97.15
67131,20035,100
67132,20015,100
67133,20015,100
67134,20007,10.48
67134,20151,89.52
67135,20079,60.12
67135,20173,39.88
67137,20049,7.89
67137,20073,92.11
67138,20007,100
67140,20191,100
67142,20095,100
67143,20007,100
67144,20015,100
67146,20035,92.3
67146,20191,7.7
67147,20079,0.83
67147,20173,99.17
67149,20173,100
67150,20077,100
67151,20079,95.41
67151,20115,4.59
67152,20191,100
67154,20015,85.1
67154,20079,14.9
67155,20033,90.96
67155,20097,9.04
67156,20035,100
67159,20077,17.16
67159,20095,82.84
67202,20173,100
67203,20173,100
67204,20173,100
67205,20173,100
67206,20173,100
67207,20173,100
67208,20173,100
67209,20173,100
67210,20173,100
67211,20173,100
67212,20173,100
67213,20173,100
67214,20173,100
67215,20173,100
67216,20173,100
67217,20173,100
67218,20173,100
67219,20173,100
67220,20173,100
67223,20173,100
67226,20173,100
67227,20173,100
67228,20173,100
67230,20173,100
67232,20173,100
67235,20173,100
67260,20173,0
67301,20125,100
67330,20099,100
67332,20099,100
67333,20125,100
67334,20019,100
67335,20099,11.9
67335,20125,88.1
67336,20021,11.29
67336,20099,88.71
67337,20099,2.25
67337,20125,97.75
67340,20125,100
67341,20099,100
67342,20099,100
67344,20019,13.91
67344,20049,3.19
67344,20125,82.9
67345,20049,100
67346,20019,15.32
67346,20049,84.68
67347,20019,17.17
67347,20125,82.83
67349,20049,100
67351,20099,5.63
67351,20125,94.37
67352,20019,1.52
67352,20049,98.48
67353,20019,8.42
67353,20049,91.58
67354,20099,100
67355,20019,100
67356,20021,2.29
67356,20099,97.71
67357,20099,96.32
67357,20133,3.68
67360,20019,100
67361,20019,100
67363,20125,100
67364,20125,100
67401,20143,0.2
67401,20169,99.8
67410,20027,0.13
67410,20041,99.87
67416,20169,100
67417,20029,100
67418,20105,89.84
67418,20123,10.16
67420,20029,0.49
67420,20123,99.51
67422,20143,100
67423,20105,100
67425,20053,20.75
67425,20169,79.25
67427,20053,8.82
67427,20159,91.18
67428,20113,96.52
67428,20115,3.48
67430,20089,8.18
67430,20123,91.82
67431,20041,100
67432,20027,98.9
67432,20143,0.96
67432,20161,0.13
67436,20029,11.64
67436,20143,88.36
67437,20141,93.88
67437,20183,6.12
67438,20115,100
67439,20053,99.84
67439,20105,0.16
67441,20041,100
67442,20169,100
67443,20113,100
67444,20053,26.94
67444,20159,73.06
67445,20029,98.68
67445,20143,1.32
67446,20089,5.35
67446,20123,94.65
67447,20027,75.94
67447,20161,24.06
67448,20041,16.38
67448,20113,16.96
67448,20169,66.67
67449,20041,88.57
67449,20115,0.21
67449,20127,11.22
67450,20009,1.62
67450,20053,98.38
67451,20041,100
67452,20105,36.32
67452,20123,63.68
67454,20053,100
67455,20105,100
67456,20113,86.51
67456,20169,13.49
67457,20159,100
67458,20027,90.8
67458,20143,9.2
67459,20053,100
67460,20113,100
67464,20053,15.14
67464,20113,84.86
67466,20027,3.36
67466,20029,89.41
67466,20143,7.24
67467,20143,100
67468,20027,100
67470,20143,3.51
67470,20169,96.49
67473,20141,100
67474,20141,77.23
67474,20183,22.77
67475,20041,7.77
67475,20115,92.23
67478,20123,100
67480,20041,79.22
67480,20143,12.91
67480,20169,7.87
67481,20105,98.64
67481,20167,1.36
67482,20041,100
67483,20115,100
67484,20105,1.8
67484,20143,85.52
67484,20169,12.68
67485,20123,84.96
67485,20141,15.04
67487,20027,95.36
67487,20041,3.09
67487,20061,1.55
67490,20053,93.18
67490,20105,2.37
67490,20167,4.45
67491,20113,82.71
67491,20159,17.29
67492,20041,100
67501,20155,100
67502,20155,99.92
67502,20159,0.08
67505,20155,100
67510,20155,100
67511,20009,78.62
67511,20165,21.38
67512,20159,100
67513,20165,100
67514,20155,100
67515,20135,100
67516,20135,100
67518,20101,4.35
67518,20135,95.65
67519,20047,94.82
67519,20145,5.18
67520,20165,100
67521,20135,93.55
67521,20195,6.45
67522,20079,4.29
67522,20155,95.71
67523,20083,9.65
67523,20145,90.35
67524,20159,100
67525,20009,98.57
67525,20159,1.43
67526,20009,97.43
67526,20159,1.27
67526,20185,1.3
67529,20145,100
67530,20009,99.54
67530,20185,0.46
67543,20155,100
67544,20009,100
67545,20185,100
67546,20113,95.76
67546,20155,0.35
67546,20159,3.89
67547,20047,98.3
67547,20083,1.7
67548,20165,100
67550,20145,99.31
67550,20185,0.69
67552,20047,100
67553,20165,100
67554,20159,100
67556,20051,5.31
67556,20135,6.88
67556,20165,87.81
67557,20047,2.77
67557,20145,4.7
67557,20151,2.21
67557,20185,90.32
67559,20145,15.38
67559,20165,84.62
67560,20135,100
67561,20155,100
67563,20047,77.9
67563,20057,18.06
67563,20083,4.04
67564,20009,100
67565,20009,18.88
67565,20165,81.12
67566,20155,100
67567,20009,70.91
67567,20145,16.92
67567,20165,4.94
67567,20185,7.22
67568,20155,100
67570,20095,8.89
67570,20155,91.11
67572,20135,89.69
67572,20195,10.31
67573,20159,100
67574,20145,100
67575,20145,3.01
67575,20165,96.99
67576,20185,100
67578,20185,100
67579,20155,8.27
67579,20159,91.73
67581,20155,100
67583,20151,33.86
67583,20155,61.94
67583,20185,4.21
67584,20063,5.2
67584,20101,4.09
67584,20135,79.93
67584,20195,10.78
67601,20051,100
67621,20147,100
67622,20137,100
67623,20141,100
67625,20065,100
67626,20167,100
67628,20183,100
67629,20039,26.57
67629,20137,73.43
67631,20065,6.43
67631,20195,93.57
67632,20065,14.98
67632,20163,85.02
67634,20167,100
67635,20039,75.15
67635,20179,24.85
67637,20051,92.57
67637,20195,7.43
67638,20183,100
67639,20147,100
67640,20051,13.47
67640,20167,86.53
67642,20065,100
67643,20039,100
67644,20147,100
67645,20065,9.89
67645,20137,90.11
67646,20065,1.81
67646,20137,1.11
67646,20147,95.54
67646,20163,1.53
67647,20137,2.34
67647,20147,97.66
67648,20105,4.01
67648,20141,8.74
67648,20167,87.25
67649,20141,11.11
67649,20167,88.89
67650,20065,100
67651,20051,3.55
67651,20141,77.32
67651,20163,17.16
67651,20167,1.97
67653,20039,73.15
67653,20137,26.85
67654,20137,100
67656,20065,4.49
67656,20195,95.51
67657,20065,10.49
67657,20163,87.88
67657,20195,1.63
67658,20141,13.33
67658,20167,86.67
67659,20065,100
67660,20051,100
67661,20147,100
67663,20051,1.68
67663,20163,98.32
67664,20137,6.23
67664,20147,93.77
67665,20009,0.74
67665,20167,99.26
67667,20051,100
67669,20163,100
67671,20051,100
67672,20065,1.27
67672,20195,98.73
67673,20141,52.78
67673,20167,47.22
67674,20051,100
67675,20163,100
67701,20153,0.75
67701,20193,99.25
67730,20153,100
67731,20023,100
67732,20153,3.87
67732,20181,12.15
67732,20193,83.98
67733,20181,100
67734,20153,14.84
67734,20193,85.16
67735,20181,100
67736,20063,100
67737,20063,84.01
67737,20179,15.99
67738,20063,75.38
67738,20179,24.62
67739,20039,0.39
67739,20153,99.61
67740,20179,100
67741,20023,2.15
67741,20181,97.85
67743,20153,16.46
67743,20193,83.54
67744,20153,100
67745,20023,8.7
67745,20153,91.3
67747,20109,100
67748,20063,3.66
67748,20109,85.97
67748,20193,10.38
67749,20039,99.31
67749,20153,0.69
67751,20063,79.92
67751,20179,20.08
67752,20063,97.36
67752,20179,2.64
67753,20153,6.04
67753,20179,19.06
67753,20193,74.91
67756,20023,100
67757,20039,16.8
67757,20179,83.2
67758,20199,100
67761,20109,27.31
67761,20199,72.69
67762,20199,100
67764,20109,87.54
67764,20193,12.46
67801,20057,100
67831,20025,100
67834,20025,3.42
67834,20057,96.58
67835,20055,4.87
67835,20069,95.13
67836,20075,100
67837,20069,56.7
67837,20081,38.32
67837,20119,4.98
67838,20055,0.92
67838,20093,99.08
67839,20063,1.62
67839,20101,98.38
67840,20025,100
67841,20057,15.04
67841,20069,84.96
67842,20025,2.34
67842,20057,97.66
67843,20057,100
67844,20057,6.15
67844,20069,2.46
67844,20119,91.39
67846,20055,99.92
67846,20069,0.06
67846,20101,0.02
67849,20083,100
67850,20101,100
67851,20055,100
67853,20055,4.65
67853,20069,95.35
67854,20083,100
67855,20067,0.71
67855,20129,0.81
67855,20187,98.48
67857,20075,63.79
67857,20093,36.21
67859,20175,100
67860,20093,100
67861,20109,0.61
67861,20203,99.39
67862,20129,5.63
67862,20187,94.37
67863,20171,12.46
67863,20203,87.54
67864,20119,100
67865,20025,86.22
67865,20057,13.78
67867,20069,97.21
67867,20119,2.79
67868,20055,100
67869,20119,96.65
67869,20175,3.35
67870,20081,95.47
67870,20175,4.53
67871,20055,0.52
67871,20063,0.06
67871,20109,0.58
67871,20171,98.49
67871,20203,0.34
67876,20057,95.85
67876,20083,4.15
67877,20081,98.67
67877,20175,1.33
67878,20075,99.84
67878,20187,0.16
67879,20071,100
67880,20067,99.2
67880,20093,0.8
67882,20057,100
67901,20175,99.71
67901,20189,0.29
67950,20129,94.29
67950,40139,5.71
67951,20189,100
67952,20175,6.76
67952,20189,93.24
67953,20129,100
67954,20129,97.43
67954,20189,2.57
68001,31023,100
68002,31177,100
68003,31025,12.86
68003,31155,87.14
68004,31039,100
68005,31153,100
68007,31055,97.06
68007,31177,2.94
68008,31177,100
68010,31055,100
68014,31023,100
68015,31155,100
68016,31025,100
68017,31109,15.66
68017,31155,84.34
68018,31155,100
68019,31021,100
68020,31021,96.13
68020,31173,3.87
68022,31055,100
68023,31177,100
68025,31053,95.85
68025,31155,4.15
68028,31153,100
68029,31021,8.68
68029,31177,91.32
68030,31043,100
68031,31053,95.24
68031,31177,4.76
68033,31155,100
68034,31177,100
68036,31023,84.83
68036,31155,15.17
68037,31025,100
68038,31021,100
68039,31173,100
68040,31155,100
68041,31155,100
68042,31155,100
68044,31053,71.41
68044,31177,28.59
68045,31021,93.61
68045,31039,6.39
68046,31153,100
68047,31039,10.97
68047,31173,85.32
68047,31179,3.72
68048,31025,100
68050,31155,100
68055,31173,100
68057,31053,100
68058,31025,100
68059,31153,100
68061,31021,100
68062,31173,100
68063,31053,100
68064,31055,95.97
68064,31155,3.88
68064,31177,0.15
68065,31109,21.79
68065,31155,74.97
68065,31159,3.25
68066,31155,100
68067,31173,100
68068,31177,100
68069,31055,98.98
68069,31153,1.02
68070,31155,100
68071,31173,100
68072,31053,100
68073,31155,100
68102,31055,100
68104,31055,100
68105,31055,100
68106,31055,100
68107,31055,100
68108,31055,100
68110,31055,100
68111,31055,100
68112,31055,99
68112,31177,1
68113,31153,100
68114,31055,100
68116,31055,100
68117,31055,100
68118,31055,100
68122,31055,97.2
68122,31177,2.8
68123,31153,100
68124,31055,100
68127,31055,100
68128,31153,100
68130,31055,100
68131,31055,100
68132,31055,100
68133,31153,100
68134,31055,100
68135,31055,100
68136,31153,100
68137,31055,100
68138,31153,100
68142,31055,92.48
68142,31177,7.52
68144,31055,100
68147,31055,1.98
68147,31153,98.02
68152,31055,95.03
68152,31177,4.97
68154,31055,100
68157,31055,2.19
68157,31153,97.81
68164,31055,100
68178,31055,100
68301,31067,81.72
68301,31109,13.85
68301,31131,4.43
68303,31169,100
68304,31025,100
68305,31127,100
68307,31025,80.19
68307,31131,19.81
68309,31067,100
68310,31067,100
68313,31159,100
68314,31159,100
68315,31169,100
68316,31143,5.59
68316,31185,94.41
68317,31109,98.86
68317,31131,1.14
68318,31067,100
68319,31185,100
68320,31127,100
68321,31127,100
68322,31059,8.64
68322,31169,91.36
68323,31133,100
68324,31131,100
68325,20157,14.66
68325,31169,85.34
68326,31169,100
68327,31169,100
68328,31067,100
68329,31097,80.24
68329,31131,19.76
68331,31067,100
68332,31097,100
68333,31109,6.86
68333,31151,93.14
68335,31129,15.83
68335,31169,84.17
68336,31109,100
68337,31147,100
68338,31095,100
68339,31109,95.88
68339,31159,4.12
68340,31169,100
68341,31067,25.74
68341,31095,4.13
68341,31151,70.12
68342,31067,10
68342,31095,90
68343,31151,97.81
68343,31159,2.19
68344,31131,100
68345,31133,91.45
68345,31147,8.55
68346,31131,100
68347,31025,79.18
68347,31109,3.31
68347,31131,17.51
68348,31097,100
68349,31025,100
68350,31095,100
68351,31059,91.21
68351,31185,8.79
68352,31095,100
68354,31059,96.07
68354,31185,3.93
68355,31147,100
68357,31067,100
68358,31067,20.67
68358,31109,79.33
68359,31151,85.49
68359,31159,14.51
68360,31159,100
68361,31059,100
68362,31169,100
68364,31159,100
68365,31059,100
68366,31025,90.93
68366,31109,9.07
68367,31143,12.58
68367,31159,17.35
68367,31185,70.07
68368,31109,100
68370,31169,100
68371,31081,8.11
68371,31185,91.89
68372,31109,100
68375,31169,100
68376,31127,4.78
68376,31133,2.21
68376,31147,93.01
68377,31095,100
68378,31097,3.97
68378,31127,96.03
68379,31127,100
68380,31133,100
68381,31067,84.34
68381,31133,15.66
68382,31131,100
68401,31185,100
68402,31109,100
68403,31025,100
68404,31109,100
68405,31159,100
68406,31059,88.65
68406,31151,11.35
68407,31025,100
68409,31025,100
68410,31131,100
68413,31025,94
68413,31131,6
68414,31127,100
68415,31067,100
68416,31059,100
68417,31131,100
68418,31131,100
68419,31109,100
68420,31133,100
68421,31127,100
68422,31067,100
68423,31159,100
68424,31095,100
68428,31109,93.89
68428,31159,6.11
68430,31109,100
68431,31147,100
68433,31147,100
68434,31159,100
68436,31059,100
68437,31147,100
68438,31109,100
68439,31159,100
68440,31095,100
68441,31133,100
68442,31127,11.18
68442,31147,88.82
68443,31097,100
68444,31059,100
68445,31151,100
68446,31131,100
68447,31097,4.09
68447,31133,95.91
68448,31131,100
68450,31097,100
68452,31035,100
68453,31059,8.55
68453,31151,91.45
68454,31131,100
68455,31025,100
68456,31159,100
68457,31147,100
68458,31067,100
68460,31185,100
68461,31109,100
68462,31025,0.78
68462,31109,99.22
68463,31025,100
68464,31151,100
68465,31067,1.33
68465,31151,98.67
68466,31067,100
68467,31185,100
68502,31109,100
68503,31109,100
68504,31109,100
68505,31109,100
68506,31109,100
68507,31109,100
68508,31109,100
68510,31109,100
68512,31109,100
68514,31109,100
68516,31109,100
68517,31109,100
68520,31109,100
68521,31109,100
68522,31109,100
68523,31109,100
68524,31109,100
68526,31109,100
68527,31109,100
68528,31109,100
68531,31109,100
68532,31109,100
68601,31023,1.03
68601,31037,1.23
68601,31141,96.22
68601,31143,1.52
68620,31011,100
68621,31053,100
68622,31183,100
68623,31125,100
68624,31023,100
68626,31023,100
68627,31011,100
68628,31081,3.39
68628,31121,85.84
68628,31143,10.77
68629,31037,86.38
68629,31167,13.62
68631,31141,95.63
68631,31167,4.38
68632,31023,100
68633,31037,8.99
68633,31039,14.5
68633,31053,76.51
68634,31141,100
68635,31023,100
68636,31003,97.77
68636,31183,2.23
68637,31183,100
68638,31125,100
68640,31125,91.2
68640,31141,8.8
68641,31037,76.01
68641,31039,9.78
68641,31167,14.21
68642,31119,5.35
68642,31141,94.65
68643,31037,65.89
68643,31141,21.37
68643,31167,12.74
68644,31119,11.79
68644,31141,88.21
68647,31141,100
68648,31155,100
68649,31053,100
68651,31143,100
68652,31011,100
68653,31141,100
68654,31081,6.28
68654,31143,80.96
68654,31185,12.75
68655,31011,100
68658,31023,100
68659,31037,100
68660,31011,84.34
68660,31125,2.9
68660,31141,12.75
68661,31037,100
68662,31023,3.9
68662,31143,96.1
68663,31121,77
68663,31125,9.46
68663,31143,13.53
68664,31053,100
68665,31077,87.13
68665,31183,12.87
68666,31143,100
68667,31023,100
68669,31023,100
68701,31119,90.03
68701,31139,2.02
68701,31167,7.95
68710,31051,100
68711,31089,100
68713,31089,100
68714,31149,100
68715,31119,100
68716,31039,100
68717,31027,100
68718,31107,100
68719,31015,86.3
68719,46053,13.7
68720,31003,100
68722,31015,100
68723,31179,100
68724,31107,100
68725,31089,100
68726,31003,96.3
68726,31089,3.7
68727,31027,100
68728,31051,100
68729,31003,7.51
68729,31107,92.49
68730,31027,23.98
68730,31107,76.02
68731,31043,100
68732,31051,100
68733,31043,38.41
68733,31051,43
68733,31173,18.58
68734,31089,100
68735,31003,8.13
68735,31089,78.09
68735,31183,13.77
68736,31027,100
68739,31027,100
68740,31167,3.59
68740,31179,96.41
68741,31043,100
68742,31089,100
68743,31043,100
68745,31027,97.71
68745,31179,2.29
68746,31015,88.54
68746,31089,11.46
68747,31139,100
68748,31119,96.5
68748,31167,3.5
68749,31027,100
68751,31051,100
68752,31119,93.92
68752,31139,6.08
68753,31103,100
68755,31015,100
68756,31003,100
68757,31027,6.63
68757,31051,93.37
68758,31011,7.13
68758,31119,80.84
68758,31141,12.03
68759,31103,26.78
68759,31149,73.22
68760,31107,100
68761,31003,100
68763,31089,100
68764,31003,81.14
68764,31089,3.59
68764,31107,15.27
68765,31139,100
68766,31089,100
68767,31139,100
68768,31167,100
68769,31003,10.19
68769,31139,89.81
68770,31043,2.26
68770,31051,97.74
68771,31027,76.97
68771,31139,15.09
68771,31179,7.94
68773,31003,100
68774,31027,100
68776,31043,100
68777,31015,94.83
68777,31089,5.17
68778,31103,100
68779,31167,100
68780,31089,100
68781,31003,42.15
68781,31119,57.85
68783,31107,100
68784,31051,73.91
68784,31179,26.09
68785,31043,27.37
68785,31051,72.63
68786,31027,4.82
68786,31107,95.18
68787,31051,0.78
68787,31179,99.22
68788,31039,100
68789,31107,100
68790,31179,100
68791,31039,98.78
68791,31179,1.22
68792,31027,100
68801,31079,97.42
68801,31121,2.58
68803,31079,100
68810,31079,100
68812,31019,100
68813,31009,9.55
68813,31041,90.45
68814,31041,100
68815,31041,11.24
68815,31163,10.57
68815,31175,78.19
68816,31121,100
68817,31093,7.25
68817,31163,92.75
68818,31035,0.8
68818,31081,99.2
68820,31093,100
68821,31009,100
68822,31041,100
68823,31071,85.34
68823,31115,8.95
68823,31149,0.96
68823,31175,4.75
68824,31079,96.25
68824,31093,3.75
68825,31041,100
68826,31121,100
68827,31121,100
68828,31041,74.58
68828,31175,25.42
68831,31093,100
68832,31079,96.66
68832,31081,3.34
68833,31009,90.97
68833,31113,9.03
68834,31041,17.26
68834,31047,82.74
68835,31093,100
68836,31019,81.87
68836,31047,4.09
68836,31137,14.04
68837,31175,100
68838,31093,100
68840,31019,96.54
68840,31099,3.46
68841,31081,100
68842,31077,100
68843,31081,100
68844,31019,27.63
68844,31163,72.37
68845,31019,98.29
68845,31099,1.71
68846,31081,100
68847,31019,98.86
68847,31099,1.14
68849,31019,100
68850,31047,99.41
68850,31073,0.59
68852,31163,100
68853,31163,100
68854,31081,100
68855,31041,100
68856,31041,100
68858,31019,100
68859,31175,100
68860,31041,100
68861,31019,100
68862,31175,100
68863,31047,96
68863,31137,4
68864,31093,12.07
68864,31121,78.48
68864,31125,9.44
68865,31081,100
68866,31019,97.88
68866,31041,2.12
68869,31019,91.28
68869,31163,8.72
68870,31019,100
68871,31163,100
68872,31093,83.35
68872,31121,16.65
68873,31093,100
68874,31041,100
68875,31077,100
68876,31019,95.47
68876,31079,4.53
68878,31041,5.16
68878,31047,94.84
68879,31115,100
68881,31041,100
68882,31077,83.09
68882,31093,16.91
68883,31001,3.9
68883,31079,96.1
68901,31001,99.9
68901,31035,0.1
68920,31083,100
68922,31065,92.74
68922,31073,7.26
68923,31137,100
68924,31099,98.56
68924,31137,1.44
68925,31001,100
68926,31065,100
68927,31073,7.04
68927,31137,92.96
68928,31001,7.04
68928,31181,92.96
68929,31061,100
68930,31001,8.21
68930,31181,91.79
68932,31001,6.49
68932,31061,81.74
68932,31181,11.76
68933,31035,100
68934,31035,69.15
68934,31129,30.85
68935,31035,84.67
68935,31129,15.33
68936,31065,88.07
68936,31073,11.93
68937,31047,25.44
68937,31073,74.56
68938,31035,100
68939,31061,100
68940,31137,100
68941,31001,36.18
68941,31035,63.82
68942,31129,11.22
68942,31181,88.78
68943,31129,100
68944,31035,95.84
68944,31081,4.16
68945,31099,100
68946,31065,100
68947,31061,100
68948,31065,88.43
68948,31073,11.57
68949,31083,1.77
68949,31137,98.23
68950,31001,100
68952,31181,100
68954,31035,100
68955,31001,100
68956,31001,91.52
68956,31079,4.2
68956,31099,4.28
68957,31129,89.22
68957,31181,10.78
68958,31137,100
68959,31099,100
68960,31061,100
68961,31129,100
68964,31129,100
68966,31083,100
68967,31065,70.32
68967,31083,29.68
68969,31083,100
68970,31181,100
68971,31083,100
68972,31061,100
68973,31001,100
68974,31129,100
68975,31035,100
68976,31073,100
68977,31065,17.84
68977,31083,82.16
68978,20089,2.94
68978,31129,97.06
68979,31035,93.96
68979,31059,6.04
68980,31001,13.92
68980,31035,72.16
68980,31081,13.92
68981,31061,100
68982,31061,13.71
68982,31083,10.94
68982,31099,65.02
68982,31137,10.32
69001,31063,1.71
69001,31145,98.29
69020,31145,100
69021,31057,100
69022,31063,10.38
69022,31065,82.23
69022,31145,7.39
69023,31029,100
69024,31085,5.1
69024,31087,92.22
69024,31145,2.68
69025,31063,96.8
69025,31111,3.2
69026,31145,100
69027,31029,100
69028,31047,12.72
69028,31063,82.35
69028,31073,4.92
69029,31047,68.35
69029,31063,26.27
69029,31111,5.38
69030,31029,5.25
69030,31057,94.75
69032,31085,100
69033,31029,100
69034,31063,3.41
69034,31145,96.59
69036,31145,100
69037,31057,100
69038,31063,87.08
69038,31085,12.92
69039,31063,76.98
69039,31111,23.02
69040,31085,31.86
69040,31087,68.14
69041,31057,100
69042,31063,100
69043,31087,100
69044,31087,100
69045,31029,80.1
69045,31057,7.49
69045,31085,12.41
69046,31065,100
69101,31111,99.9
69101,31117,0.1
69120,31041,87.65
69120,31111,6.34
69120,31113,6.02
69121,31005,100
69122,31049,92.57
69122,31101,7.43
69123,31111,100
69125,31123,100
69127,31101,100
69128,31007,14.9
69128,31105,85.1
69129,31049,100
69130,31047,100
69131,31033,96.43
69131,31123,3.57
69132,31111,100
69133,31105,100
69134,31085,3.3
69134,31135,96.7
69135,31031,100
69138,31041,3.65
69138,31047,93.81
69138,31111,2.54
69140,31135,100
69141,31033,100
69142,31171,100
69143,31111,100
69144,31101,100
69145,31007,1.12
69145,31105,98.88
69146,31005,7.19
69146,31101,92.81
69147,31069,63.64
69147,31101,36.36
69148,31069,76.5
69148,31123,23.5
69149,31033,95.14
69149,31069,4.86
69150,31135,100
69151,31111,100
69152,31031,16.93
69152,31091,83.07
69153,31101,100
69154,31069,100
69155,31101,100
69156,31007,8.15
69156,31033,91.85
69157,31009,100
69161,31031,23.46
69161,31171,76.54
69162,31033,100
69163,31111,18.9
69163,31113,77.89
69163,31171,3.21
69165,31111,96.25
69165,31117,3.75
69166,31031,30
69166,31171,70
69167,31117,100
69168,31029,6.64
69168,31135,93.36
69169,31085,2.3
69169,31111,87.25
69169,31135,10.45
69170,31111,100
69171,31047,100
69201,31031,92.66
69201,31103,0.67
69201,46121,6.67
69210,31017,99.52
69210,31103,0.48
69211,31031,100
69212,31031,64.11
69212,46121,35.89
69214,31017,100
69216,31031,70.69
69216,46121,29.31
69217,31017,88.18
69217,31149,11.82
69218,31031,100
69219,31031,100
69220,31031,61.02
69220,31103,38.98
69221,31031,100
69301,31013,98.08
69301,31123,0.57
69301,31161,1.34
69331,31123,100
69333,31031,37.24
69333,31069,12.13
69333,31075,50.63
69334,31007,1.11
69334,31123,86.86
69334,31157,12.04
69335,31161,100
69336,31123,100
69337,31045,99.66
69337,31161,0.34
69339,31045,95.42
69339,31165,4.58
69340,31161,100
69341,31007,0.47
69341,31157,99.53
69343,31031,6.3
69343,31161,93.7
69345,31007,100
69346,31165,100
69347,31045,5.2
69347,31161,94.8
69348,31013,91.62
69348,31045,4.13
69348,31165,4.26
69350,31005,1.31
69350,31031,10.18
69350,31075,88.51
69351,31069,28.94
69351,31161,71.06
69352,31157,100
69353,31157,100
69354,31045,62.89
69354,31165,37.11
69355,31157,100
69356,31157,100
69357,31157,94.56
69357,31165,5.44
69358,31157,82.96
69358,31165,17.04
69360,31161,100
69361,31157,99.82
69361,31165,0.18
69365,31161,100
69366,31005,12.25
69366,31031,26.88
69366,31075,60.87
69367,31045,100
70001,22051,100
70002,22051,100
70003,22051,100
70005,22051,100
70006,22051,100
70030,22057,10.01
70030,22089,89.99
70031,22089,100
70032,22087,100
70036,22051,100
70037,22075,100
70038,22075,100
70039,22089,100
70040,22075,100
70041,22075,100
70043,22087,100
70047,22089,100
70049,22095,100
70050,22075,100
70051,22095,100
70052,22093,100
70053,22051,100
70056,22051,100
70057,22089,100
70058,22051,100
70062,22051,100
70065,22051,100
70067,22051,100
70068,22089,5.68
70068,22095,94.32
70070,22089,100
70071,22093,100
70072,22051,100
70075,22087,100
70076,22095,100
70079,22089,100
70080,22089,100
70082,22075,100
70083,22075,100
70084,22095,100
70085,22087,100
70086,22093,100
70087,22089,100
70090,22093,88.05
70090,22095,11.95
70091,22075,100
70092,22087,100
70094,22051,100
70112,22071,100
70113,22071,100
70114,22071,100
70115,22071,100
70116,22071,100
70117,22071,100
70118,22071,100
70119,22071,100
70121,22051,100
70122,22071,100
70123,22051,100
70124,22071,100
70125,22071,100
70126,22071,100
70127,22071,100
70128,22071,100
70129,22071,100
70130,22071,100
70131,22071,100
70139,22071,0
70163,22071,0
70301,22007,1.91
70301,22057,90.93
70301,22109,7.16
70339,22007,93.2
70339,22099,6.8
70340,22101,100
70341,22007,100
70342,22101,100
70343,22057,8.39
70343,22109,91.61
70344,22109,100
70345,22057,100
70346,22005,100
70352,22109,100
70353,22109,100
70354,22057,100
70355,22057,100
70356,22109,100
70357,22057,100
70358,22051,100
70359,22057,31.55
70359,22109,68.45
70360,22109,100
70363,22109,100
70364,22057,18.4
70364,22109,81.6
70372,22007,100
70373,22057,100
70374,22057,100
70375,22057,100
70377,22057,11.54
70377,22109,88.46
70380,22007,9
70380,22099,4.49
70380,22101,86.51
70390,22007,100
70391,22007,100
70392,22099,0.04
70392,22101,99.96
70393,22007,100
70394,22057,100
70395,22109,100
70397,22109,100
70401,22105,100
70402,22105,100
70403,22063,5.1
70403,22105,94.9
70420,22103,100
70422,22091,19.56
70422,22105,80.44
70426,22117,100
70427,22103,3.35
70427,22117,96.65
70431,22103,99.24
70431,22117,0.76
70433,22103,99.8
70433,22105,0.2
70435,22103,99.73
70435,22105,0.27
70436,22105,100
70437,22103,87.74
70437,22105,12.26
70438,22117,100
70441,22091,100
70442,22105,100
70443,22063,17.6
70443,22091,3.02
70443,22105,79.38
70444,22091,11.99
70444,22105,88.01
70445,22103,100
70446,22105,100
70447,22103,100
70448,22103,100
70449,22063,100
70450,22117,100
70451,22105,100
70452,22103,100
70453,22063,17.22
70453,22091,82.78
70454,22105,100
70455,22105,100
70456,22105,100
70458,22103,100
70460,22103,100
70461,22103,100
70462,22063,97.82
70462,22105,2.18
70463,22103,100
70464,22103,100
70465,22105,100
70466,22063,4.82
70466,22105,95.18
70471,22103,100
70501,22055,100
70503,22055,100
70506,22055,100
70507,22055,100
70508,22055,100
70510,22113,100
70512,22097,59.81
70512,22099,40.19
70513,22045,100
70514,22101,100
70515,22001,25.46
70515,22039,74.54
70516,22001,100
70517,22055,2.23
70517,22099,97.77
70518,22045,7.16
70518,22055,80.5
70518,22099,12.34
70519,22099,100
70520,22055,98.35
70520,22097,1.65
70523,22101,100
70524,22039,100
70525,22001,76.25
70525,22097,23.75
70526,22001,99.54
70526,22113,0.46
70528,22045,21.47
70528,22113,78.53
70529,22001,2.1
70529,22055,97.9
70531,22001,100
70532,22003,29.72
70532,22053,70.28
70533,22045,1.33
70533,22113,98.67
70534,22001,100
70535,22001,22.14
70535,22039,6.29
70535,22097,71.58
70537,22001,100
70538,22101,100
70541,22097,100
70542,22023,5.07
70542,22113,94.93
70543,22001,100
70544,22045,74.62
70544,22101,25.38
70546,22001,6.59
70546,22053,93.41
70548,22113,100
70549,22023,1.72
70549,22053,98.28
70550,22097,100
70552,22045,100
70554,22039,100
70555,22055,3.64
70555,22113,96.36
70556,22001,100
70558,22055,100
70559,22001,100
70560,22045,98.47
70560,22113,1.53
70563,22045,100
70570,22097,100
70575,22113,100
70576,22039,100
70577,22097,100
70578,22001,87.08
70578,22055,7.42
70578,22113,5.5
70580,22039,100
70581,22053,100
70582,22045,3.3
70582,22099,96.7
70583,22001,5.58
70583,22055,94.42
70584,22097,100
70585,22039,100
70586,22039,99.35
70586,22097,0.65
70589,22097,100
70591,22053,100
70592,22045,3
70592,22055,90.79
70592,22113,6.2
70601,22019,100
70605,22019,100
70607,22019,87.71
70607,22023,12.29
70611,22019,100
70615,22019,100
70630,22019,64.72
70630,22023,35.28
70631,22023,100
70632,22023,100
70633,22011,13.53
70633,22019,86.47
70634,22011,88.62
70634,22115,11.38
70637,22003,72.32
70637,22011,27.68
70638,22003,100
70639,22115,100
70640,22053,100
70643,22023,100
70644,22003,100
70645,22023,100
70646,22019,100
70647,22019,66.51
70647,22053,33.49
70648,22003,93.48
70648,22053,6.52
70650,22053,100
70651,22003,100
70652,22011,100
70653,22011,100
70654,22003,100
70655,22003,100
70656,22003,16.31
70656,22079,14.19
70656,22115,69.5
70657,22003,12.93
70657,22011,81.16
70657,22019,3.99
70657,22053,1.92
70658,22003,100
70659,22115,100
70660,22011,100
70661,22011,14.72
70661,22019,85.28
70662,22011,100
70663,22019,100
70665,22019,100
70668,22019,100
70669,22019,100
70706,22063,96.72
70706,22091,3.28
70710,22121,100
70711,22063,100
70712,22125,100
70714,22033,100
70715,22077,100
70719,22121,100
70721,22047,100
70722,22033,2.63
70722,22037,97.37
70723,22093,100
70725,22005,100
70726,22063,100
70729,22077,22.48
70729,22121,77.52
70730,22037,100
70732,22077,100
70733,22063,100
70734,22005,100
70736,22077,100
70737,22005,100
70739,22033,96.91
70739,22063,3.09
70740,22047,100
70743,22093,100
70744,22063,94.82
70744,22091,5.18
70747,22077,100
70748,22033,3.23
70748,22037,96.77
70749,22077,100
70750,22077,0.1
70750,22097,99.9
70752,22077,100
70753,22077,100
70754,22063,100
70755,22077,100
70756,22077,100
70757,22047,60.21
70757,22077,39.53
70757,22099,0.25
70759,22077,100
70760,22077,100
70761,22037,100
70762,22077,100
70763,22093,100
70764,22047,99.88
70764,22121,0.12
70767,22121,100
70769,22005,100
70770,22033,100
70772,22047,100
70773,22077,100
70774,22005,98.17
70774,22063,1.83
70775,22125,100
70776,22047,100
70777,22033,31.44
70777,22037,68.56
70778,22005,100
70780,22047,100
70782,22125,100
70783,22077,100
70785,22063,100
70787,22125,100
70788,22047,100
70789,22037,100
70791,22033,99.24
70791,22037,0.76
70801,22033,100
70802,22033,100
70803,22033,100
70805,22033,100
70806,22033,100
70807,22033,100
70808,22033,100
70809,22033,100
70810,22033,100
70811,22033,100
70812,22033,100
70814,22033,100
70815,22033,100
70816,22033,100
70817,22033,100
70818,22033,100
70819,22033,100
70820,22033,100
70836,22033,0
71001,22013,83.73
71001,22027,7.83
71001,22061,8.43
71003,22027,100
71004,22017,100
71006,22015,100
71007,22017,100
71008,22013,100
71016,22013,100
71018,22015,4.69
71018,22119,95.31
71019,22069,6.29
71019,22081,93.71
71021,22119,100
71023,22015,4.85
71023,22119,95.15
71024,22013,11.9
71024,22119,88.1
71027,22031,100
71028,22013,100
71029,22017,100
71030,22031,100
71031,22069,61.75
71031,22127,38.25
71032,22031,100
71033,22017,100
71034,22081,100
71037,22015,100
71038,22027,99.58
71038,22119,0.42
71039,22013,19.54
71039,22119,80.46
71040,22027,100
71043,22017,100
71044,22017,100
71045,22013,100
71046,22017,12.66
71046,22031,87.34
71047,22017,100
71048,22027,100
71049,22031,100
71051,22015,99.67
71051,22017,0.33
71052,22031,98.9
71052,22081,1.1
71055,22013,0.18
71055,22027,2.14
71055,22119,97.68
71060,22017,100
71061,22017,100
71063,22031,100
71064,22015,100
71065,22069,1.54
71065,22085,98.46
71067,22015,99.79
71067,22119,0.21
71068,22013,89.08
71068,22081,10.92
71069,22017,100
71070,22013,48.17
71070,22069,51.83
71071,22015,0.78
71071,22119,99.22
71072,22119,100
71073,22119,100
71075,22015,1.93
71075,22119,98.07
71078,22031,100
71079,22027,100
71082,22017,100
71101,22017,100
71103,22017,100
71104,22015,2.59
71104,22017,97.41
71105,22015,10.12
71105,22017,89.88
71106,22017,100
71107,22015,0.3
71107,22017,99.7
71108,22017,100
71109,22017,100
71110,22015,100
71111,22015,100
71112,22015,100
71115,22017,98.26
71115,22081,1.74
71118,22017,100
71119,22017,100
71129,22017,100
71201,22073,100
71202,22073,100
71203,22073,100
71209,22073,100
71219,22041,100
71220,22067,100
71222,22027,10.63
71222,22111,89.37
71223,22067,100
71225,22073,100
71226,22049,100
71227,22049,15.1
71227,22061,80.96
71227,22073,3.93
71229,22067,77.74
71229,22073,22.26
71232,22041,11.49
71232,22065,10.91
71232,22083,77.6
71233,22065,100
71234,22061,4.63
71234,22073,17.76
71234,22111,77.61
71235,22027,0.84
71235,22061,99.16
71237,22035,6.08
71237,22083,6.78
71237,22123,87.14
71238,22049,28.32
71238,22073,71.68
71241,22111,100
71243,22041,100
71245,22061,100
71247,22049,100
71250,22067,100
71251,22013,2.87
71251,22049,97.13
71253,22123,100
71254,22035,100
71256,22027,25.87
71256,22111,74.13
71259,22083,100
71260,22111,100
71261,22067,100
71263,22123,100
71264,22067,48.61
71264,22083,51.39
71266,22123,100
71268,22013,11.74
71268,22049,88.26
71269,22083,100
71270,22049,2.71
71270,22061,97.29
71272,22061,100
71275,22013,5.38
71275,22061,94.62
71276,22035,100
71277,22111,100
71279,22083,100
71280,22067,13.33
71280,22073,66.19
71280,22111,20.48
71282,22065,100
71286,22035,100
71291,22073,100
71292,22073,100
71295,22041,100
71301,22079,100
71302,22079,100
71303,22079,100
71316,22029,100
71322,22009,90.47
71322,22097,9.53
71323,22009,100
71325,22039,20.06
71325,22079,79.94
71326,22025,29.64
71326,22029,70.36
71327,22009,100
71328,22009,6.19
71328,22059,0
71328,22079,93.81
71331,22009,100
71333,22009,100
71334,22029,100
71336,22041,100
71339,22009,100
71340,22025,100
71341,22009,100
71342,22059,100
71343,22025,83.65
71343,22029,12.48
71343,22059,3.87
71345,22097,100
71346,22079,100
71350,22009,100
71351,22009,99.02
71351,22079,0.98
71353,22097,100
71354,22029,100
71355,22009,100
71356,22009,16.98
71356,22097,83.02
71357,22107,100
71358,22097,100
71360,22009,0.71
71360,22043,1.79
71360,22079,97.5
71362,22009,97.05
71362,22097,2.95
71366,22107,100
71367,22039,98.2
71367,22079,1.8
71368,22025,100
71369,22009,100
71371,22059,100
71373,22029,100
71375,22107,100
71377,22029,100
71378,22041,100
71401,22025,100
71403,22085,0.94
71403,22115,99.06
71404,22043,33.88
71404,22127,66.12
71405,22079,100
71406,22085,100
71407,22043,100
71409,22079,100
71410,22127,100
71411,22069,100
71414,22069,100
71416,22069,100
71417,22043,100
71418,22021,88.42
71418,22025,0.91
71418,22073,3.13
71418,22083,7.55
71419,22031,11.87
71419,22085,88.13
71422,22127,100
71423,22043,94.38
71423,22079,5.62
71424,22079,100
71425,22025,100
71426,22085,100
71427,22069,25.18
71427,22079,74.82
71429,22085,100
71430,22079,100
71432,22043,100
71433,22079,100
71435,22021,98.72
71435,22025,1.28
71438,22079,67.4
71438,22115,32.6
71439,22085,20.08
71439,22115,79.92
71441,22021,87.7
71441,22059,12.3
71446,22115,100
71447,22069,38.39
71447,22079,60.18
71447,22115,1.43
71449,22085,100
71450,22069,72.24
71450,22085,27.76
71452,22069,100
71454,22043,88.13
71454,22127,11.87
71455,22069,40.97
71455,22079,59.03
71456,22069,100
71457,22069,98.62
71457,22127,1.38
71459,22115,100
71461,22115,100
71462,22085,100
71463,22003,91.83
71463,22039,4.08
71463,22079,4.08
71465,22021,3.06
71465,22025,0.99
71465,22059,94.71
71465,22127,1.24
71466,22079,100
71467,22043,99.75
71467,22079,0.25
71468,22069,100
71469,22069,83.78
71469,22085,16.22
71472,22079,100
71473,22127,100
71474,22115,100
71479,22059,72.63
71479,22127,27.37
71480,22059,100
71483,22127,100
71485,22079,100
71486,22085,100
71601,05069,100
71602,05053,1.36
71602,05069,98.64
71603,05025,0.26
71603,05053,0.25
71603,05069,98.9
71603,05079,0.59
71630,05041,100
71631,05011,100
71635,05003,100
71638,05017,82.92
71638,05041,2.4
71638,05043,14.68
71639,05041,89.85
71639,05079,10.15
71640,05017,100
71642,05003,81.64
71642,05043,18.36
71643,05079,100
71644,05069,3.59
71644,05079,96.41
71646,05003,98.53
71646,05043,1.47
71647,05011,100
71651,05011,100
71652,05025,100
71653,05017,100
71654,05041,100
71655,05043,99.91
71655,05079,0.09
71658,05003,100
71659,05069,100
71660,05011,0.52
71660,05025,99.48
71661,05003,96
71661,05017,4
71662,05041,100
71663,05003,66.26
71663,05017,33.74
71665,05025,100
71666,05041,100
71667,05025,2.85
71667,05079,97.15
71670,05041,68.07
71670,05043,31.93
71671,05011,97.67
71671,05025,2.22
71671,05043,0.12
71674,05041,100
71675,05011,5.81
71675,05043,94.19
71676,05003,98.54
71676,05017,1.46
71677,05043,100
71701,05013,2.46
71701,05103,97.54
71711,05013,100
71720,05013,3
71720,05039,6.08
71720,05103,90.91
71722,05099,100
71724,05139,100
71725,05039,100
71726,05103,100
71730,05139,100
71740,05027,100
71742,05013,8.86
71742,05039,91.14
71743,05019,100
71744,05013,100
71745,05013,100
71747,05139,100
71749,05139,81.5
71749,22027,5.47
71749,22111,13.03
71751,05103,100
71752,05027,100
71753,05027,98.9
71753,05139,1.1
71758,05139,100
71759,05139,100
71762,05103,4.4
71762,05139,95.6
71763,05039,97.72
71763,05103,2.28
71764,05027,16.33
71764,05099,1.76
71764,05103,81.91
71765,05139,100
71766,05013,100
71770,05027,91.26
71770,05099,8.74
71772,05019,100
71801,05057,100
71820,05081,100
71822,05081,100
71823,05133,100
71825,05057,100
71826,05073,100
71827,05073,79.31
71827,05099,20.69
71832,05133,100
71833,05061,99.47
71833,05133,0.53
71834,05091,100
71835,05057,18.59
71835,05099,81.41
71836,05081,100
71837,05091,100
71838,05057,100
71839,05091,100
71841,05113,10.19
71841,05133,89.81
71842,05133,100
71845,05073,100
71846,05081,0.11
71846,05133,99.89
71847,05057,100
71851,05061,100
71852,05057,10.72
71852,05061,82.56
71852,05109,6.72
71853,05081,100
71854,05091,100
71855,05057,100
71857,05057,5.23
71857,05099,94.77
71858,05099,100
71859,05057,58.7
71859,05061,41.3
71860,05027,7.22
71860,05073,92.1
71860,05099,0.68
71861,05027,61.47
71861,05073,38.53
71862,05057,100
71865,05081,100
71866,05081,100
71901,05051,99.8
71901,05059,0.2
71909,05051,65.1
71909,05125,34.9
71913,05051,98.34
71913,05059,1.66
71921,05019,54.68
71921,05059,8.87
71921,05109,36.45
71922,05109,100
71923,05019,96.28
71923,05039,0.51
71923,05059,3.21
71929,05059,100
71933,05051,45.17
71933,05059,32.05
71933,05097,22.77
71935,05097,100
71937,05113,100
71940,05109,100
71941,05059,100
71943,05059,2.88
71943,05097,27.15
71943,05109,69.96
71944,05113,100
71945,05113,100
71949,05051,100
71950,05109,100
71952,05109,100
71953,05113,98.49
71953,05127,1.51
71956,05051,100
71957,05097,100
71958,05109,100
71959,05061,35.68
71959,05109,64.32
71960,05097,100
71961,05097,100
71962,05019,100
71964,05051,93
71964,05059,7
71965,05097,100
71968,05051,100
71969,05097,100
71970,05097,100
71971,05061,81.09
71971,05109,18.91
71972,05113,100
71973,05061,4.07
71973,05113,95.93
71998,05019,100
71999,05019,100
72001,05029,21.91
72001,05105,78.09
72002,05119,5.77
72002,05125,94.23
72003,05001,100
72004,05069,100
72005,05067,100
72006,05147,100
72007,05085,100
72010,05145,100
72011,05125,100
72012,05145,100
72013,05029,5.14
72013,05141,94.86
72014,05067,100
72015,05053,1.98
72015,05125,98.02
72016,05105,87.36
72016,05119,12.64
72017,05117,100
72019,05125,100
72020,05063,10.1
72020,05067,43.68
72020,05145,46.22
72021,05095,99.82
72021,05147,0.18
72022,05125,100
72023,05045,0.31
72023,05085,89.88
72023,05119,9.81
72024,05085,93.83
72024,05117,6.17
72025,05029,17
72025,05105,80.4
72025,05149,2.6
72026,05001,100
72027,05029,100
72029,05095,100
72030,05029,67.09
72030,05141,32.91
72031,05029,1.59
72031,05137,2.16
72031,05141,96.25
72032,05045,100
72034,05045,100
72035,05045,100
72036,05095,6
72036,05147,94
72037,05085,100
72038,05001,100
72039,05045,57.39
72039,05141,42.61
72040,05117,100
72041,05117,100
72042,05001,100
72044,05023,80.82
72044,05137,19.18
72045,05145,100
72046,05069,6.15
72046,05085,85.82
72046,05119,8.03
72047,05045,100
72048,05001,100
72051,05137,100
72055,05001,100
72057,05053,100
72058,05045,100
72059,05147,100
72060,05117,24.17
72060,05145,75.83
72061,05045,100
72063,05029,96.97
72063,05115,3.03
72064,05117,100
72065,05053,5.76
72065,05119,13.9
72065,05125,80.33
72067,05023,90.13
72067,05141,9.87
72068,05145,100
72069,05095,93.28
72069,05107,6.72
72070,05105,100
72072,05085,100
72073,05001,68.74
72073,05069,31.26
72074,05147,100
72076,05045,0.53
72076,05085,5.66
72076,05119,93.82
72079,05053,5.73
72079,05069,94.27
72080,05029,71.3
72080,05115,6.04
72080,05141,22.66
72081,05145,100
72082,05145,100
72083,05085,100
72084,05039,20.42
72084,05053,62.16
72084,05059,17.41
72085,05145,100
72086,05085,100
72087,05051,39.69
72087,05125,60.31
72088,05023,7.65
72088,05141,92.35
72099,05119,100
72101,05067,6.13
72101,05147,93.87
72102,05145,100
72103,05119,30.88
72103,05125,69.12
72104,05059,99.08
72104,05125,0.92
72106,05045,100
72107,05029,100
72108,05095,100
72110,05029,100
72111,05045,64.17
72111,05145,35.83
72112,05063,0.72
72112,05067,98.85
72112,05147,0.44
72113,05119,100
72114,05119,100
72116,05119,100
72117,05119,100
72118,05119,100
72119,05119,100
72120,05045,2.42
72120,05119,97.58
72121,05023,20.75
72121,05145,79.25
72122,05119,18.55
72122,05125,81.45
72123,05147,100
72125,05029,33.26
72125,05105,66.74
72126,05105,98.23
72126,05119,1.77
72127,05029,100
72128,05053,100
72129,05053,100
72130,05023,100
72131,05023,70.11
72131,05045,26.21
72131,05141,3.67
72132,05053,18.48
72132,05069,81.52
72134,05095,100
72135,05119,100
72136,05145,100
72137,05023,28.57
72137,05145,71.43
72139,05145,100
72140,05001,100
72141,05141,100
72142,05085,50.58
72142,05119,49.42
72143,05023,0.08
72143,05145,99.92
72149,05145,0
72150,05053,99.01
72150,05069,0.99
72152,05069,100
72153,05023,3.89
72153,05137,2.95
72153,05141,93.16
72156,05029,100
72157,05029,100
72160,05001,96.26
72160,05069,0.8
72160,05085,0.39
72160,05117,2.55
72165,05063,100
72166,05001,100
72167,05053,5.35
72167,05059,25.95
72167,05125,68.7
72168,05069,100
72169,05067,100
72170,05117,100
72173,05045,99.59
72173,05145,0.41
72175,05069,100
72176,05085,95.77
72176,05117,4.23
72179,05023,100
72181,05045,100
72201,05119,100
72202,05119,100
72204,05119,100
72205,05119,100
72206,05119,90.31
72206,05125,9.69
72207,05119,100
72209,05119,100
72210,05119,94.12
72210,05125,5.88
72211,05119,100
72212,05119,100
72223,05119,100
72227,05119,100
72301,05035,100
72311,05077,100
72315,05093,100
72320,05077,100
72321,05093,100
72322,05123,100
72324,05037,98.79
72324,05111,1.21
72325,05035,100
72326,05037,6.31
72326,05123,93.69
72327,05035,100
72328,05041,37.5
72328,05107,62.5
72329,05093,100
72330,05093,100
72331,05035,96.7
72331,05037,3.3
72332,05035,100
72333,05107,100
72335,05077,0.04
72335,05123,99.96
72338,05093,82.69
72338,47167,17.31
72339,05035,100
72340,05123,100
72341,05077,100
72342,05107,100
72346,05037,1.15
72346,05123,98.85
72347,05037,91.28
72347,05067,8.72
72348,05035,27.79
72348,05077,1.77
72348,05123,70.43
72350,05093,100
72351,05093,100
72353,05107,100
72354,05093,3.32
72354,05111,96.68
72355,05077,11.99
72355,05107,88.01
72358,05093,100
72359,05123,100
72360,05077,100
72364,05035,100
72365,05111,100
72366,05095,0.63
72366,05107,99.37
72367,05107,100
72368,05077,92.43
72368,05095,7.57
72370,05093,100
72372,05077,11.98
72372,05123,88.02
72373,05037,100
72374,05107,100
72376,05035,100
72377,05111,100
72379,05041,100
72383,05107,100
72384,05035,100
72386,05035,10.64
72386,05093,15.14
72386,05111,74.23
72389,05107,100
72390,05107,100
72392,05095,15.38
72392,05123,83.37
72392,05147,1.25
72394,05123,100
72395,05093,100
72396,05037,99.62
72396,05123,0.38
72401,05031,99.01
72401,05055,0.99
72404,05031,100
72410,05075,100
72411,05031,100
72412,05055,100
72413,05121,100
72414,05031,100
72415,05075,100
72416,05031,91.63
72416,05055,8.37
72417,05031,100
72419,05031,100
72421,05031,100
72422,05021,100
72424,05021,100
72425,05055,97.98
72425,05121,2.02
72426,05093,100
72427,05031,100
72428,05093,100
72429,05111,100
72430,05021,100
72431,05067,100
72432,05111,100
72433,05075,100
72434,05075,59.44
72434,05121,40.56
72435,05021,100
72436,05021,9.87
72436,05055,90.13
72437,05031,100
72438,05093,100
72440,05075,100
72441,05021,100
72442,05093,100
72443,05055,100
72444,05121,100
72445,05075,100
72447,05031,100
72449,05121,100
72450,05031,0.21
72450,05055,99.79
72453,05021,100
72454,05021,100
72455,05121,100
72456,05021,100
72457,05075,100
72458,05075,100
72459,05075,65.31
72459,05121,17.16
72459,05135,17.53
72460,05121,100
72461,05021,94.48
72461,05055,5.52
72462,05121,100
72464,05021,100
72466,05075,60.77
72466,05135,39.23
72467,05031,100
72469,05075,88.35
72469,05135,11.65
72470,05021,100
72471,05067,100
72472,05111,100
72473,05067,100
72476,05075,98.64
72476,05121,1.36
72478,05121,100
72479,05031,2.28
72479,05067,8.13
72479,05111,89.59
72482,05135,100
72501,05063,100
72512,05049,0.76
72512,05065,99.24
72513,05049,34.03
72513,05065,4.8
72513,05135,61.17
72515,05049,100
72517,05065,100
72519,05005,21.08
72519,05065,73.14
72519,05137,5.78
72520,05049,100
72521,05063,26.46
72521,05135,73.54
72522,05063,100
72523,05023,91.84
72523,05063,8.16
72524,05063,100
72526,05063,100
72527,05063,100
72528,05065,100
72529,05049,17.56
72529,05135,82.44
72530,05023,92.4
72530,05137,7.6
72531,05005,48.5
72531,05049,51.5
72532,05065,10.86
72532,05135,89.14
72533,05137,100
72534,05023,7.8
72534,05063,92.2
72536,05065,100
72537,05005,100
72538,05005,3.01
72538,05049,96.99
72539,05049,100
72540,05065,100
72542,05049,14.19
72542,05135,85.81
72543,05023,100
72544,05005,100
72546,05023,100
72550,05023,25.89
72550,05063,69.24
72550,05137,4.87
72553,05063,100
72554,05049,91.28
72554,05135,8.72
72555,05137,100
72556,05065,100
72560,05065,1.72
72560,05137,98.28
72561,05065,100
72562,05063,100
72564,05063,100
72565,05065,100
72566,05065,100
72567,05137,100
72568,05063,100
72569,05135,100
72571,05063,100
72572,05063,12.72
72572,05075,87.28
72573,05065,100
72576,05049,100
72577,05065,56.57
72577,05135,43.43
72578,05049,100
72579,05063,95.42
72579,05135,4.58
72581,05023,100
72583,05049,100
72584,05065,100
72585,05065,100
72587,05065,100
72601,05009,98.33
72601,05089,0.58
72601,05101,1.09
72611,05009,44.34
72611,05015,55.66
72616,05015,100
72617,05005,100
72619,05089,100
72623,05005,100
72624,05015,9.76
72624,05101,90.24
72626,05005,100
72628,05101,100
72629,05141,100
72630,05009,100
72631,05015,100
72632,05015,99.28
72632,05087,0.72
72633,05009,60.01
72633,05089,30.99
72633,05129,9
72634,05089,100
72635,05005,100
72636,05129,100
72638,05015,99.19
72638,05101,0.81
72639,05129,100
72640,05101,100
72641,05101,100
72642,05005,100
72644,05009,94.4
72644,05089,4.94
72644,29213,0.66
72645,05129,78.95
72645,05137,8.78
72645,05141,12.27
72648,05101,100
72650,05129,95.76
72650,05137,4.24
72651,05005,100
72653,05005,99.52
72653,05089,0.48
72655,05101,100
72658,05005,100
72660,05015,100
72661,05089,100
72662,05009,100
72663,05137,100
72666,05101,100
72668,05089,100
72669,05129,100
72670,05101,100
72672,05089,100
72675,05089,11.37
72675,05129,88.63
72677,05089,100
72679,05115,68.75
72679,05129,31.25
72680,05137,100
72682,05089,100
72683,05101,100
72685,05009,4.4
72685,05101,86.23
72685,05129,9.38
72686,05129,100
72687,05009,0.06
72687,05089,99.94
72701,05143,100
72703,05087,0.2
72703,05143,99.8
72704,05143,100
72712,05007,100
72714,05007,100
72715,05007,100
72717,05143,100
72718,05007,100
72719,05007,100
72721,05087,100
72722,05007,100
72727,05087,24.57
72727,05143,75.43
72729,05143,100
72730,05143,100
72732,05007,100
72734,05007,100
72736,05007,100
72738,05007,5.17
72738,05087,73.63
72738,05143,21.21
72739,05007,100
72740,05015,2.36
72740,05087,97.62
72740,05101,0.02
72742,05087,88.81
72742,05101,11.19
72744,05143,100
72745,05007,100
72747,05007,100
72749,05143,100
72751,05007,100
72752,05071,16.72
72752,05087,75.43
72752,05101,7.85
72753,05143,100
72756,05007,99.33
72756,05087,0.67
72758,05007,100
72760,05087,100
72761,05007,99.19
72761,05143,0.81
72762,05007,10.36
72762,05143,89.64
72764,05007,10.75
72764,05143,89.25
72768,05007,100
72769,05143,100
72773,05087,91.71
72773,05143,8.29
72774,05143,100
72776,05087,100
72801,05115,100
72802,05115,100
72821,05047,82.37
72821,05071,17.63
72823,05029,3.59
72823,05115,96.41
72824,05149,100
72826,05083,100
72827,05149,100
72828,05149,100
72830,05071,100
72832,05071,100
72833,05127,2.74
72833,05149,97.26
72834,05083,0.6
72834,05149,99.4
72835,05083,100
72837,05115,100
72838,05149,100
72839,05071,93.8
72839,05101,4.13
72839,05115,2.07
72840,05071,100
72841,05127,100
72842,05149,100
72843,05115,100
72845,05071,100
72846,05071,98.88
72846,05115,1.12
72847,05071,27.37
72847,05115,72.63
72851,05083,100
72852,05071,91.11
72852,05101,8.89
72853,05105,5.95
72853,05149,94.05
72854,05071,79.52
72854,05101,20.48
72855,05047,0.55
72855,05083,99.45
72856,05101,92.67
72856,05115,7.33
72857,05105,21.61
72857,05149,78.39
72858,05115,100
72860,05149,100
72863,05083,100
72865,05083,100
72901,05131,100
72903,05131,100
72904,05131,100
72908,05131,100
72916,05131,100
72921,05033,100
72923,05131,100
72926,05127,100
72927,05083,93.1
72927,05127,4.77
72927,05131,2.13
72928,05047,100
72930,05047,100
72932,05033,100
72933,05047,77.32
72933,05083,1
72933,05131,21.68
72934,05033,100
72935,05033,100
72936,05131,100
72937,05131,100
72938,05131,100
72940,05131,100
72941,05131,100
72943,05083,98.26
72943,05149,1.74
72944,05127,40.29
72944,05131,59.71
72945,05131,100
72946,05033,100
72947,05033,71.19
72947,05047,28.81
72948,05033,100
72949,05047,96.42
72949,05071,2.2
72949,05083,1.38
72950,05127,100
72951,05047,36.23
72951,05083,63.77
72952,05033,100
72955,05033,100
72956,05033,100
72958,05127,100
72959,05033,5.56
72959,05047,0.54
72959,05143,93.9
73002,40051,100
73003,40109,100
73004,40051,100
73005,40015,100
73006,40015,78.48
73006,40031,21.52
73007,40083,23.65
73007,40109,76.35
73008,40109,100
73009,40015,100
73010,40051,47.99
73010,40087,52.01
73011,40051,100
73012,40109,100
73013,40109,100
73014,40017,100
73015,40015,92.56
73015,40075,3.72
73015,40149,3.72
73016,40073,64.49
73016,40083,35.51
73017,40015,59.55
73017,40031,0.9
73017,40051,39.55
73018,40051,100
73019,40027,0
73020,40027,1.68
73020,40109,98.32
73021,40015,12.5
73021,40149,87.5
73024,40149,100
73025,40083,44.39
73025,40109,55.61
73026,40027,100
73027,40083,63.16
73027,40119,36.84
73028,40073,4.17
73028,40083,95.83
73029,40015,100
73030,40049,4.79
73030,40099,95.21
73032,40099,100
73033,40015,100
73034,40083,19.3
73034,40109,80.7
73036,40017,100
73038,40015,100
73040,40011,73.13
73040,40017,26.87
73041,40075,86.34
73041,40149,13.66
73042,40015,100
73043,40011,100
73044,40083,100
73045,40081,15.68
73045,40109,82.62
73045,40125,1.71
73047,40015,82.61
73047,40017,17.39
73048,40011,23.42
73048,40015,68.66
73048,40039,7.92
73049,40109,100
73050,40083,100
73051,40027,100
73052,40049,74.24
73052,40051,1.65
73052,40087,24.12
73053,40015,100
73054,40081,16.35
73054,40083,6.45
73054,40109,77.2
73055,40031,0.08
73055,40051,6.21
73055,40137,93.71
73056,40047,17.01
73056,40073,3.63
73056,40083,79.37
73057,40049,84.44
73057,40087,15.56
73058,40083,100
73059,40015,17.2
73059,40017,2.74
73059,40051,80.06
73061,40103,91.98
73061,40117,8.02
73062,40075,87.68
73062,40149,12.32
73063,40083,86.54
73063,40119,13.46
73064,40017,100
73065,40087,100
73066,40109,100
73067,40051,100
73068,40027,100
73069,40027,100
73071,40027,100
73072,40027,95.13
73072,40087,4.87
73073,40047,3.88
73073,40083,54.16
73073,40103,28.47
73073,40119,13.49
73074,40049,96.3
73074,40087,3.7
73075,40049,100
73077,40103,100
73078,40017,99.67
73078,40109,0.33
73079,40015,7.47
73079,40051,92.53
73080,40087,100
73082,40031,0.94
73082,40051,99.06
73084,40109,100
73086,40099,100
73089,40051,100
73090,40017,100
73092,40015,19.05
73092,40051,80.95
73093,40087,100
73095,40087,100
73096,40039,98.6
73096,40149,1.4
73097,40109,100
73098,40049,90.3
73098,40099,9.7
73099,40017,100
73102,40109,100
73103,40109,100
73104,40109,100
73105,40109,100
73106,40109,100
73107,40109,100
73108,40109,100
73109,40109,100
73110,40109,100
73111,40109,100
73112,40109,100
73114,40109,100
73115,40109,100
73116,40109,100
73117,40109,100
73118,40109,100
73119,40109,100
73120,40109,100
73121,40109,100
73122,40109,100
73127,40017,10.63
73127,40109,89.37
73128,40017,62.17
73128,40109,37.83
73129,40109,100
73130,40109,100
73131,40109,100
73132,40109,100
73134,40109,100
73135,40027,5.17
73135,40109,94.83
73139,40027,42.27
73139,40109,57.73
73141,40109,100
73142,40109,100
73145,40109,100
73149,40027,0
73149,40109,100
73150,40027,0
73150,40109,100
73151,40109,100
73159,40027,29.68
73159,40109,70.32
73160,40027,100
73162,40109,100
73165,40027,100
73169,40027,22.56
73169,40109,77.44
73170,40027,100
73173,40027,100
73179,40017,31.34
73179,40109,68.66
73401,40019,99.56
73401,40069,0.07
73401,40085,0.37
73425,40019,51.19
73425,40137,48.81
73430,40085,100
73432,40005,12.42
73432,40069,87.58
73433,40049,100
73434,40049,42.06
73434,40137,57.94
73437,40019,100
73438,40019,99.24
73438,40137,0.76
73439,40095,100
73440,40095,100
73441,40085,100
73442,40067,11.21
73442,40137,88.79
73443,40019,100
73444,40019,48.72
73444,40099,51.28
73446,40095,100
73447,40069,100
73448,40085,100
73449,40013,100
73450,40069,100
73453,40085,100
73455,40069,100
73456,40019,3.55
73456,40067,90.01
73456,40085,6.44
73458,40019,100
73459,40085,100
73460,40069,100
73461,40005,8.93
73461,40069,91.07
73463,40019,93.06
73463,40085,6.94
73481,40019,79.45
73481,40049,5.83
73481,40137,14.72
73487,40019,100
73491,40137,100
73501,40031,100
73503,40031,100
73505,40031,100
73507,40031,100
73520,40067,100
73521,40065,100
73526,40055,1.5
73526,40065,98.5
73527,40031,100
73528,40031,74.56
73528,40033,6.18
73528,40141,19.26
73529,40067,0.41
73529,40137,99.59
73530,40141,100
73531,40033,100
73532,40057,1.33
73532,40065,98.67
73533,40033,0.11
73533,40137,99.89
73537,40057,5.44
73537,40065,94.56
73538,40031,100
73539,40065,100
73540,40031,98.86
73540,40033,1.14
73541,40031,100
73542,40141,100
73543,40031,97.31
73543,40033,2.69
73544,40057,100
73546,40141,100
73547,40055,100
73548,40033,6.55
73548,40067,38.34
73548,40137,55.11
73549,40065,100
73550,40057,100
73551,40141,100
73552,40031,100
73553,40141,100
73554,40055,99.67
73554,40057,0.33
73555,40141,100
73556,40065,100
73557,40031,100
73559,40031,1.3
73559,40075,98.7
73560,40065,100
73562,40033,100
73564,40031,2.9
73564,40075,97.1
73565,40067,100
73566,40075,95.52
73566,40141,4.48
73567,40031,100
73568,40033,100
73569,40067,100
73570,40141,100
73571,40057,100
73572,40031,0.59
73572,40033,99.41
73573,40067,100
73601,40039,96.08
73601,40149,3.92
73620,40039,100
73622,40149,100
73624,40149,100
73625,40039,100
73626,40039,13.56
73626,40149,86.44
73627,40009,100
73628,40129,100
73632,40149,100
73638,40129,100
73639,40039,100
73641,40149,100
73642,40129,100
73644,40009,98.31
73644,40039,0.18
73644,40129,0.31
73644,40149,1.2
73645,40009,100
73646,40011,60.94
73646,40039,3.13
73646,40043,35.94
73647,40039,21
73647,40149,79
73650,40039,17.06
73650,40129,82.94
73651,40075,100
73654,40039,9.58
73654,40043,72.63
73654,40129,17.78
73655,40075,100
73658,40043,100
73659,40043,100
73660,40129,100
73661,40149,100
73662,40009,98.62
73662,40055,0.05
73662,40129,1.33
73663,40043,98.95
73663,40093,1.05
73664,40149,100
73666,40129,100
73667,40043,100
73669,40011,1.37
73669,40039,98.63
73673,40009,11.29
73673,40055,88.71
73701,40047,100
73703,40047,100
73705,40047,100
73716,40003,77.65
73716,40093,7.84
73716,40151,14.51
73717,40003,0.44
73717,40151,99.56
73718,40047,6.39
73718,40093,93.61
73719,40003,100
73720,40047,100
73722,40003,100
73724,40011,83.36
73724,40043,16.64
73726,40003,88.14
73726,40151,11.86
73727,40047,100
73728,40003,100
73729,40093,96.71
73729,40151,3.29
73730,40047,100
73731,40151,100
73733,40047,100
73734,40073,100
73735,40047,100
73736,40047,100
73737,40093,100
73738,40047,100
73739,40003,94.31
73739,40047,5.69
73741,40003,100
73742,40073,100
73743,40047,100
73744,40011,100
73746,40151,100
73747,40093,100
73749,40003,100
73750,40073,100
73753,40047,100
73754,40047,95.83
73754,40093,4.17
73755,40011,76.13
73755,40043,5.52
73755,40093,18.34
73756,40073,100
73757,40047,13.48
73757,40103,86.52
73758,40003,9.64
73758,40053,90.36
73759,40053,100
73760,40093,100
73761,40047,4.3
73761,40053,95.7
73762,40017,40.63
73762,40073,59.37
73763,40011,94.82
73763,40073,1.6
73763,40093,3.57
73764,40011,25.69
73764,40073,74.31
73766,40053,100
73768,40093,100
73771,40053,100
73772,40011,100
73773,40047,100
73801,40059,0.33
73801,40153,99.67
73832,40045,100
73834,40059,100
73835,40043,100
73838,40093,88.96
73838,40153,11.04
73840,40045,82.2
73840,40153,17.8
73841,40045,2.97
73841,40153,97.03
73842,40059,0.4
73842,40151,89.68
73842,40153,9.92
73843,40045,100
73844,40007,85.13
73844,40059,14.87
73848,40007,17.16
73848,40045,0.23
73848,40059,82.61
73851,40045,22.5
73851,40059,77.5
73852,40153,100
73853,40153,100
73855,40059,100
73857,40153,100
73858,40045,100
73859,40043,84.37
73859,40045,2.6
73859,40153,13.02
73860,40093,5.61
73860,40151,94.39
73901,40139,100
73931,40007,100
73932,40007,100
73933,40025,100
73937,40025,100
73938,40007,100
73939,40139,100
73942,40139,100
73944,40139,100
73945,40139,100
73946,40025,100
73947,40025,100
73949,40025,5.21
73949,40139,70.5
73949,48421,24.29
73950,40007,95.28
73950,40139,4.72
73951,40139,100
74001,40113,100
74002,40113,100
74003,40113,12.13
74003,40147,87.87
74006,40147,100
74008,40143,99.15
74008,40145,0.85
74010,40037,99.78
74010,40107,0.22
74011,40143,100
74012,40143,100
74014,40143,3.49
74014,40145,96.51
74015,40131,73.46
74015,40143,0.15
74015,40145,26.39
74016,40035,2.23
74016,40097,7.58
74016,40105,4.23
74016,40131,85.96
74017,40131,100
74019,40131,100
74020,40117,100
74021,40131,23.11
74021,40143,74
74021,40147,2.89
74022,40113,2.73
74022,40147,97.27
74023,40081,8.51
74023,40119,91.49
74026,40081,100
74027,40105,100
74028,40037,100
74029,40147,100
74030,40037,93.53
74030,40119,6.47
74032,40103,3.2
74032,40117,6.26
74032,40119,90.54
74033,40143,100
74034,40117,100
74035,40113,100
74036,40097,3.37
74036,40131,95.16
74036,40145,1.47
74037,40143,100
74038,40037,39.84
74038,40117,60.16
74039,40037,100
74041,40037,100
74042,40105,100
74044,40037,89.99
74044,40117,10.01
74045,40117,85.85
74045,40119,14.15
74046,40037,100
74047,40037,34.12
74047,40111,45.75
74047,40143,20.13
74048,40105,100
74050,40037,82.04
74050,40143,17.96
74051,40113,0.95
74051,40147,99.05
74052,40037,100
74053,40131,100
74054,40113,100
74055,40131,28.82
74055,40143,71.18
74056,40113,100
74058,40117,100
74059,40081,5.53
74059,40083,0.51
74059,40119,93.96
74060,40113,100
74061,40147,100
74062,40119,100
74063,40037,2.17
74063,40113,17.21
74063,40143,80.61
74066,40037,96.3
74066,40143,3.7
74068,40037,100
74070,40113,69.03
74070,40143,25.46
74070,40147,5.51
74071,40037,100
74072,40035,0.55
74072,40105,99.45
74073,40113,41.79
74073,40143,58.21
74074,40119,100
74075,40103,2.42
74075,40119,97.58
74078,40119,100
74079,40037,7.55
74079,40081,92.45
74080,40131,91.59
74080,40147,8.41
74081,40037,8.71
74081,40117,91.29
74082,40147,100
74083,40105,73.71
74083,40147,26.29
74084,40113,100
74085,40037,0.19
74085,40117,3.59
74085,40119,96.21
74103,40143,100
74104,40143,100
74105,40143,100
74106,40113,4.09
74106,40143,95.91
74107,40143,100
74108,40143,79.72
74108,40145,20.28
74110,40143,100
74112,40143,100
74114,40143,100
74115,40143,100
74116,40131,32.67
74116,40143,67.33
74117,40143,100
74119,40143,100
74120,40143,100
74126,40113,9.46
74126,40143,90.54
74127,40113,33.71
74127,40143,66.29
74128,40143,100
74129,40143,100
74130,40143,100
74131,40037,99.1
74131,40143,0.9
74132,40037,33.09
74132,40143,66.91
74133,40143,100
74134,40143,100
74135,40143,100
74136,40143,100
74137,40143,100
74145,40143,100
74146,40143,100
74301,40035,87.8
74301,40097,11.62
74301,40105,0.58
74330,40097,100
74331,40035,3.78
74331,40041,75.08
74331,40115,21.15
74332,40035,44.27
74332,40097,36.87
74332,40131,18.86
74333,40035,93.94
74333,40115,6.06
74337,40097,90.71
74337,40145,9.29
74338,40001,0.69
74338,40041,99.31
74339,40115,100
74340,40097,100
74342,40041,100
74343,40115,100
74344,40041,99.65
74344,40115,0.35
74346,40041,100
74347,40001,11.65
74347,40021,3.36
74347,40041,85
74349,40035,91.82
74349,40097,8.18
74350,40097,100
74352,40021,3.16
74352,40097,94.28
74352,40145,2.56
74354,40035,0.56
74354,40115,99.44
74358,40115,100
74359,40041,100
74360,40115,100
74361,40097,100
74363,40115,100
74364,40021,17.77
74364,40041,65.54
74364,40097,16.69
74365,40041,10.02
74365,40097,89.98
74366,40041,4.68
74366,40097,95.32
74367,40097,100
74368,40041,100
74369,40035,100
74370,40041,7.72
74370,40115,92.28
74401,40101,100
74403,40101,99.34
74403,40145,0.66
74421,40111,100
74422,40101,67.72
74422,40111,32.28
74423,40101,100
74425,40121,100
74426,40091,100
74427,40021,100
74428,40091,50.79
74428,40101,49.21
74429,40145,100
74430,40121,100
74431,40111,100
74432,40091,76.84
74432,40121,23.16
74434,40021,25.12
74434,40101,65.94
74434,40145,8.93
74435,40101,11.18
74435,40135,88.82
74436,40101,77.87
74436,40111,6.56
74436,40145,15.58
74437,40091,8.59
74437,40107,0.34
74437,40111,91.06
74438,40091,100
74441,40021,100
74442,40121,100
74445,40091,0.31
74445,40111,99.69
74446,40145,100
74447,40111,100
74450,40101,100
74451,40021,100
74452,40021,55.18
74452,40097,44.82
74454,40145,100
74455,40091,22.13
74455,40101,77.87
74456,40111,100
74457,40001,52.96
74457,40021,47.04
74458,40145,100
74459,40091,100
74460,40111,100
74462,40061,91.9
74462,40121,8.1
74463,40101,100
74464,40021,100
74467,40145,100
74468,40101,100
74469,40091,2.81
74469,40101,97.19
74470,40101,100
74471,40021,100
74472,40061,100
74477,40145,100
74501,40121,100
74521,40127,100
74522,40121,100
74523,40023,3.89
74523,40127,96.11
74525,40005,100
74528,40121,100
74530,40029,15.89
74530,40069,84.11
74531,40063,100
74533,40005,100
74534,40029,100
74535,40029,100
74536,40077,0.45
74536,40121,2.22
74536,40127,97.33
74538,40029,100
74540,40005,94.19
74540,40127,5.81
74543,40127,100
74546,40121,100
74547,40077,4.33
74547,40121,95.67
74549,40079,34.21
74549,40127,65.79
74552,40061,100
74553,40005,8.16
74553,40121,91.84
74554,40121,100
74555,40005,100
74556,40029,100
74557,40127,100
74558,40127,100
74560,40005,10.55
74560,40121,89.45
74561,40061,24.92
74561,40121,75.08
74562,40127,100
74563,40077,98.53
74563,40079,1.47
74565,40121,100
74567,40127,100
74569,40005,100
74570,40063,56.01
74570,40121,43.99
74571,40077,36.84
74571,40079,59.58
74571,40127,3.59
74572,40029,92.13
74572,40123,7.87
74574,40077,48.8
74574,40127,51.2
74576,40005,86.19
74576,40121,13.81
74577,40079,100
74578,40077,100
74601,40071,99.49
74601,40103,0.51
74604,40071,77.5
74604,40113,22.5
74630,40047,3.42
74630,40103,96.58
74631,40071,100
74632,40071,100
74633,40113,100
74636,40053,100
74637,40113,100
74640,40047,100
74641,40071,100
74643,40053,100
74644,40103,100
74646,40053,12.45
74646,40071,87.55
74647,40071,100
74650,40113,33.04
74650,40117,66.96
74651,40103,98.79
74651,40117,1.21
74652,40071,2.34
74652,40113,97.66
74653,40071,99.77
74653,40103,0.23
74701,40013,100
74720,40013,100
74722,40089,100
74723,40013,100
74724,40089,100
74726,40013,100
74727,40005,6.53
74727,40013,1.57
74727,40023,91.9
74728,40089,99.52
74728,40127,0.48
74729,40005,25.57
74729,40013,74.43
74730,40013,100
74731,40013,100
74733,40013,100
74734,40089,100
74735,40023,81.15
74735,40127,18.85
74736,40089,100
74738,40023,100
74740,40089,100
74741,40013,100
74743,40023,100
74745,40089,100
74747,40013,100
74748,40005,27.73
74748,40013,34.42
74748,40069,37.85
74750,40089,100
74753,40013,100
74754,40089,62.86
74754,40127,37.14
74755,40089,100
74756,40023,100
74759,40023,100
74760,40023,58.98
74760,40127,41.02
74761,40023,100
74764,40023,7.8
74764,40089,92.2
74766,40089,100
74801,40125,100
74804,40125,100
74820,40069,0.5
74820,40123,99.5
74824,40081,94.97
74824,40119,5.03
74825,40029,1.98
74825,40063,23.55
74825,40123,74.47
74826,40125,100
74827,40063,100
74829,40107,100
74830,40133,100
74831,40049,1.63
74831,40087,90.9
74831,40123,7.48
74832,40081,100
74833,40107,100
74834,40081,100
74836,40069,100
74837,40133,100
74839,40063,87.66
74839,40091,1.95
74839,40107,10.39
74840,40125,67.46
74840,40133,32.54
74842,40123,100
74843,40123,100
74844,40123,100
74845,40091,100
74848,40063,97.24
74848,40133,2.76
74849,40125,12.87
74849,40133,87.13
74850,40063,100
74851,40027,6.85
74851,40081,13.74
74851,40125,79.41
74852,40027,4.83
74852,40125,95.17
74854,40125,55.82
74854,40133,44.18
74855,40081,87.95
74855,40125,12.05
74856,40069,88.24
74856,40099,11.76
74857,40027,74.29
74857,40109,25.56
74857,40125,0.15
74859,40107,94.55
74859,40133,5.45
74860,40107,100
74864,40081,79.5
74864,40125,20.5
74865,40049,4.32
74865,40099,5.2
74865,40123,90.47
74867,40063,2.3
74867,40133,97.7
74868,40133,100
74869,40081,100
74871,40029,8.03
74871,40069,1.78
74871,40123,90.19
74872,40049,80.66
74872,40087,4.96
74872,40123,14.38
74873,40125,100
74875,40081,100
74878,40027,9.14
74878,40125,90.86
74880,40107,94.06
74880,40111,5.94
74881,40081,97.32
74881,40083,2.68
74883,40063,92.6
74883,40107,7.4
74884,40063,0.27
74884,40133,99.73
74901,40079,100
74902,40079,100
74930,40079,100
74931,40001,76.54
74931,40021,18.57
74931,40135,4.89
74932,40079,100
74935,40079,100
74936,40135,100
74937,40079,100
74939,40079,100
74940,40079,100
74941,40061,79.73
74941,40079,20.27
74942,40079,100
74943,40061,100
74944,40061,86.71
74944,40079,13.29
74945,40135,100
74946,40135,100
74948,40001,0.34
74948,40135,99.66
74949,40079,100
74951,40079,100
74953,40079,100
74954,40135,100
74955,40135,100
74956,40079,100
74957,40079,45.56
74957,40089,54.44
74959,40079,100
74960,40001,97.93
74960,40021,2.07
74962,40021,1.28
74962,40135,98.72
74963,40089,100
74964,40001,83.56
74964,40041,16.44
74965,40001,100
74966,40077,6.67
74966,40079,93.33
75001,48113,100
75002,48085,100
75006,48113,100
75007,48113,5.79
75007,48121,94.21
75009,48085,94.8
75009,48121,5.2
75010,48121,100
75013,48085,100
75019,48113,98.05
75019,48121,1.95
75020,48181,100
75021,48181,100
75022,48121,99.09
75022,48439,0.91
75023,48085,100
75024,48085,94.2
75024,48121,5.8
75025,48085,100
75028,48121,99.99
75028,48439,0.01
75032,48397,100
75034,48085,34.04
75034,48121,65.96
75035,48085,100
75038,48113,100
75039,48113,100
75040,48113,100
75041,48113,100
75042,48113,100
75043,48113,100
75044,48085,0.64
75044,48113,99.36
75048,48085,31.09
75048,48113,68.91
75050,48113,76.1
75050,48439,23.9
75051,48113,90.73
75051,48439,9.27
75052,48113,62.84
75052,48439,37.16
75054,48113,2.37
75054,48439,97.63
75056,48121,100
75057,48121,100
75058,48181,100
75060,48113,100
75061,48113,100
75062,48113,100
75063,48113,100
75065,48121,100
75067,48113,1.38
75067,48121,98.62
75068,48121,100
75069,48085,100
75070,48085,100
75071,48085,100
75074,48085,100
75075,48085,100
75076,48181,100
75077,48121,100
75078,48085,92.73
75078,48121,7.27
75080,48085,22.48
75080,48113,77.52
75081,48113,100
75082,48085,88.75
75082,48113,11.25
75087,48085,0.58
75087,48397,99.42
75088,48113,82.23
75088,48397,17.77
75089,48113,95.04
75089,48397,4.96
75090,48181,100
75092,48181,100
75093,48085,93.14
75093,48121,6.86
75094,48085,100
75098,48085,93.4
75098,48113,3.76
75098,48397,2.84
75101,48139,100
75102,48349,100
75103,48467,100
75104,48113,99.1
75104,48139,0.9
75105,48349,100
75109,48349,100
75110,48349,100
75114,48257,100
75115,48113,100
75116,48113,100
75117,48467,100
75119,48139,99.3
75119,48349,0.7
75124,48213,79.19
75124,48467,20.81
75125,48113,4.87
75125,48139,95.13
75126,48257,100
75127,48467,100
75132,48397,100
75134,48113,100
75135,48231,100
75137,48113,100
75140,48467,100
75141,48113,100
75142,48257,100
75143,48213,53.51
75143,48257,46.49
75144,48349,100
75146,48113,99.32
75146,48139,0.68
75147,48213,9.75
75147,48257,56.12
75147,48467,34.13
75148,48213,100
75149,48113,100
75150,48113,100
75152,48139,100
75153,48349,100
75154,48113,24.56
75154,48139,75.44
75155,48349,100
75156,48213,100
75157,48257,100
75158,48257,100
75159,48113,88.21
75159,48257,11.79
75160,48231,5.89
75160,48257,93.96
75160,48397,0.15
75161,48257,100
75163,48213,100
75164,48085,100
75165,48139,100
75166,48085,100
75167,48139,100
75169,48231,12.26
75169,48257,4.3
75169,48467,83.45
75172,48113,100
75173,48085,100
75180,48113,100
75181,48113,100
75182,48113,100
75189,48085,10.13
75189,48231,23.9
75189,48397,65.97
75201,48113,100
75202,48113,100
75203,48113,100
75204,48113,100
75205,48113,100
75206,48113,100
75207,48113,100
75208,48113,100
75209,48113,100
75210,48113,100
75211,48113,100
75212,48113,100
75214,48113,100
75215,48113,100
75216,48113,100
75217,48113,100
75218,48113,100
75219,48113,100
75220,48113,100
75223,48113,100
75224,48113,100
75225,48113,100
75226,48113,100
75227,48113,100
75228,48113,100
75229,48113,100
75230,48113,100
75231,48113,100
75232,48113,100
75233,48113,100
75234,48113,100
75235,48113,100
75236,48113,100
75237,48113,100
75238,48113,100
75240,48113,100
75241,48113,100
75243,48113,100
75244,48113,100
75246,48113,100
75247,48113,100
75248,48085,0.71
75248,48113,99.29
75249,48113,100
75251,48113,100
75252,48085,97.44
75252,48113,2.56
75253,48113,100
75254,48113,100
75270,48113,0
75287,48085,47.25
75287,48113,0
75287,48121,52.75
75390,48113,0
75401,48231,100
75402,48231,100
75407,48085,100
75409,48085,100
75410,48379,17.84
75410,48499,82.16
75411,48277,100
75412,48387,100
75413,48147,100
75414,48181,100
75415,48119,100
75416,48277,100
75417,48387,100
75418,48147,100
75420,48223,100
75421,48277,100
75422,48231,100
75423,48147,1.11
75423,48231,98.89
75424,48085,93.9
75424,48147,6.1
75426,48387,100
75428,48119,2.73
75428,48231,97.27
75431,48223,88.45
75431,48499,11.55
75432,48119,100
75433,48223,100
75435,48277,84.98
75435,48387,15.02
75436,48277,4.48
75436,48387,95.52
75437,48223,100
75438,48147,100
75439,48147,100
75440,48379,97.1
75440,48499,2.9
75441,48119,100
75442,48085,89.03
75442,48231,10.97
75446,48147,87.67
75446,48277,12.33
75447,48147,100
75448,48119,100
75449,48147,83.39
75449,48231,16.61
75450,48119,100
75451,48063,95.46
75451,48499,4.54
75452,48085,1.98
75452,48147,93.79
75452,48231,4.23
75453,48223,3.47
75453,48231,82.92
75453,48379,13.61
75454,48085,100
75455,48159,0.25
75455,48449,99.75
75457,48159,100
75459,48181,100
75460,48277,100
75462,48277,100
75468,48277,100
75469,48119,97.3
75469,48147,2.7
75470,48277,100
75471,48223,96.49
75471,48499,3.51
75472,48223,0.45
75472,48379,99.55
75473,48277,100
75474,48231,98.63
75474,48257,1.37
75475,48147,100
75476,48147,100
75477,48277,100
75478,48159,1.5
75478,48223,98.5
75479,48147,100
75480,48159,100
75481,48159,19.24
75481,48223,80.76
75482,48223,100
75486,48277,100
75487,48159,40.95
75487,48449,59.05
75488,48147,100
75489,48181,100
75490,48147,98.51
75490,48181,1.49
75491,48085,0.29
75491,48147,16.14
75491,48181,83.57
75492,48147,100
75493,48449,100
75494,48159,15.15
75494,48223,8.47
75494,48459,1.1
75494,48499,75.27
75495,48085,4.1
75495,48181,95.9
75496,48147,15.22
75496,48231,84.78
75497,48223,11.16
75497,48499,88.84
75501,48037,100
75503,48037,100
75550,48387,100
75551,48067,100
75554,48037,14.34
75554,48387,85.66
75555,48067,88.21
75555,48315,11.79
75556,05091,2.29
75556,48067,97.71
75558,48449,100
75559,48037,100
75560,48067,100
75561,48037,100
75562,48067,100
75563,48067,100
75565,48067,100
75566,48067,100
75567,48037,100
75568,48067,31.22
75568,48343,68.78
75569,48037,100
75570,48037,100
75571,48343,97.4
75571,48449,2.6
75572,48067,100
75573,48037,100
75574,48037,100
75601,48183,89.08
75601,48203,10.92
75602,48183,77.57
75602,48203,22.43
75603,48183,74.69
75603,48401,25.31
75604,48183,99.36
75604,48459,0.64
75605,48183,85.3
75605,48203,14.44
75605,48459,0.26
75630,48067,41.31
75630,48315,58.69
75631,48365,100
75633,48365,100
75638,48067,0.81
75638,48343,99.19
75639,48365,100
75640,48203,23.8
75640,48315,1.63
75640,48459,74.57
75641,48183,68.16
75641,48401,31.84
75642,48203,100
75643,48365,97.06
75643,48419,2.94
75644,48459,100
75645,48183,0.78
75645,48459,99.22
75647,48183,54.63
75647,48423,9.34
75647,48459,36.03
75650,48203,100
75651,48203,97.26
75651,48315,2.74
75652,48401,100
75654,48073,0.12
75654,48401,99.88
75656,48067,91.34
75656,48343,8.66
75657,48067,4.18
75657,48203,3.53
75657,48315,92.29
75661,48203,100
75662,48183,72.11
75662,48401,26.09
75662,48423,1.79
75667,48401,100
75668,48315,13.95
75668,48343,86.05
75669,48365,79.04
75669,48401,20.96
75670,48203,100
75672,48203,100
75681,48401,100
75682,48401,100
75683,48315,20.77
75683,48459,79.23
75684,48401,89.22
75684,48423,10.78
75686,48063,86.6
75686,48343,0.51
75686,48449,6.78
75686,48459,6.11
75691,48365,6.76
75691,48401,93.24
75692,48203,100
75693,48183,100
75701,48423,100
75702,48423,100
75703,48423,100
75704,48423,100
75705,48423,100
75706,48423,100
75707,48423,100
75708,48423,100
75709,48423,100
75750,48423,100
75751,48001,1.53
75751,48213,98.47
75752,48213,95.51
75752,48467,4.49
75754,48467,100
75755,48459,98.6
75755,48499,1.4
75756,48213,97.18
75756,48467,2.82
75757,48073,41.02
75757,48423,58.98
75758,48213,93.07
75758,48467,6.93
75759,48073,100
75760,48347,86.15
75760,48401,13.85
75762,48423,100
75763,48001,51.64
75763,48213,48.36
75764,48073,100
75765,48459,0.26
75765,48499,99.74
75766,48073,100
75770,48213,100
75771,48423,100
75773,48423,7.44
75773,48499,92.56
75778,48213,66.53
75778,48467,33.47
75779,48001,100
75780,48073,100
75783,48499,100
75784,48073,51.98
75784,48401,48.02
75785,48073,100
75788,48347,100
75789,48073,37.11
75789,48401,0.67
75789,48423,62.22
75790,48423,1.76
75790,48467,98.24
75791,48423,100
75792,48423,100
75801,48001,100
75803,48001,100
75831,48161,16.49
75831,48289,83.51
75832,48001,100
75833,48289,100
75835,48225,100
75838,48161,70.57
75838,48293,29.43
75839,48001,99.31
75839,48225,0.69
75840,48161,100
75844,48001,12.15
75844,48225,87.85
75845,48455,100
75846,48289,83.92
75846,48293,16.08
75847,48225,85.85
75847,48455,14.15
75848,48161,100
75849,48225,100
75850,48289,100
75851,48225,96.38
75851,48455,3.62
75852,48313,96.62
75852,48471,3.38
75853,48001,100
75855,48161,45.59
75855,48289,54.41
75856,48225,41.33
75856,48455,58.67
75858,48225,100
75859,48161,83
75859,48349,17
75860,48161,100
75861,48001,100
75862,48455,95.92
75862,48471,4.08
75901,48005,100
75904,48005,99.95
75904,48455,0.05
75925,48073,100
75926,48455,100
75928,48351,100
75929,48405,100
75930,48403,60.41
75930,48405,39.59
75931,48241,84.87
75931,48403,15.13
75932,48351,100
75933,48241,29.21
75933,48351,70.79
75934,48373,100
75935,48405,1.22
75935,48419,98.78
75936,48373,14.29
75936,48457,85.71
75937,48347,100
75938,48457,100
75939,48373,100
75941,48005,100
75942,48457,100
75943,48347,100
75944,48347,100
75946,48347,78.76
75946,48401,21.24
75948,48351,0.35
75948,48403,99.65
75949,48005,100
75951,48241,99.98
75951,48351,0.02
75954,48365,5.91
75954,48419,94.09
75956,48241,91.89
75956,48351,8.11
75959,48403,100
75960,48373,100
75961,48347,100
75962,48347,100
75964,48347,100
75965,48347,100
75966,48351,100
75968,48403,99.94
75968,48405,0.06
75969,48005,94.75
75969,48073,5.25
75972,48403,4.03
75972,48405,95.12
75972,48419,0.85
75973,48419,100
75974,48365,17.31
75974,48419,82.69
75975,48365,1.62
75975,48401,2.6
75975,48419,95.78
75976,48073,100
75977,48351,100
75978,48347,100
75979,48457,100
75980,48005,97.53
75980,48241,2.47
76001,48439,100
76002,48439,100
76006,48439,100
76008,48367,86.15
76008,48439,13.85
76009,48251,100
76010,48439,100
76011,48439,100
76012,48439,100
76013,48439,100
76014,48439,100
76015,48439,100
76016,48439,100
76017,48439,100
76018,48439,100
76020,48367,40.75
76020,48439,56.76
76020,48497,2.49
76021,48439,100
76022,48439,100
76023,48367,3.4
76023,48497,96.6
76028,48251,70.93
76028,48439,29.07
76031,48251,100
76033,48221,0.06
76033,48251,99.94
76034,48439,100
76035,48221,24.41
76035,48251,8.08
76035,48367,67.51
76036,48251,11.95
76036,48439,88.05
76039,48439,100
76040,48439,100
76041,48139,100
76043,48035,0.13
76043,48425,99.87
76044,48251,100
76048,48221,99.7
76048,48425,0.3
76049,48221,97.09
76049,48251,0.97
76049,48367,1.93
76050,48139,3.74
76050,48217,5.4
76050,48251,90.86
76051,48113,0
76051,48439,100
76052,48121,3.73
76052,48439,92.63
76052,48497,3.64
76053,48439,100
76054,48439,100
76055,48217,100
76058,48251,100
76059,48251,100
76060,48439,100
76061,48251,100
76063,48251,4.76
76063,48439,95.24
76064,48139,100
76065,48139,100
76066,48363,4.84
76066,48367,95.16
76067,48363,89.61
76067,48367,10.39
76070,48251,3.19
76070,48425,96.81
76071,48439,10.99
76071,48497,89.01
76073,48497,100
76077,48425,100
76078,48121,8.67
76078,48497,91.33
76082,48367,87.31
76082,48497,12.69
76084,48139,16.87
76084,48251,83.13
76085,48367,100
76086,48367,100
76087,48221,1.33
76087,48367,98.67
76088,48367,100
76092,48121,2.91
76092,48439,97.09
76093,48217,6.59
76093,48251,93.41
76102,48439,100
76103,48439,100
76104,48439,100
76105,48439,100
76106,48439,100
76107,48439,100
76108,48367,7.44
76108,48439,92.56
76109,48439,100
76110,48439,100
76111,48439,100
76112,48439,100
76114,48439,100
76115,48439,100
76116,48439,100
76117,48439,100
76118,48439,100
76119,48439,100
76120,48439,100
76123,48439,100
76126,48367,3.92
76126,48439,96.08
76127,48439,100
76129,48439,100
76131,48439,100
76132,48439,100
76133,48439,100
76134,48439,100
76135,48439,100
76137,48439,100
76140,48439,100
76148,48439,100
76155,48439,100
76164,48439,100
76177,48121,15.15
76177,48439,84.85
76179,48439,100
76180,48439,100
76182,48439,100
76201,48121,100
76205,48121,100
76207,48121,100
76208,48121,100
76209,48121,100
76210,48121,100
76225,48497,100
76226,48121,100
76227,48121,100
76228,48077,87.04
76228,48337,12.96
76230,48077,1.46
76230,48237,2.62
76230,48337,95.92
76233,48097,15.86
76233,48181,84.14
76234,48097,0.26
76234,48121,1.95
76234,48497,97.79
76238,48097,100
76239,48097,19.14
76239,48337,80.86
76240,48097,100
76244,48439,100
76245,48181,100
76247,48121,100
76248,48439,100
76249,48121,99.53
76249,48497,0.47
76250,48097,100
76251,48337,100
76252,48097,100
76253,48097,100
76255,48337,100
76258,48121,95.03
76258,48181,4.97
76259,48121,99.24
76259,48497,0.76
76261,48077,9.44
76261,48337,90.56
76262,48121,60.77
76262,48439,39.23
76263,48097,100
76264,48181,100
76265,48097,5.76
76265,48337,94.24
76266,48097,0.07
76266,48121,99.93
76268,48181,100
76270,48337,67.08
76270,48497,32.92
76271,48097,8.88
76271,48181,91.12
76272,48097,98.88
76272,48121,1.12
76273,48097,23.21
76273,48181,76.79
76301,48485,100
76302,48485,100
76305,48077,41.55
76305,48485,58.45
76306,48485,100
76308,48009,5.69
76308,48485,94.31
76309,48485,100
76310,48009,8.55
76310,48077,5.89
76310,48485,85.56
76311,48485,100
76351,48009,100
76354,48485,100
76357,48077,100
76360,48009,1.63
76360,48485,95.06
76360,48487,3.31
76363,48275,100
76364,48487,100
76365,48077,99.42
76365,48237,0.58
76366,48009,100
76367,48485,100
76370,48009,100
76371,48275,100
76372,48447,11.5
76372,48503,88.5
76373,48487,100
76374,48009,2.31
76374,48503,97.69
76377,48077,100
76379,48009,100
76380,48023,97.54
76380,48275,2.46
76384,48155,0.15
76384,48487,99.85
76388,48207,100
76389,48009,75.32
76389,48077,19.94
76389,48237,4.74
76401,48143,100
76402,48143,100
76424,48429,99.86
76424,48503,0.14
76426,48237,3.06
76426,48497,96.94
76427,48237,100
76429,48363,18.22
76429,48429,81.78
76430,48417,99.84
76430,48447,0.16
76431,48237,1.65
76431,48497,98.35
76432,48049,91.9
76432,48093,8.1
76433,48143,87.92
76433,48221,8.97
76433,48425,3.11
76435,48133,100
76436,48093,34.43
76436,48193,65.57
76437,48059,2.27
76437,48133,95.33
76437,48429,2.39
76442,48093,98.73
76442,48333,1.27
76443,48049,4.9
76443,48059,93.04
76443,48083,2.06
76444,48093,100
76445,48093,20.64
76445,48133,77.4
76445,48143,1.97
76446,48093,11.63
76446,48143,88.37
76448,48133,100
76449,48363,100
76450,48363,1.53
76450,48429,0.57
76450,48503,97.9
76452,48093,100
76453,48143,9.69
76453,48363,90.31
76454,48093,8.59
76454,48133,91.41
76455,48093,100
76457,48035,5
76457,48143,33.96
76457,48193,61.04
76458,48237,100
76459,48237,100
76460,48503,100
76462,48143,13.55
76462,48221,45.47
76462,48363,14.65
76462,48367,26.32
76463,48143,43.66
76463,48363,56.34
76464,48059,6.32
76464,48417,87.35
76464,48429,6.32
76466,48133,100
76469,48059,100
76470,48133,94.07
76470,48429,5.93
76471,48049,11.86
76471,48093,2.57
76471,48133,85.57
76472,48363,100
76474,48049,1.78
76474,48093,98.22
76475,48133,2.25
76475,48363,97.34
76475,48429,0.41
76476,48221,100
76481,48429,0
76481,48503,100
76483,48447,100
76484,48363,100
76486,48237,69.09
76486,48363,9.82
76486,48367,21.09
76487,48237,5.42
76487,48367,74.31
76487,48497,20.26
76490,48367,100
76491,48447,100
76501,48027,100
76502,48027,100
76504,48027,100
76508,48027,0
76511,48027,30.03
76511,48331,4.85
76511,48491,65.12
76513,48027,100
76518,48331,100
76519,48027,50.48
76519,48145,8.79
76519,48331,40.73
76520,48331,100
76522,48099,94.69
76522,48281,5.31
76523,48331,100
76524,48145,18.97
76524,48309,81.03
76525,48099,51.13
76525,48193,42.47
76525,48281,6.4
76527,48027,4.93
76527,48053,6.75
76527,48491,88.32
76528,48027,1.66
76528,48099,98.34
76530,48491,100
76531,48193,99.94
76531,48333,0.06
76534,48027,96.6
76534,48331,3.4
76537,48491,100
76538,48099,51.51
76538,48193,48.49
76539,48027,17.45
76539,48053,3.74
76539,48099,9.49
76539,48281,69.33
76541,48027,100
76542,48027,100
76543,48027,100
76544,48027,51.06
76544,48099,48.94
76548,48027,100
76549,48027,99.2
76549,48053,0.4
76549,48099,0.4
76550,48053,7.91
76550,48281,92.09
76554,48027,100
76556,48331,100
76557,48027,33.35
76557,48099,6.45
76557,48309,60.2
76559,48027,100
76561,48099,100
76565,48193,100
76566,48099,89.15
76566,48193,10.85
76567,48051,2.25
76567,48331,97.75
76569,48027,96.4
76569,48331,3.6
76570,48145,96.23
76570,48331,3.77
76571,48027,100
76573,48491,100
76574,48491,100
76577,48331,98.39
76577,48491,1.61
76578,48491,100
76579,48027,97.63
76579,48145,2.37
76596,48099,100
76597,48099,100
76598,48099,100
76599,48099,100
76621,48217,100
76622,48217,100
76623,48139,100
76624,48309,100
76626,48349,100
76627,48217,100
76628,48217,100
76629,48145,9.5
76629,48395,90.5
76630,48145,0.6
76630,48309,99.4
76631,48217,100
76632,48145,100
76633,48035,9.75
76633,48309,90.25
76634,48035,99.38
76634,48099,0.62
76635,48293,100
76636,48217,100
76637,48035,91.04
76637,48193,8.96
76638,48309,100
76639,48349,100
76640,48309,100
76641,48349,100
76642,48293,100
76643,48309,100
76645,48217,100
76648,48217,88.62
76648,48293,2.3
76648,48349,9.08
76649,48035,91.52
76649,48143,8.48
76650,48217,100
76651,48139,100
76652,48035,100
76653,48145,18.58
76653,48293,79.76
76653,48395,1.66
76654,48309,100
76655,48145,7.5
76655,48309,92.5
76656,48145,100
76657,48099,1.64
76657,48309,98.36
76660,48217,100
76661,48145,100
76664,48145,1.39
76664,48293,10.39
76664,48309,88.22
76665,48035,100
76666,48217,100
76667,48161,3.07
76667,48293,96.93
76670,48139,71.46
76670,48217,28.54
76671,48035,100
76673,48217,70.35
76673,48293,29.15
76673,48309,0.51
76676,48217,100
76678,48293,100
76679,48349,100
76680,48145,100
76681,48349,100
76682,48145,21.43
76682,48309,78.57
76685,48145,100
76686,48293,100
76687,48145,0.89
76687,48293,80.76
76687,48395,18.35
76689,48035,66.89
76689,48099,4.58
76689,48309,28.53
76690,48035,100
76691,48217,1.21
76691,48309,98.79
76692,48217,100
76693,48161,98.3
76693,48293,1.7
76701,48309,100
76704,48309,100
76705,48309,100
76706,48145,0.03
76706,48309,99.97
76707,48309,100
76708,48309,100
76710,48309,100
76711,48309,100
76712,48309,100
76798,48309,100
76801,48049,99.75
76801,48083,0.02
76801,48333,0.23
76802,48049,100
76820,48319,100
76821,48399,100
76823,48049,98.74
76823,48083,1.26
76824,48411,100
76825,48307,99.56
76825,48319,0.44
76827,48049,100
76828,48083,100
76831,48299,100
76832,48411,100
76834,48083,100
76836,48307,100
76837,48095,100
76841,48327,90.16
76841,48413,9.84
76842,48307,9.42
76842,48319,58.64
76842,48411,31.94
76844,48193,0.45
76844,48281,0.42
76844,48333,99.13
76845,48083,100
76848,48327,100
76849,48267,100
76852,48307,100
76853,48281,98.71
76853,48333,1.29
76854,48267,68.33
76854,48327,31.67
76856,48319,100
76857,48049,99.44
76857,48093,0.56
76858,48095,13.39
76858,48307,86.61
76859,48327,100
76861,48399,57.49
76861,48451,42.51
76862,48095,100
76864,48333,100
76865,48399,100
76866,48095,100
76869,48319,82.4
76869,48411,17.6
76870,48333,100
76871,48307,0.64
76871,48411,99.36
76872,48307,83.82
76872,48411,16.18
76873,48083,100
76874,48267,100
76875,48095,6.59
76875,48399,93.41
76877,48411,100
76878,48083,100
76882,48083,78.57
76882,48399,21.43
76884,48083,100
76885,48299,100
76887,48307,100
76888,48083,100
76890,48049,89.15
76890,48093,0.64
76890,48333,10.21
76901,48235,0.1
76901,48451,99.9
76903,48451,100
76904,48235,0.2
76904,48451,99.8
76905,48451,100
76908,48451,100
76930,48235,100
76932,48105,1.12
76932,48383,98.88
76933,48081,92.31
76933,48399,7.69
76934,48451,100
76935,48413,4.67
76935,48451,95.33
76936,48413,100
76937,48451,100
76939,48451,100
76940,48451,100
76941,48235,100
76943,48105,98.54
76943,48465,1.46
76945,48081,100
76945,48431,0
76949,48081,100
76950,48137,1.05
76950,48435,98.76
76950,48465,0.19
76951,48431,100
76953,48081,100
76955,48451,100
76957,48451,100
76958,48451,100
77002,48201,100
77003,48201,100
77004,48201,100
77005,48201,100
77006,48201,100
77007,48201,100
77008,48201,100
77009,48201,100
77010,48201,100
77011,48201,100
77012,48201,100
77013,48201,100
77014,48201,100
77015,48201,100
77016,48201,100
77017,48201,100
77018,48201,100
77019,48201,100
77020,48201,100
77021,48201,100
77022,48201,100
77023,48201,100
77024,48201,100
77025,48201,100
77026,48201,100
77027,48201,100
77028,48201,100
77029,48201,100
77030,48201,100
77031,48201,100
77032,48201,100
77033,48201,100
77034,48201,100
77035,48201,100
77036,48201,100
77037,48201,100
77038,48201,100
77039,48201,100
77040,48201,100
77041,48201,100
77042,48201,100
77043,48201,100
77044,48201,100
77045,48201,100
77046,48201,100
77047,48201,100
77048,48201,100
77049,48201,100
77050,48201,100
77051,48201,100
77053,48157,59.62
77053,48201,40.38
77054,48201,100
77055,48201,100
77056,48201,100
77057,48201,100
77058,48201,100
77059,48201,100
77060,48201,100
77061,48201,100
77062,48201,100
77063,48201,100
77064,48201,100
77065,48201,100
77066,48201,100
77067,48201,100
77068,48201,100
77069,48201,100
77070,48201,100
77071,48201,100
77072,48201,100
77073,48201,100
77074,48201,100
77075,48201,100
77076,48201,100
77077,48201,100
77078,48201,100
77079,48201,100
77080,48201,100
77081,48201,100
77082,48201,100
77083,48157,44
77083,48201,56
77084,48201,100
77085,48157,2.69
77085,48201,97.31
77086,48201,100
77087,48201,100
77088,48201,100
77089,48201,100
77090,48201,100
77091,48201,100
77092,48201,100
77093,48201,100
77094,48201,100
77095,48201,100
77096,48201,100
77098,48201,100
77099,48157,4.41
77099,48201,95.59
77201,48201,0
77301,48339,100
77302,48339,100
77303,48339,100
77304,48339,100
77306,48339,100
77316,48339,100
77318,48339,100
77320,48407,2.94
77320,48471,97.06
77326,48373,100
77327,48291,100
77328,48291,15.89
77328,48339,42.02
77328,48407,42.09
77331,48407,100
77334,48471,100
77335,48373,100
77336,48201,100
77338,48201,100
77339,48201,80.06
77339,48339,19.94
77340,48471,100
77342,48471,100
77345,48201,100
77346,48201,100
77350,48373,100
77351,48373,100
77354,48339,100
77355,48339,95.84
77355,48473,4.16
77356,48185,0.46
77356,48339,99.54
77357,48201,2.42
77357,48339,97.58
77358,48339,7.31
77358,48407,15.46
77358,48471,77.23
77359,48407,100
77360,48373,100
77362,48339,100
77363,48185,93.7
77363,48473,6.3
77364,48407,100
77365,48201,0.55
77365,48339,99.45
77367,48471,100
77368,48291,100
77369,48199,5.5
77369,48291,94.5
77371,48291,0.17
77371,48407,99.83
77372,48291,23.18
77372,48339,76.82
77373,48201,100
77374,48199,100
77375,48201,100
77376,48199,100
77377,48201,100
77378,48339,91.07
77378,48407,8.93
77379,48201,100
77380,48339,100
77381,48339,100
77382,48339,100
77384,48339,100
77385,48339,100
77386,48339,100
77388,48201,100
77389,48201,100
77396,48201,100
77401,48201,100
77406,48157,100
77407,48157,100
77412,48089,100
77414,48321,100
77415,48321,100
77417,48157,100
77418,48015,100
77419,48321,100
77420,48481,100
77422,48039,100
77423,48157,2.91
77423,48473,97.09
77426,48015,6.67
77426,48477,93.33
77428,48321,100
77429,48201,100
77430,48039,64.96
77430,48157,35.04
77432,48481,100
77433,48201,100
77434,48089,89.66
77434,48481,10.34
77435,48089,0.46
77435,48157,9.03
77435,48481,90.5
77436,48481,100
77437,48481,100
77440,48321,100
77441,48157,100
77442,48089,100
77443,48481,100
77444,48039,32.02
77444,48157,67.98
77445,48473,100
77446,48473,100
77447,48201,58.2
77447,48339,10.02
77447,48473,31.78
77448,48481,100
77449,48201,100
77450,48157,33.37
77450,48201,66.63
77451,48157,100
77453,48481,100
77454,48481,100
77455,48239,1.47
77455,48481,98.53
77456,48321,100
77457,48321,100
77458,48321,100
77459,48157,100
77460,48089,100
77461,48157,100
77464,48157,100
77465,48057,1.34
77465,48239,8.18
77465,48321,90.48
77466,48473,100
77467,48481,100
77468,48321,100
77469,48157,100
77470,48089,100
77471,48157,100
77473,48015,100
77474,48015,100
77475,48089,100
77476,48157,100
77477,48157,89.44
77477,48201,10.56
77478,48157,100
77479,48157,100
77480,48039,95.69
77480,48321,4.31
77481,48157,100
77482,48321,100
77483,48321,100
77484,48185,1.99
77484,48201,19.73
77484,48473,78.28
77485,48015,54.76
77485,48157,45.09
77485,48481,0.15
77486,48039,100
77488,48481,100
77489,48157,96.7
77489,48201,3.3
77493,48157,0.73
77493,48201,89.18
77493,48473,10.08
77494,48157,91.69
77494,48201,8.13
77494,48473,0.18
77498,48157,100
77502,48201,100
77503,48201,100
77504,48201,100
77505,48201,100
77506,48201,100
77507,48201,0
77510,48167,100
77511,48039,93.88
77511,48167,6.12
77514,48071,100
77515,48039,100
77517,48167,100
77518,48167,100
77519,48199,100
77520,48201,100
77521,48071,5.91
77521,48201,94.09
77523,48071,100
77530,48201,100
77531,48039,100
77532,48201,100
77533,48291,100
77534,48039,100
77535,48071,5.65
77535,48291,94.35
77536,48201,100
77538,48291,100
77539,48167,100
77541,48039,100
77545,48157,100
77546,48167,53.56
77546,48201,46.44
77547,48201,100
77550,48167,100
77551,48167,100
77554,48167,100
77560,48071,98.81
77560,48291,1.19
77561,48291,100
77562,48201,100
77563,48167,100
77564,48199,6.54
77564,48291,93.46
77565,48167,100
77566,48039,100
77568,48167,100
77571,48201,100
77573,48167,100
77575,48071,0.26
77575,48291,99.74
77577,48039,100
77578,48039,100
77580,48071,100
77581,48039,90.93
77581,48201,9.07
77583,48039,77.39
77583,48157,22.61
77584,48039,98.97
77584,48157,1.03
77585,48199,100
77586,48201,100
77587,48201,100
77590,48167,100
77591,48167,100
77597,48071,100
77598,48201,100
77611,48361,100
77612,48241,91.81
77612,48351,8.19
77613,48245,100
77614,48351,100
77615,48241,100
77616,48457,100
77617,48167,100
77619,48245,100
77622,48245,100
77623,48167,100
77624,48457,100
77625,48199,100
77627,48245,100
77629,48245,100
77630,48361,100
77632,48351,10.4
77632,48361,89.6
77640,48245,100
77642,48245,100
77650,48167,100
77651,48245,100
77655,48245,100
77656,48199,98.69
77656,48457,1.31
77657,48199,100
77659,48199,100
77660,48457,100
77661,48071,100
77662,48241,2.29
77662,48361,97.71
77663,48199,61.27
77663,48457,38.73
77664,48457,100
77665,48071,82.78
77665,48245,17.22
77701,48245,100
77702,48245,100
77703,48245,100
77705,48245,100
77706,48245,100
77707,48245,100
77708,48245,100
77713,48245,100
77801,48041,100
77802,48041,100
77803,48041,100
77807,48041,93.5
77807,48395,6.5
77808,48041,94.48
77808,48395,5.52
77830,48185,100
77831,48185,87.62
77831,48471,12.38
77833,48015,1.25
77833,48477,98.75
77835,48015,3.15
77835,48477,96.85
77836,48051,99.53
77836,48331,0.47
77837,48395,100
77840,48041,100
77845,48041,100
77853,48287,100
77855,48289,100
77856,48395,100
77857,48331,100
77859,48041,6.46
77859,48395,93.54
77861,48185,100
77864,48313,100
77865,48289,100
77867,48395,100
77868,48041,7.65
77868,48185,91.98
77868,48473,0.2
77868,48477,0.17
77871,48289,80.23
77871,48313,19.77
77872,48313,100
77873,48185,54.33
77873,48339,27.17
77873,48471,18.5
77876,48185,100
77878,48051,100
77879,48051,100
77880,48477,100
77901,48469,100
77904,48469,100
77905,48175,6.77
77905,48469,93.23
77950,48007,3.55
77950,48391,96.45
77951,48469,100
77954,48123,99.86
77954,48177,0.14
77957,48239,100
77960,48175,100
77961,48239,100
77962,48239,100
77963,48175,100
77964,48089,0.69
77964,48285,99.31
77968,48469,100
77969,48239,100
77970,48239,100
77971,48239,100
77973,48469,100
77974,48123,42.86
77974,48469,57.14
77975,48285,100
77976,48469,100
77977,48469,100
77978,48057,100
77979,48057,99.13
77979,48239,0.5
77979,48469,0.37
77982,48057,100
77983,48057,100
77984,48177,9.83
77984,48285,90.17
77987,48285,100
77988,48469,100
77990,48057,12.16
77990,48391,87.84
77991,48239,100
77993,48175,100
77994,48123,100
77995,48123,40.25
77995,48285,56.86
77995,48469,2.88
78001,48283,100
78002,48029,100
78003,48019,97.54
78003,48325,2.46
78004,48259,100
78005,48013,29.5
78005,48163,70.5
78006,48029,11.2
78006,48091,1.99
78006,48259,86.81
78007,48311,100
78008,48013,93.62
78008,48297,6.38
78009,48325,100
78010,48265,100
78011,48013,100
78012,48013,100
78013,48259,72.48
78013,48265,27.52
78014,48127,0.42
78014,48283,99.58
78015,48029,68.77
78015,48259,31.23
78016,48325,100
78017,48163,99.1
78017,48283,0.9
78019,48283,93.32
78019,48479,6.68
78021,48283,84.92
78021,48311,15.08
78022,48297,100
78023,48019,0.34
78023,48029,97.08
78023,48325,2.58
78024,48265,99.65
78024,48385,0.35
78025,48265,100
78026,48013,100
78027,48259,100
78028,48171,1.96
78028,48265,98.04
78029,48265,0
78039,48029,7.6
78039,48325,92.4
78040,48479,100
78041,48479,100
78043,48479,100
78044,48479,100
78045,48479,100
78046,48479,100
78050,48013,100
78052,48013,71.15
78052,48029,2.79
78052,48325,26.06
78055,48019,97.35
78055,48265,2.65
78056,48325,100
78057,48163,97.24
78057,48325,2.76
78058,48171,9.55
78058,48265,82.64
78058,48385,7.8
78059,48325,100
78060,48297,100
78061,48163,100
78063,48019,100
78064,48013,99.45
78064,48493,0.55
78065,48013,100
78066,48325,100
78067,48505,100
78069,48013,59.37
78069,48029,40.63
78070,48031,4.1
78070,48091,95.72
78070,48259,0.18
78071,48297,99.81
78071,48311,0.19
78072,48311,100
78073,48013,13.78
78073,48029,86.22
78075,48297,80.49
78075,48311,19.51
78076,48505,100
78101,48029,51.91
78101,48493,48.09
78102,48025,99.85
78102,48297,0.15
78104,48025,100
78107,48175,100
78108,48029,1.89
78108,48091,2.28
78108,48187,95.83
78109,48029,100
78112,48029,98.5
78112,48493,1.5
78113,48013,10.8
78113,48255,49.08
78113,48493,40.12
78114,48013,0.69
78114,48493,99.31
78116,48255,100
78117,48255,100
78118,48255,99.77
78118,48297,0.23
78119,48025,4.13
78119,48255,95.44
78119,48297,0.43
78121,48187,9.16
78121,48493,90.84
78122,48177,100
78123,48187,100
78124,48029,7.76
78124,48187,92.24
78125,48025,100
78130,48091,71.41
78130,48187,28.59
78132,48091,100
78133,48091,100
78140,48177,90.18
78140,48187,2.78
78140,48493,7.04
78141,48123,99.16
78141,48255,0.84
78142,48025,100
78143,48493,100
78144,48255,100
78145,48025,100
78146,48025,100
78147,48493,100
78148,48029,100
78150,48029,100
78151,48255,100
78152,48029,100
78154,48029,18.74
78154,48091,0.37
78154,48187,80.89
78155,48187,100
78159,48177,100
78160,48493,100
78161,48493,100
78162,48025,100
78163,48091,100
78164,48123,95.39
78164,48175,4.61
78201,48029,100
78202,48029,100
78203,48029,100
78204,48029,100
78205,48029,100
78207,48029,100
78208,48029,100
78209,48029,100
78210,48029,100
78211,48029,100
78212,48029,100
78213,48029,100
78214,48029,100
78215,48029,100
78216,48029,100
78217,48029,100
78218,48029,100
78219,48029,100
78220,48029,100
78221,48029,100
78222,48029,100
78223,48029,99.48
78223,48493,0.52
78224,48029,100
78225,48029,100
78226,48029,100
78227,48029,100
78228,48029,100
78229,48029,100
78230,48029,100
78231,48029,100
78232,48029,100
78233,48029,100
78234,48029,100
78235,48029,100
78236,48029,100
78237,48029,100
78238,48029,100
78239,48029,100
78240,48029,100
78242,48029,100
78243,48029,100
78244,48029,100
78245,48029,100
78247,48029,100
78248,48029,100
78249,48029,100
78250,48029,100
78251,48029,100
78252,48029,100
78253,48029,94.23
78253,48325,5.77
78254,48029,100
78255,48029,100
78256,48029,100
78257,48029,100
78258,48029,100
78259,48029,100
78260,48029,100
78261,48029,100
78263,48029,100
78264,48013,9.91
78264,48029,90.09
78266,48029,19.78
78266,48091,80.22
78330,48355,100
78332,48131,0.71
78332,48249,99.29
78335,48355,100
78336,48007,25.32
78336,48355,0.08
78336,48409,74.6
78338,48261,100
78339,48355,100
78340,48391,100
78341,48131,100
78342,48249,100
78343,48355,100
78344,48479,100
78349,48131,100
78351,48355,100
78352,48409,100
78353,48047,100
78355,48047,95.74
78355,48249,4.17
78355,48273,0.1
78357,48131,100
78358,48007,100
78359,48409,100
78361,48131,0.52
78361,48247,99.07
78361,48505,0.41
78362,48409,100
78363,48273,100
78368,48297,11.42
78368,48409,88.58
78369,48479,100
78370,48409,100
78371,48479,100
78372,48249,99.23
78372,48297,0.77
78373,48355,100
78374,48409,100
78375,48249,100
78376,48131,100
78377,48391,100
78379,48273,100
78380,48249,0.29
78380,48355,99.71
78382,48007,100
78383,48249,49.48
78383,48297,37.5
78383,48355,13.03
78384,48131,83.86
78384,48249,16.14
78385,48261,100
78387,48025,5.09
78387,48409,94.91
78389,48025,100
78390,48007,0.94
78390,48409,99.06
78391,48025,100
78393,48391,100
78401,48355,100
78402,48355,100
78404,48355,100
78405,48355,100
78406,48355,100
78407,48355,100
78408,48355,100
78409,48355,100
78410,48355,100
78411,48355,100
78412,48355,100
78413,48355,100
78414,48355,100
78415,48355,100
78416,48355,100
78417,48355,100
78418,48273,0.02
78418,48355,99.98
78419,48355,100
78501,48215,100
78503,48215,100
78504,48215,100
78516,48215,100
78520,48061,100
78521,48061,100
78526,48061,100
78535,48061,100
78536,48427,100
78537,48215,100
78538,48215,100
78539,48215,100
78541,48215,100
78542,48215,100
78543,48215,100
78545,48427,64.32
78545,48505,35.68
78548,48427,100
78549,48215,100
78550,48061,100
78552,48061,100
78557,48215,100
78558,48215,100
78559,48061,100
78560,48215,100
78561,48489,100
78562,48215,100
78563,48215,100
78564,48505,100
78565,48215,100
78566,48061,100
78567,48061,100
78569,48061,1.44
78569,48215,2.13
78569,48489,96.43
78570,48215,100
78572,48215,100
78573,48215,100
78574,48215,100
78575,48061,100
78576,48215,100
78577,48215,100
78578,48061,100
78579,48215,100
78580,48261,0.32
78580,48489,99.68
78582,48427,100
78583,48061,100
78584,48427,100
78585,48427,100
78586,48061,100
78588,48427,100
78589,48215,100
78590,48489,100
78591,48427,100
78592,48061,100
78593,48061,100
78594,48489,100
78595,48215,100
78596,48215,100
78597,48061,100
78598,48489,100
78602,48021,100
78605,48053,100
78606,48031,95.81
78606,48091,2.71
78606,48259,1.48
78607,48299,100
78608,48053,100
78609,48299,100
78610,48055,0.58
78610,48209,90.61
78610,48453,8.81
78611,48053,100
78612,48021,94.8
78612,48453,5.2
78613,48453,12.9
78613,48491,87.1
78614,48177,100
78615,48453,39.77
78615,48491,60.23
78616,48021,35.59
78616,48055,64.41
78617,48021,20.35
78617,48453,79.65
78618,48171,81.79
78618,48319,18.21
78619,48209,100
78620,48031,0.41
78620,48209,91.15
78620,48453,8.44
78621,48021,71.45
78621,48287,2.65
78621,48453,23.69
78621,48491,2.21
78622,48055,100
78623,48091,95.82
78623,48209,4.18
78624,48171,97.94
78624,48259,2.06
78626,48491,100
78628,48491,100
78629,48123,0.24
78629,48177,99.76
78631,48171,76.08
78631,48265,10.52
78631,48267,13.4
78632,48055,37.69
78632,48177,62.31
78633,48491,100
78634,48453,1.68
78634,48491,98.32
78635,48031,100
78636,48031,100
78638,48187,100
78639,48053,12.65
78639,48299,87.35
78640,48055,2.68
78640,48209,97.32
78641,48453,16.21
78641,48491,83.79
78642,48053,2.31
78642,48491,97.69
78643,48031,0.28
78643,48299,99.72
78644,48055,100
78645,48453,100
78648,48055,93.58
78648,48177,2.06
78648,48187,4.36
78650,48021,90.06
78650,48287,9.94
78652,48209,22.3
78652,48453,77.7
78653,48453,100
78654,48053,96.73
78654,48453,3.27
78655,48055,75.1
78655,48187,24.9
78656,48055,98.28
78656,48209,1.72
78657,48053,37.43
78657,48299,62.57
78659,48021,89.18
78659,48287,10.82
78660,48453,100
78661,48055,100
78662,48021,85.36
78662,48055,14.64
78663,48031,91.55
78663,48209,3.62
78663,48453,4.83
78664,48453,11.5
78664,48491,88.5
78665,48491,100
78666,48055,3.24
78666,48091,0.02
78666,48187,9.58
78666,48209,87.17
78669,48031,2.36
78669,48053,29.03
78669,48453,68.61
78670,48187,100
78671,48031,2.75
78671,48171,97.25
78672,48299,100
78675,48171,100
78676,48031,0.24
78676,48209,99.76
78677,48177,100
78681,48491,100
78701,48453,100
78702,48453,100
78703,48453,100
78704,48453,100
78705,48453,100
78712,48453,100
78717,48491,100
78719,48453,100
78721,48453,100
78722,48453,100
78723,48453,100
78724,48453,100
78725,48453,100
78726,48453,100
78726,48491,0
78727,48453,99.93
78727,48491,0.07
78728,48453,91.38
78728,48491,8.62
78729,48453,8.38
78729,48491,91.62
78730,48453,100
78731,48453,100
78732,48453,100
78733,48453,100
78734,48453,100
78735,48453,100
78736,48453,100
78737,48209,70.98
78737,48453,29.02
78738,48453,100
78739,48453,100
78741,48453,100
78742,48453,100
78744,48453,100
78745,48453,100
78746,48453,100
78747,48453,100
78748,48453,100
78749,48453,100
78750,48453,54.01
78750,48491,45.99
78751,48453,100
78752,48453,100
78753,48453,100
78754,48453,100
78756,48453,100
78757,48453,100
78758,48453,100
78759,48453,99.22
78759,48491,0.78
78801,48463,100
78802,48463,100
78827,48127,100
78828,48137,74.42
78828,48385,25.58
78829,48507,100
78830,48127,100
78832,48271,100
78833,48137,9.16
78833,48385,84.6
78833,48463,6.24
78834,48127,100
78836,48127,100
78837,48465,100
78838,48463,100
78839,48127,0.15
78839,48507,99.85
78840,48465,100
78843,48465,100
78850,48325,100
78851,48443,100
78852,48323,100
78860,48323,100
78861,48325,100
78870,48463,100
78871,48465,100
78872,48507,100
78873,48385,100
78877,48323,100
78879,48385,79.17
78879,48463,20.83
78880,48137,97.92
78880,48385,2.08
78881,48463,100
78883,48019,100
78884,48019,43.96
78884,48325,1.55
78884,48463,54.49
78885,48019,92.5
78885,48385,7.5
78886,48163,2.94
78886,48325,97.06
78931,48015,100
78932,48149,67.77
78932,48477,32.23
78933,48015,49.34
78933,48089,50.66
78934,48089,100
78935,48089,100
78938,48089,19.32
78938,48149,80.68
78940,48015,8.39
78940,48089,12.68
78940,48149,78.93
78941,48021,2.9
78941,48149,94.26
78941,48177,2.84
78942,48021,0.37
78942,48149,1.65
78942,48287,97.99
78943,48089,100
78944,48015,100
78945,48021,0.24
78945,48149,99.76
78946,48149,31.15
78946,48287,49.9
78946,48477,18.96
78947,48287,100
78948,48287,100
78949,48149,100
78950,48015,66.98
78950,48089,33.02
78951,48089,100
78953,48021,75.05
78953,48055,24.95
78954,48015,4.01
78954,48149,95.99
78956,48149,92.34
78956,48285,7.66
78957,48021,97.3
78957,48149,2.7
78959,48055,2.45
78959,48149,6.97
78959,48177,90.58
78962,48089,89.41
78962,48149,10.59
78963,48149,100
79001,48117,10.44
79001,48359,89.56
79003,48483,100
79005,48295,95.56
79005,48357,4.44
79007,48233,100
79009,48369,100
79010,48359,63.72
79010,48375,36.28
79011,48211,36.44
79011,48483,63.56
79012,48375,92.42
79012,48381,7.58
79013,48341,100
79014,48211,98.67
79014,48295,1.33
79015,48381,100
79016,48381,100
79018,48205,87.23
79018,48341,8.21
79018,48359,4.56
79019,48011,100
79021,48189,100
79022,48111,55.14
79022,48205,44.86
79024,48295,100
79025,48117,100
79027,48069,100
79029,48341,100
79031,48069,3.23
79031,48279,96.77
79032,48189,100
79033,48357,100
79034,48295,100
79035,48117,1.26
79035,48369,98.74
79036,48065,11.41
79036,48233,85.8
79036,48341,2.69
79036,48375,0.1
79039,48065,88.45
79039,48129,0.64
79039,48179,10.91
79040,48195,89.56
79040,48421,10.44
79041,48189,99.41
79041,48279,0.59
79042,48011,2.31
79042,48069,3.76
79042,48381,30.97
79042,48437,62.96
79043,48069,98.45
79043,48279,1.55
79044,48205,100
79045,48069,2.49
79045,48117,97.51
79046,48295,100
79051,48111,100
79052,48069,0.4
79052,48189,2.46
79052,48437,97.14
79053,48369,100
79054,48179,100
79056,48295,100
79057,48129,3.65
79057,48179,91.79
79057,48483,4.56
79058,48341,0
79058,48375,100
79059,48179,3.35
79059,48393,96.65
79061,48483,100
79062,48195,69.72
79062,48233,30.28
79063,48069,100
79064,48189,3.4
79064,48279,96.6
79065,48179,99.43
79065,48393,0.57
79068,48065,100
79070,48357,100
79072,48189,99.99
79072,48437,0.01
79078,48233,100
79079,48087,5.59
79079,48483,94.41
79080,48065,79.34
79080,48233,20.66
79081,48195,97.49
79081,48233,1.25
79081,48357,1.25
79082,48279,100
79083,48233,97.37
79083,48341,2.63
79084,48421,100
79085,48069,100
79086,48341,96.86
79086,48421,3.14
79087,48111,100
79088,48045,0.61
79088,48069,0.3
79088,48437,99.09
79091,48381,100
79092,48117,5.79
79092,48359,94.21
79093,48357,100
79094,48011,100
79095,48087,100
79096,48483,100
79097,48065,100
79098,48117,30.56
79098,48359,45.65
79098,48375,12.57
79098,48381,11.22
79101,48375,100
79102,48375,100
79103,48375,60.58
79103,48381,39.42
79104,48375,100
79105,48341,100
79106,48375,87.85
79106,48381,12.15
79107,48375,100
79108,48065,0.43
79108,48375,99.57
79109,48375,15.71
79109,48381,84.29
79110,48381,100
79111,48375,100
79118,48375,0.52
79118,48381,99.48
79119,48381,100
79121,48375,2.66
79121,48381,97.34
79124,48375,98.86
79124,48381,1.14
79201,48075,99.18
79201,48101,0.36
79201,48345,0.47
79220,48125,100
79225,48197,97.13
79225,48487,2.87
79226,48011,2.92
79226,48045,0.51
79226,48129,96.19
79226,48191,0.38
79227,48155,93.67
79227,48275,6.33
79229,48125,100
79230,48075,17.09
79230,48087,82.91
79231,48153,100
79233,48191,100
79234,48345,100
79235,48107,1.23
79235,48153,98.57
79235,48345,0.21
79236,48269,100
79237,48129,100
79239,48191,100
79240,48129,100
79241,48153,100
79243,48125,100
79244,48345,100
79245,48087,1.9
79245,48129,0.89
79245,48191,97.21
79247,48487,100
79248,48101,98.39
79248,48269,1.61
79250,48107,2.59
79250,48153,2.85
79250,48189,91.38
79250,48303,3.18
79251,48087,100
79252,48101,0.34
79252,48197,99.66
79255,48045,90.72
79255,48153,5.78
79255,48345,3.5
79256,48345,100
79257,48045,100
79258,48153,100
79259,48075,66.67
79259,48191,33.33
79261,48191,100
79311,48189,71.18
79311,48303,28.82
79312,48279,100
79313,48219,94.65
79313,48279,5.35
79314,48079,100
79316,48445,100
79322,48107,100
79323,48165,12.01
79323,48501,87.99
79324,48017,100
79325,48017,0.99
79325,48369,99.01
79326,48279,100
79329,48303,100
79330,48169,100
79331,48115,98.97
79331,48165,0.44
79331,48317,0.59
79336,48219,100
79339,48219,1.78
79339,48279,98.22
79342,48165,100
79343,48107,91.22
79343,48303,8.78
79344,48017,100
79345,48305,3.26
79345,48445,96.74
79346,48017,0.91
79346,48079,99.09
79347,48017,92.62
79347,48069,0.51
79347,48279,1.14
79347,48369,5.74
79350,48303,100
79351,48033,8.07
79351,48115,15.16
79351,48305,76.77
79353,48219,100
79355,48501,100
79356,48107,0.5
79356,48169,98.13
79356,48305,1.37
79357,48107,100
79358,48219,95.07
79358,48303,4.93
79359,48165,95
79359,48445,2.55
79359,48501,2.45
79360,48165,100
79363,48219,0.89
79363,48303,99.11
79364,48169,1.26
79364,48303,97.38
79364,48305,1.36
79366,48303,100
79367,48219,100
79369,48279,100
79370,48107,8.26
79370,48125,91.74
79371,48017,6.99
79371,48279,93.01
79372,48219,100
79373,48305,100
79376,48501,100
79377,48115,100
79378,48445,100
79379,48079,100
79380,48219,100
79381,48305,100
79382,48303,100
79401,48303,100
79403,48303,100
79404,48303,100
79406,48303,100
79407,48219,4.95
79407,48303,95.05
79410,48303,100
79411,48303,100
79412,48303,100
79413,48303,100
79414,48303,100
79415,48303,100
79416,48303,100
79423,48303,99.69
79423,48305,0.31
79424,48303,100
79501,48253,100
79502,48433,100
79503,48253,100
79504,48059,99.57
79504,48417,0.43
79505,48275,100
79506,48081,43.01
79506,48353,56.99
79508,48441,100
79510,48059,99.55
79510,48083,0.45
79511,48033,6.05
79511,48227,93.95
79512,48335,99.91
79512,48415,0.09
79517,48033,34.5
79517,48415,65.5
79518,48263,100
79519,48083,62.16
79519,48399,37.84
79520,48151,3.18
79520,48253,96.82
79521,48207,100
79525,48253,100
79526,48151,1.84
79526,48415,98.16
79527,48033,18.33
79527,48415,81.67
79528,48263,98.38
79528,48433,1.62
79529,48207,0.36
79529,48275,99.64
79530,48441,100
79532,48335,97.66
79532,48353,1.17
79532,48415,1.17
79533,48207,1.27
79533,48253,87.92
79533,48417,10.17
79533,48447,0.64
79534,48151,100
79535,48353,100
79536,48253,15.64
79536,48353,0.32
79536,48441,84.04
79537,48353,100
79538,48083,84.13
79538,48399,15.87
79539,48207,100
79540,48433,100
79541,48059,3.92
79541,48441,96.08
79543,48151,100
79544,48207,100
79545,48151,1.17
79545,48353,97.43
79545,48415,1.4
79546,48151,97.76
79546,48415,0.2
79546,48433,2.04
79547,48207,100
79548,48207,100
79549,48263,0.48
79549,48415,99.52
79553,48207,2.39
79553,48253,97.61
79556,48151,2.76
79556,48353,97.24
79560,48151,87.59
79560,48253,12.41
79561,48151,7.55
79561,48353,15.26
79561,48441,77.19
79562,48441,100
79563,48441,100
79565,48335,100
79566,48399,48.95
79566,48441,51.05
79567,48399,98.07
79567,48441,1.93
79601,48059,1.41
79601,48253,26.66
79601,48417,1.39
79601,48441,70.54
79602,48059,1.93
79602,48441,98.07
79603,48441,100
79605,48441,100
79606,48441,100
79607,48441,100
79699,48441,100
79701,48329,100
79703,48329,100
79705,48329,100
79706,48329,100
79707,48329,100
79713,48033,2.53
79713,48115,39.36
79713,48227,7.94
79713,48317,50.17
79714,48003,100
79718,48389,100
79719,48475,100
79720,48033,0.14
79720,48173,0.72
79720,48227,99.15
79730,48371,100
79731,48103,99.95
79731,48461,0.05
79733,48227,100
79734,48243,100
79735,48043,0.02
79735,48371,99.98
79738,48033,100
79739,48173,98.44
79739,48383,1.56
79741,48135,100
79742,48475,100
79743,48371,100
79744,48105,2.35
79744,48371,97.65
79745,48495,100
79748,48227,83.82
79748,48317,16.18
79749,48317,100
79752,48461,100
79754,48301,100
79755,48461,100
79756,48103,0.08
79756,48475,99.92
79756,48495,0
79758,48135,100
79759,48135,100
79761,48135,100
79762,48135,100
79763,48135,100
79764,48135,100
79765,48135,63.29
79765,48329,36.71
79766,48103,2.89
79766,48135,96.32
79766,48329,0.78
79770,48389,100
79772,48109,0
79772,48389,99.72
79772,48475,0.28
79777,48475,100
79778,48461,100
79780,48389,100
79781,48105,2.64
79781,48371,85.48
79781,48443,11.88
79782,48173,0.93
79782,48317,99.07
79783,48317,100
79785,48389,100
79788,48475,100
79789,48495,100
79821,48141,100
79830,48043,100
79831,48043,100
79834,48043,100
79835,48141,100
79836,48141,100
79837,35035,10.36
79837,48229,89.64
79838,48141,100
79839,48229,100
79842,48043,100
79843,48377,100
79845,48377,100
79846,48377,100
79847,48109,37.72
79847,48229,62.28
79848,48371,0.22
79848,48443,99.78
79849,48141,100
79851,48229,100
79852,48043,100
79853,48141,100
79854,48243,91.08
79854,48377,8.92
79855,48109,99.49
79855,48229,0.26
79855,48243,0.26
79901,48141,100
79902,48141,100
79903,48141,100
79904,48141,100
79905,48141,100
79906,48141,100
79907,48141,100
79908,48141,100
79911,48141,100
79912,48141,100
79915,48141,100
79916,48141,100
79920,48141,100
79922,48141,100
79924,48141,100
79925,48141,100
79927,48141,100
79928,48141,100
79930,48141,100
79932,48141,100
79934,48141,100
79935,48141,100
79936,48141,100
79938,48141,99.51
79938,48229,0.49
79942,48105,100
80002,08001,6
80002,08059,94
80003,08001,16.22
80003,08059,83.78
80004,08059,100
80005,08059,100
80007,08059,100
80010,08001,49.34
80010,08005,50.66
80011,08001,38.59
80011,08005,61.41
80012,08005,99.02
80012,08031,0.98
80013,08005,100
80014,08005,87.84
80014,08031,12.16
80015,08005,100
80016,08005,99.72
80016,08035,0.28
80017,08005,100
80018,08005,100
80019,08001,100
80020,08001,0
80020,08013,0.31
80020,08014,82.26
80020,08059,17.43
80021,08014,8.67
80021,08059,91.33
80022,08001,100
80023,08001,13.49
80023,08014,86.51
80024,08001,100
80025,08013,100
80026,08013,100
80027,08013,100
80027,08014,0
80030,08001,100
80031,08001,94.39
80031,08059,5.61
80033,08059,100
80045,08001,100
80101,08039,100
80102,08001,60.92
80102,08005,37.18
80102,08039,1.9
80103,08001,19.32
80103,08005,80.68
80104,08035,100
80105,08001,2.99
80105,08005,64.3
80105,08039,32.71
80106,08035,1.89
80106,08039,32.3
80106,08041,65.81
80107,08039,100
80108,08035,100
80109,08035,100
80110,08005,94.94
80110,08031,5.06
80111,08005,100
80111,08031,0
80112,08005,92.98
80112,08035,7.02
80113,08005,100
80116,08035,100
80117,08039,100
80118,08035,100
80120,08005,99.93
80120,08035,0.07
80121,08005,100
80122,08005,100
80123,08005,24.36
80123,08031,26.72
80123,08059,48.92
80124,08035,100
80125,08035,100
80126,08035,100
80127,08059,100
80128,08005,5.21
80128,08059,94.79
80129,08005,0
80129,08035,100
80130,08035,100
80131,08035,100
80132,08041,100
80133,08035,0.88
80133,08041,99.12
80134,08035,100
80135,08035,98.49
80135,08059,1.51
80136,08001,67.73
80136,08005,32.27
80137,08001,33.33
80137,08005,66.67
80138,08035,85.45
80138,08039,14.55
80202,08031,100
80203,08031,100
80204,08031,100
80205,08031,100
80206,08031,100
80207,08031,100
80209,08031,100
80210,08031,100
80211,08031,100
80212,08001,6.14
80212,08031,78.94
80212,08059,14.91
80214,08031,0.5
80214,08059,99.5
80215,08059,100
80216,08001,2.56
80216,08031,97.44
80218,08031,100
80219,08031,100
80220,08005,0.72
80220,08031,99.28
80221,08001,84.83
80221,08031,15.17
80222,08005,12.56
80222,08031,87.44
80223,08031,100
80224,08005,0.68
80224,08031,99.32
80226,08031,0.78
80226,08059,99.22
80227,08031,29.07
80227,08059,70.93
80228,08059,100
80229,08001,100
80230,08031,100
80231,08005,42.16
80231,08031,57.84
80232,08031,0.26
80232,08059,99.74
80233,08001,100
80234,08001,94.89
80234,08014,5.11
80235,08031,43.73
80235,08059,56.27
80236,08005,8.04
80236,08031,91.96
80237,08005,0
80237,08031,100
80238,08031,100
80239,08001,0
80239,08031,100
80241,08001,100
80246,08005,32.5
80246,08031,67.5
80247,08005,52.13
80247,08031,47.87
80249,08031,100
80260,08001,100
80264,08031,0
80290,08031,0
80293,08031,0
80294,08031,0
80301,08013,100
80302,08013,100
80303,08013,100
80304,08013,100
80305,08013,100
80310,08013,100
80401,08059,100
80403,08013,4.77
80403,08047,2.2
80403,08059,93.03
80419,08059,0
80420,08093,100
80421,08059,0.19
80421,08093,99.81
80422,08013,2.5
80422,08047,97.5
80423,08037,85.21
80423,08049,14.79
80424,08117,100
80425,08059,100
80426,08037,100
80426,08107,0
80427,08047,100
80428,08107,100
80432,08093,100
80433,08059,100
80434,08057,100
80435,08117,100
80436,08019,100
80438,08019,100
80439,08019,15.42
80439,08059,84.58
80440,08093,100
80442,08049,100
80443,08117,100
80444,08019,100
80446,08049,100
80447,08049,100
80448,08093,100
80449,08015,0.44
80449,08093,99.56
80451,08049,100
80452,08019,100
80453,08059,100
80454,08059,100
80455,08013,100
80456,08093,100
80457,08059,100
80459,08049,100
80461,08065,100
80463,08037,47.79
80463,08107,52.21
80465,08059,100
80466,08013,100
80467,08107,100
80468,08049,100
80469,08107,100
80470,08059,70.46
80470,08093,29.54
80471,08013,100
80473,08057,100
80475,08093,100
80476,08019,100
80477,08107,100
80478,08049,100
80479,08107,100
80480,08057,100
80481,08013,100
80482,08049,100
80483,08107,100
80487,08107,100
80488,08107,100
80497,08117,100
80498,08117,100
80501,08013,100
80503,08013,99.94
80503,08069,0.06
80504,08013,59.68
80504,08069,0.37
80504,08123,39.95
80510,08013,100
80511,08069,100
80512,08069,100
80513,08069,92.79
80513,08123,7.21
80514,08123,100
80515,08069,100
80516,08013,41.54
80516,08014,0.33
80516,08123,58.13
80517,08069,100
80520,08123,100
80521,08069,100
80524,08069,98.14
80524,08123,1.86
80525,08069,100
80526,08069,100
80528,08069,100
80530,08123,100
80532,08069,100
80534,08069,7.11
80534,08123,92.89
80535,08069,100
80536,08069,100
80537,08069,99.66
80537,08123,0.34
80538,08069,100
80540,08013,65.68
80540,08069,34.32
80542,08123,100
80543,08123,100
80544,08013,100
80545,08069,100
80546,08123,100
80547,08069,100
80549,08069,97.34
80549,08123,2.66
80550,08069,13.17
80550,08123,86.83
80601,08001,100
80602,08001,100
80603,08001,40.48
80603,08123,59.52
80610,08123,100
80611,08123,100
80612,08069,25.81
80612,08123,74.19
80615,08123,100
80620,08123,100
80621,08123,100
80622,08123,100
80623,08123,100
80624,08123,100
80631,08123,100
80634,08123,100
80640,08001,100
80642,08001,20.96
80642,08123,79.04
80643,08001,12.49
80643,08123,87.51
80644,08123,100
80645,08123,100
80648,08123,100
80649,08087,58.86
80649,08123,41.14
80650,08123,100
80651,08123,100
80652,08123,100
80653,08087,100
80654,08001,1.27
80654,08087,98.13
80654,08123,0.59
80701,08001,0.33
80701,08087,99.67
80705,08087,100
80720,08121,100
80721,08095,100
80722,08075,100
80723,08087,99.85
80723,08121,0.15
80726,08075,100
80727,08125,100
80728,08075,100
80729,08123,100
80731,08075,9.37
80731,08095,88.35
80731,08115,0.87
80731,08125,1.41
80733,08087,75.61
80733,08121,24.39
80734,08095,96.52
80734,08125,3.48
80735,08125,100
80736,08075,100
80737,08115,100
80740,08121,100
80741,08075,89.63
80741,08087,2.57
80741,08121,7.81
80742,08123,100
80743,08121,100
80744,08115,100
80745,08075,100
80746,08095,100
80747,08075,100
80749,08115,100
80750,08087,100
80751,08075,100
80754,08123,100
80755,08125,100
80757,08121,100
80758,08125,99.89
80758,31057,0.11
80759,08121,1.49
80759,08125,98.51
80801,08121,100
80802,08017,100
80804,08073,100
80805,08063,100
80807,08063,99.3
80807,08125,0.7
80808,08039,3.35
80808,08041,96.65
80809,08041,100
80810,08017,100
80812,08121,100
80813,08119,100
80814,08119,100
80815,08063,90.01
80815,08121,9.99
80816,08093,8.76
80816,08119,91.24
80817,08041,100
80818,08073,95.34
80818,08121,4.66
80819,08041,96.96
80819,08119,3.04
80820,08093,100
80821,08017,1.65
80821,08073,98.35
80822,08125,100
80823,08073,100
80824,08125,100
80825,08017,100
80827,08093,69.03
80827,08119,30.97
80828,08039,5.54
80828,08073,94.46
80829,08041,100
80830,08039,100
80831,08039,0.47
80831,08041,99.53
80832,08039,27.78
80832,08041,71.32
80832,08073,0.9
80833,08039,3.32
80833,08041,53.18
80833,08073,43.5
80834,08063,100
80835,08039,100
80836,08063,100
80840,08041,100
80860,08119,100
80861,08063,100
80862,08017,100
80863,08119,100
80864,08041,100
80902,08041,100
80903,08041,100
80904,08041,100
80905,08041,100
80906,08041,100
80907,08041,100
80908,08041,100
80909,08041,100
80910,08041,100
80911,08041,100
80913,08041,100
80914,08041,100
80915,08041,100
80916,08041,100
80917,08041,100
80918,08041,100
80919,08041,100
80920,08041,100
80921,08041,100
80922,08041,100
80923,08041,100
80924,08041,100
80925,08041,100
80926,08041,94.73
80926,08043,5.27
80927,08041,100
80928,08041,100
80929,08041,100
80930,08041,100
80938,08041,100
80939,08041,0
80951,08041,100
81001,08101,100
81003,08101,100
81004,08101,100
81005,08101,100
81006,08101,100
81007,08101,100
81008,08041,0.72
81008,08101,99.28
81019,08101,100
81020,08071,100
81021,08061,100
81022,08101,100
81023,08101,100
81024,08071,100
81025,08101,100
81027,08071,100
81029,08009,100
81030,08089,100
81033,08025,100
81036,08061,100
81038,08011,100
81039,08025,2.53
81039,08089,87.34
81039,08101,10.13
81040,08055,100
81041,08099,100
81043,08099,100
81044,08011,100
81045,08061,100
81047,08099,100
81049,08071,100
81050,08011,0.16
81050,08089,99.84
81052,08011,0.65
81052,08099,99.35
81054,08009,0.33
81054,08011,99.67
81055,08055,100
81057,08011,100
81058,08025,8.38
81058,08089,91.62
81059,08071,95.39
81059,08089,4.61
81062,08025,100
81063,08025,98.35
81063,08073,1.65
81064,08009,92.2
81064,08071,7.8
81067,08089,100
81069,08027,4.34
81069,08055,12.39
81069,08101,83.26
81071,08061,100
81073,08009,100
81076,08025,100
81077,08089,100
81081,08071,100
81082,08071,100
81084,08009,92.7
81084,08099,7.3
81087,08009,100
81089,08055,100
81090,08009,100
81091,08071,100
81092,08011,20.35
81092,08099,79.65
81101,08003,99.25
81101,08021,0.75
81120,08021,100
81121,08007,100
81122,08007,1.7
81122,08067,98.3
81123,08023,100
81124,08021,100
81125,08003,1.33
81125,08105,18.1
81125,08109,80.56
81126,08023,100
81128,08007,100
81129,08021,100
81130,08053,1.64
81130,08079,98.36
81131,08109,100
81132,08105,92.76
81132,08109,7.24
81133,08023,100
81136,08003,85.06
81136,08109,14.94
81137,08007,2.78
81137,08067,94.24
81137,35045,2.99
81138,08023,100
81140,08021,100
81141,08021,100
81143,08109,100
81144,08003,1.1
81144,08105,98.9
81146,08003,100
81147,08007,99.72
81147,08053,0.26
81147,08079,0.02
81148,08021,100
81149,08109,100
81151,08021,92.31
81151,08023,7.69
81152,08023,100
81154,08079,4.36
81154,08105,95.64
81155,08109,100
81201,08015,98.89
81201,08043,1.11
81210,08051,100
81211,08015,100
81212,08043,100
81220,08051,68.79
81220,08085,31.21
81221,08043,100
81222,08043,100
81223,08043,100
81224,08051,100
81225,08051,100
81226,08043,100
81227,08015,100
81230,08051,99.03
81230,08109,0.97
81231,08051,100
81232,08043,100
81233,08043,100
81235,08053,100
81236,08015,100
81237,08051,100
81239,08051,100
81240,08043,100
81241,08051,100
81242,08015,100
81243,08051,100
81244,08043,100
81248,08051,4.17
81248,08109,95.83
81251,08065,100
81252,08027,100
81253,08027,83.66
81253,08043,16.34
81301,08067,99.86
81301,08111,0.14
81303,08067,100
81320,08033,100
81321,08083,100
81323,08033,1.11
81323,08083,98.89
81324,08033,96.61
81324,49037,3.39
81325,08033,4.13
81325,08113,95.87
81326,08067,100
81327,08083,100
81328,08067,2.9
81328,08083,97.1
81330,08083,100
81331,08083,100
81332,08033,100
81334,08083,100
81335,08083,100
81401,08085,100
81403,08085,93.96
81403,08091,6.04
81410,08029,100
81411,08085,100
81413,08029,100
81415,08029,86.17
81415,08085,13.83
81416,08029,96.35
81416,08085,3.65
81418,08029,100
81419,08029,100
81422,08085,100
81423,08085,9.12
81423,08113,90.88
81424,08085,100
81425,08085,100
81426,08113,100
81427,08091,100
81428,08029,100
81429,08085,100
81430,08113,100
81431,08085,95.87
81431,08113,4.13
81432,08091,99.78
81432,08113,0.22
81433,08111,100
81434,08029,0
81434,08051,100
81435,08113,100
81501,08077,100
81503,08077,100
81504,08077,100
81505,08077,100
81506,08077,100
81507,08077,100
81520,08077,100
81521,08077,100
81522,08077,100
81523,08077,100
81524,08077,100
81525,08077,100
81526,08077,100
81527,08077,100
81601,08045,100
81610,08081,100
81611,08097,100
81612,08097,100
81615,08097,100
81620,08037,100
81621,08037,70.36
81621,08097,29.64
81623,08037,26.79
81623,08045,64.8
81623,08051,2.36
81623,08097,6.05
81624,08077,100
81625,08081,99.97
81625,08107,0.03
81630,08045,10.01
81630,08077,89.99
81631,08037,100
81632,08037,100
81633,08081,100
81635,08045,100
81637,08037,99.17
81637,08045,0.83
81638,08081,100
81639,08107,100
81640,08081,100
81641,08081,0.91
81641,08103,99.09
81642,08097,100
81643,08077,100
81645,08037,100
81646,08077,100
81647,08045,100
81648,08103,100
81649,08037,100
81650,08045,99.55
81650,08103,0.45
81652,08045,100
81653,08081,54.84
81653,08107,45.16
81654,08097,100
81655,08037,100
81656,08097,100
81657,08037,100
82001,56021,100
82005,56021,100
82007,56021,100
82009,56021,100
82050,56021,100
82051,56001,100
82052,56001,100
82053,56021,100
82054,56021,100
82055,56001,100
82058,56001,100
82059,56021,100
82060,56021,100
82061,56021,100
82063,08069,29
82063,56001,71
82070,56001,100
82072,56001,100
82073,56001,100
82081,56021,100
82082,31007,1.18
82082,56021,98.82
82083,56001,79.09
82083,56007,20.91
82084,56001,100
82190,56029,78.05
82190,56039,21.95
82201,56001,1.55
82201,56031,98.45
82210,56015,11.53
82210,56031,88.47
82212,56015,100
82213,56031,100
82214,56031,100
82215,56031,100
82217,56015,100
82219,56015,100
82221,56015,100
82222,56027,100
82223,56015,100
82224,56027,100
82225,56015,2.08
82225,56027,97.92
82227,56027,100
82229,56009,100
82240,56015,100
82242,56027,100
82243,56015,100
82244,56015,100
82301,56007,99.74
82301,56013,0.08
82301,56037,0.18
82321,56007,100
82322,56037,100
82323,56007,100
82324,56007,100
82325,56007,100
82327,56007,100
82329,56001,7.24
82329,56007,92.76
82331,56007,100
82332,56007,100
82334,56007,100
82335,56007,100
82336,56037,100
82401,56003,0.64
82401,56017,0.19
82401,56043,99.17
82410,56003,100
82411,56003,100
82412,56003,100
82414,56029,100
82420,56003,100
82421,56003,78.35
82421,56029,21.65
82422,56003,100
82423,56003,90.13
82423,56029,9.87
82426,56003,100
82428,56003,100
82430,56017,100
82431,56003,100
82432,56003,100
82433,56029,100
82434,56003,100
82435,56003,0.54
82435,56029,99.46
82440,56029,100
82441,56003,100
82442,56043,100
82443,56017,100
82450,56029,100
82501,56013,100
82510,56013,100
82512,56013,100
82513,56013,100
82514,56013,100
82515,56013,100
82516,56013,100
82520,56013,100
82523,56013,100
82601,56025,100
82604,56007,0.06
82604,56025,99.94
82609,56025,100
82620,56007,7.62
82620,56025,92.38
82630,56025,100
82633,56009,99.94
82633,56027,0.06
82635,56025,100
82636,56009,0.93
82636,56025,99.07
82637,56001,0
82637,56009,100
82638,56025,100
82639,56019,94.29
82639,56025,5.71
82640,56019,100
82642,56013,90.43
82642,56025,9.57
82643,56025,100
82644,56025,100
82646,56025,100
82648,56025,100
82649,56013,100
82701,46033,0.55
82701,46103,0
82701,56027,0.81
82701,56045,98.64
82710,56011,100
82711,56011,100
82712,56011,100
82714,56011,100
82715,56045,0
82716,56005,100
82718,56005,100
82720,56011,100
82721,56011,100
82723,56045,100
82725,56005,100
82727,56005,100
82729,56011,98.84
82729,56045,1.16
82730,56011,2.75
82730,56045,97.25
82731,56005,100
82732,56005,100
82801,30003,0.05
82801,56033,99.95
82831,56005,22.69
82831,56019,28.24
82831,56033,49.07
82832,56019,21.84
82832,56033,78.16
82833,56033,100
82834,56019,100
82835,56033,100
82836,56033,100
82837,56033,100
82838,56033,100
82839,56033,100
82842,56033,100
82844,56033,100
82845,56033,100
82901,56037,100
82922,56035,100
82923,56035,100
82925,56035,95.39
82925,56039,4.61
82929,56037,100
82930,49043,0.24
82930,56041,99.76
82932,56035,0
82932,56037,100
82933,56041,100
82934,56037,100
82935,56037,100
82936,56041,100
82937,56041,100
82938,56037,100
82939,56041,100
82941,56035,100
82942,56037,100
82943,56037,100
82944,56041,100
82945,56037,100
83001,56035,0.04
83001,56039,99.96
83011,56039,100
83012,56039,100
83013,56039,100
83014,56039,100
83025,56039,100
83101,56023,100
83110,56023,100
83111,16029,10.4
83111,56023,89.6
83112,56023,100
83113,56035,100
83114,56023,100
83115,56035,100
83116,56023,100
83118,56023,100
83119,56023,100
83120,16029,23.78
83120,56023,76.22
83121,56023,100
83122,56023,100
83123,56023,100
83124,56023,100
83126,56023,100
83127,56023,100
83128,56023,100
83201,16005,100
83202,16005,94.27
83202,16011,5.73
83203,16011,100
83204,16005,95.17
83204,16077,4.83
83209,16005,100
83210,16011,100
83211,16031,1.4
83211,16077,98.6
83212,16071,4.38
83212,16077,95.62
83213,16023,100
83214,16005,100
83215,16011,100
83217,16029,100
83218,16011,100
83220,16007,100
83221,16011,100
83223,16007,100
83226,16037,99.72
83226,16059,0.28
83227,16037,100
83228,16041,100
83232,16041,100
83233,16007,100
83234,16005,100
83235,16037,55.56
83235,16059,44.44
83236,16011,99.03
83236,16019,0.97
83237,16041,100
83238,16007,100
83239,16007,100
83241,16029,99.75
83241,16041,0.25
83243,16071,100
83244,16023,100
83245,16005,100
83246,16005,100
83250,16005,100
83251,16037,100
83252,16071,100
83253,16037,40.61
83253,16059,59.39
83254,16007,100
83254,16029,0
83255,16023,73.29
83255,16037,26.71
83261,16007,100
83262,16011,100
83263,16041,100
83271,16077,100
83272,16007,100
83274,16011,99.91
83274,16019,0.09
83276,16007,3.78
83276,16029,96.22
83277,16011,100
83278,16037,100
83281,16005,100
83283,16041,100
83285,16019,71.76
83285,16029,28.24
83286,16041,100
83287,16007,100
83301,16053,0.06
83301,16083,99.94
83302,16073,26.53
83302,16083,73.47
83311,16031,100
83312,16031,85.12
83312,49003,14.88
83313,16013,100
83314,16047,98.89
83314,16083,1.11
83316,16047,0.49
83316,16073,0.03
83316,16083,99.48
83318,16031,98.04
83318,16067,1.96
83320,16013,100
83321,16083,100
83322,16025,100
83323,16031,100
83324,16063,100
83325,16053,100
83327,16025,100
83328,16083,100
83330,16047,100
83332,16047,92.8
83332,16083,7.2
83333,16013,100
83334,16083,100
83335,16053,100
83336,16067,100
83337,16025,84.85
83337,16039,15.15
83338,16047,1.69
83338,16053,98.21
83338,16063,0.11
83340,16013,100
83341,16083,100
83342,16031,91.32
83342,16071,3.36
83342,49003,5.32
83344,16031,20.04
83344,16083,79.96
83346,16031,100
83347,16053,4.82
83347,16063,4.42
83347,16067,90.76
83348,16013,100
83349,16063,100
83350,16013,0.37
83350,16031,3.25
83350,16067,96.37
83352,16013,1.8
83352,16025,2.31
83352,16063,95.89
83353,16013,100
83354,16013,100
83355,16047,100
83401,16019,99.97
83401,16051,0.03
83402,16011,0.91
83402,16019,98.05
83402,16051,1.04
83404,16019,100
83406,16019,100
83414,56039,100
83420,16043,100
83421,16043,100
83422,16081,100
83423,16033,100
83424,16081,100
83425,16051,100
83427,16019,100
83428,16019,100
83429,16043,100
83431,16051,100
83433,16043,100
83434,16051,86.39
83434,16065,13.61
83435,16033,10.41
83435,16051,89.59
83436,16043,70.88
83436,16065,22.2
83436,16081,6.92
83440,16043,2.18
83440,16065,97.82
83442,16051,100
83443,16019,47.06
83443,16051,51.49
83443,16065,1.45
83444,16051,100
83445,16043,99.55
83445,16065,0.45
83446,16033,100
83448,16043,4.32
83448,16065,95.68
83449,16019,100
83450,16051,100
83451,16043,89.89
83451,16065,10.11
83452,16081,100
83454,16019,100
83455,16081,100
83460,16065,100
83462,16059,100
83463,16059,100
83464,16033,1.74
83464,16059,98.26
83465,16059,100
83466,16059,100
83467,16059,100
83468,16059,100
83469,16059,100
83501,16069,100
83520,16035,100
83522,16049,100
83523,16061,100
83524,16061,3.74
83524,16069,96.26
83525,16049,100
83526,16049,100
83530,16049,100
83533,16049,100
83535,16057,62.26
83535,16069,37.74
83536,16049,59.98
83536,16061,40.02
83537,16035,7.76
83537,16057,69.73
83537,16069,22.51
83539,16049,100
83540,16069,100
83541,16035,52.97
83541,16069,47.03
83542,16049,100
83543,16061,100
83544,16035,99.9
83544,16061,0.1
83545,16069,100
83546,16035,100
83547,16049,100
83548,16061,68.38
83548,16069,31.62
83549,16049,100
83552,16049,100
83553,16035,100
83554,16049,100
83555,16061,93.79
83555,16069,6.21
83601,16039,100
83602,16015,100
83604,16073,100
83605,16027,100
83607,16027,96.05
83607,16045,1.51
83607,16075,2.44
83610,16087,100
83611,16085,100
83612,16003,100
83615,16085,100
83616,16001,99.88
83616,16045,0.12
83617,16045,100
83619,16075,100
83622,16015,100
83623,16039,100
83624,16039,20.67
83624,16073,79.33
83626,16027,100
83627,16039,81.45
83627,16073,18.55
83628,16073,100
83629,16015,94.6
83629,16045,5.4
83631,16015,100
83632,16003,100
83633,16039,100
83634,16001,97.68
83634,16027,2.32
83636,16045,100
83637,16015,100
83638,16003,1.69
83638,16049,0.17
83638,16085,98.14
83639,16073,100
83641,16001,6.37
83641,16027,63.35
83641,16073,30.28
83642,16001,100
83643,16003,100
83644,16027,100
83645,16087,100
83646,16001,100
83647,16039,100
83648,16039,100
83650,16073,100
83651,16027,100
83654,16003,96.17
83654,16049,3.83
83655,16075,100
83656,16027,100
83657,16045,100
83657,16085,0
83660,16027,89.08
83660,16075,10.92
83661,16075,99.67
83661,16087,0.33
83666,16015,100
83669,16001,95.67
83669,16027,4.33
83670,16015,5.61
83670,16045,94.39
83671,16049,100
83672,16087,100
83676,16027,100
83677,16085,100
83686,16027,100
83687,16001,1.83
83687,16027,98.17
83702,16001,99.99
83702,16015,0.01
83703,16001,100
83704,16001,100
83705,16001,100
83706,16001,100
83709,16001,100
83712,16001,100
83713,16001,100
83714,16001,100
83716,16001,85.06
83716,16015,13.87
83716,16039,1.07
83801,16017,15.93
83801,16055,84.07
83802,16079,100
83803,16017,14.11
83803,16055,85.89
83804,16017,100
83805,16021,100
83806,16057,100
83808,16079,100
83809,16017,100
83810,16055,93.86
83810,16079,6.14
83811,16017,100
83812,16079,100
83813,16017,100
83814,16055,100
83815,16055,100
83821,16017,100
83822,16017,100
83823,16035,0
83823,16057,100
83824,16009,100
83825,16017,100
83826,16021,100
83827,16035,100
83830,16009,96.86
83830,16079,3.14
83832,16057,87.86
83832,16069,12.14
83833,16009,0.34
83833,16055,99.66
83834,16057,100
83835,16055,100
83836,16017,100
83837,16079,100
83839,16079,100
83840,16017,100
83841,16017,100
83842,16055,100
83843,16057,100
83844,16057,100
83845,16021,100
83846,16079,100
83847,16021,100
83848,16017,100
83849,16079,100
83850,16079,100
83851,16009,100
83852,16017,100
83854,16055,100
83855,16057,100
83856,16017,100
83857,16057,100
83858,16055,100
83860,16017,100
83861,16009,92.77
83861,16055,6.57
83861,16079,0.66
83864,16017,99.83
83864,16021,0.17
83866,16009,100
83867,16079,100
83868,16079,100
83869,16017,24.92
83869,16055,75.08
83870,16009,100
83871,16057,100
83872,16057,100
83873,16079,100
83874,16079,100
83876,16055,100
84001,49013,100
84002,49013,100
84003,49049,100
84004,49049,100
84005,49049,100
84006,49035,100
84007,49013,100
84010,49011,100
84013,49049,100
84014,49011,100
84015,49011,100
84017,49043,100
84018,49029,100
84020,49035,95.63
84020,49049,4.37
84021,49013,100
84022,49023,0.22
84022,49045,99.78
84023,49009,100
84024,49043,100
84025,49011,100
84026,49047,100
84027,49013,100
84028,49033,100
84029,49045,100
84031,49013,100
84032,49051,100
84033,49043,100
84034,32033,10.05
84034,49023,40.19
84034,49045,49.76
84035,49047,100
84036,49043,82.35
84036,49051,17.65
84037,49011,100
84038,49033,100
84039,49047,100
84040,49011,100
84041,49011,100
84042,49049,100
84043,49049,100
84044,49035,100
84045,49049,100
84046,49009,100
84047,49035,100
84049,49051,100
84050,49029,100
84051,49013,100
84052,49013,87.1
84052,49047,12.9
84053,49013,94.26
84053,49047,5.74
84054,49011,100
84055,49043,100
84056,49011,100
84057,49049,100
84058,49049,100
84060,49043,99.8
84060,49051,0.2
84061,49043,100
84062,49049,100
84063,49047,100
84064,49033,100
84065,49035,100
84066,49013,84.78
84066,49047,15.22
84067,49057,100
84069,49045,100
84070,49035,100
84071,49045,100
84072,49013,100
84073,49013,100
84074,49045,100
84075,49011,100
84076,49047,100
84078,49009,0
84078,49047,100
84080,49045,100
84081,49035,100
84082,49051,100
84083,49003,1.19
84083,49023,6.46
84083,49045,92.35
84084,49035,100
84085,49047,100
84086,49033,100
84087,49011,100
84088,49035,100
84092,49035,100
84093,49035,100
84094,49035,100
84095,49035,100
84096,49035,100
84097,49049,100
84098,49043,100
84101,49035,100
84102,49035,100
84103,49035,100
84104,49035,100
84105,49035,100
84106,49035,100
84107,49035,100
84108,49035,100
84109,49035,100
84111,49035,100
84112,49035,100
84113,49035,100
84115,49035,100
84116,49035,100
84117,49035,100
84118,49035,100
84119,49035,100
84120,49035,100
84121,49035,100
84123,49035,100
84124,49035,100
84128,49035,100
84144,49035,0
84180,49035,0
84301,49003,100
84302,49003,100
84304,49005,100
84305,49005,100
84306,49003,100
84307,49003,100
84308,49005,100
84309,49003,100
84310,49057,100
84311,49003,100
84312,49003,100
84313,49003,100
84314,49003,100
84315,49011,4.23
84315,49057,95.77
84316,49003,100
84317,49057,100
84318,49005,100
84319,49005,100
84320,49005,100
84321,49005,100
84324,49003,100
84325,49005,100
84326,49005,100
84327,49005,100
84328,49005,100
84329,49003,100
84330,49003,100
84331,49003,100
84332,49005,100
84333,49005,100
84334,49003,100
84335,49005,100
84336,49003,100
84337,49003,100
84338,49005,100
84339,49005,100
84340,49003,100
84341,49005,100
84401,49057,100
84403,49057,100
84404,49057,100
84405,49011,20.11
84405,49057,79.89
84414,49057,100
84501,49007,100
84511,49037,100
84512,49037,100
84513,49015,100
84515,49019,100
84516,49015,100
84518,49015,100
84520,49007,100
84521,49015,100
84522,49015,100
84523,49015,100
84525,49015,95.69
84525,49019,4.31
84526,49007,99.76
84526,49013,0.05
84526,49049,0.19
84528,49015,100
84529,49007,100
84530,49037,100
84531,04001,3.12
84531,49037,96.88
84532,49019,93.28
84532,49037,6.72
84533,49017,33.33
84533,49025,53.93
84533,49037,12.73
84534,49037,100
84535,49037,100
84536,04017,19.26
84536,49037,80.74
84537,49015,100
84539,49007,100
84540,49019,95.65
84540,49047,4.35
84542,49007,100
84601,49049,100
84604,49049,99.83
84604,49051,0.17
84606,49049,100
84620,49041,100
84621,49039,100
84622,49039,100
84623,49039,100
84624,49027,100
84626,49049,100
84627,49039,100
84628,49023,95.98
84628,49045,4.02
84629,49039,94.03
84629,49049,5.97
84630,49039,100
84631,49027,100
84632,49039,100
84633,49049,100
84634,49039,100
84635,49027,100
84636,49027,100
84637,49027,100
84638,49027,100
84639,49023,100
84640,49027,100
84642,49039,100
84643,49039,100
84645,49023,100
84646,49039,100
84647,49039,100
84648,49023,100
84649,49027,100
84651,49049,100
84652,49041,100
84653,49049,100
84654,49041,100
84655,49049,100
84656,49023,2.32
84656,49027,97.68
84657,49041,100
84660,49049,100
84662,49039,100
84663,49049,100
84664,49049,100
84665,49039,100
84667,49039,100
84701,49041,100
84710,49025,100
84711,49041,100
84712,49017,73.13
84712,49031,26.87
84713,49001,99.26
84713,49027,0.74
84714,49021,100
84715,49055,100
84716,49017,100
84718,49017,93.65
84718,49025,6.35
84719,49021,100
84720,49021,100
84721,49021,100
84722,49053,100
84723,49031,100
84724,49041,100
84725,49053,100
84726,49017,100
84728,49027,100
84729,49025,100
84730,49041,100
84731,49001,100
84732,49031,100
84733,49053,100
84734,49055,100
84735,49017,100
84736,49017,100
84737,49053,100
84738,49053,100
84739,49041,100
84740,49031,100
84741,49025,100
84742,49021,100
84743,49031,100
84744,49031,10.71
84744,49041,89.29
84745,49053,100
84746,49053,100
84747,49055,100
84749,49055,100
84750,49031,100
84751,49001,99.76
84751,49027,0.24
84752,49001,100
84753,49001,3.85
84753,49021,96.15
84754,49041,100
84755,49025,100
84756,49021,97.81
84756,49053,2.19
84757,49021,5.83
84757,49053,94.17
84758,49025,100
84759,49017,100
84760,49021,100
84761,49021,100
84762,49017,2.82
84762,49025,97.18
84763,49053,100
84764,49017,100
84765,49053,100
84766,49041,100
84767,49053,100
84770,49053,100
84772,49021,100
84773,49055,100
84774,49053,100
84775,49017,2.09
84775,49055,97.91
84776,49017,100
84779,49053,100
84780,49053,100
84781,49053,100
84782,49053,100
84783,49053,100
84784,49053,100
84790,49053,100
85003,04013,100
85004,04013,100
85006,04013,100
85007,04013,100
85008,04013,100
85009,04013,100
85012,04013,100
85013,04013,100
85014,04013,100
85015,04013,100
85016,04013,100
85017,04013,100
85018,04013,100
85019,04013,100
85020,04013,100
85021,04013,100
85022,04013,100
85023,04013,100
85024,04013,100
85027,04013,100
85028,04013,100
85029,04013,100
85031,04013,100
85032,04013,100
85033,04013,100
85034,04013,100
85035,04013,100
85037,04013,100
85040,04013,100
85041,04013,100
85042,04013,100
85043,04013,100
85044,04013,100
85045,04013,100
85048,04013,100
85050,04013,100
85051,04013,100
85053,04013,100
85054,04013,100
85083,04013,100
85085,04013,100
85086,04013,100
85087,04013,100
85118,04021,100
85119,04021,100
85120,04013,16.23
85120,04021,83.77
85121,04021,100
85122,04021,100
85123,04021,100
85128,04021,100
85131,04021,100
85132,04021,100
85135,04007,100
85137,04021,100
85138,04021,100
85139,04013,0.69
85139,04021,99.31
85140,04021,100
85141,04021,100
85142,04013,66.26
85142,04021,33.74
85143,04021,100
85145,04021,100
85147,04021,100
85172,04021,100
85173,04021,100
85192,04007,32.74
85192,04021,67.26
85193,04021,100
85194,04021,100
85201,04013,100
85202,04013,100
85203,04013,100
85204,04013,100
85205,04013,100
85206,04013,100
85207,04013,100
85208,04013,100
85209,04013,100
85210,04013,100
85212,04013,100
85213,04013,100
85215,04013,100
85224,04013,100
85225,04013,100
85226,04013,100
85233,04013,100
85234,04013,100
85248,04013,97.55
85248,04021,2.45
85249,04013,100
85250,04013,100
85251,04013,100
85253,04013,100
85254,04013,100
85255,04013,100
85256,04013,100
85257,04013,100
85258,04013,100
85259,04013,100
85260,04013,100
85262,04013,100
85263,04013,100
85264,04013,100
85266,04013,100
85268,04013,100
85281,04013,100
85282,04013,100
85283,04013,100
85284,04013,100
85286,04013,100
85295,04013,100
85296,04013,100
85297,04013,100
85298,04013,100
85301,04013,100
85302,04013,100
85303,04013,100
85304,04013,100
85305,04013,100
85306,04013,100
85307,04013,100
85308,04013,100
85309,04013,100
85310,04013,100
85320,04013,98.66
85320,04025,1.34
85321,04013,3.4
85321,04019,96.6
85322,04013,100
85323,04013,100
85324,04025,100
85325,04012,100
85326,04013,100
85328,04012,100
85331,04013,100
85332,04025,100
85333,04013,9.75
85333,04027,90.25
85334,04012,100
85335,04013,100
85336,04027,100
85337,04013,100
85338,04013,100
85339,04013,99.85
85339,04021,0.15
85340,04013,100
85341,04019,100
85342,04013,97.21
85342,04025,2.79
85343,04013,100
85344,04012,100
85345,04013,100
85346,04012,100
85347,04027,100
85348,04012,100
85349,04027,100
85350,04027,100
85351,04013,100
85352,04027,100
85353,04013,100
85354,04013,100
85355,04013,100
85356,04027,100
85357,04012,100
85360,04015,100
85361,04013,100
85362,04025,100
85363,04013,100
85364,04027,100
85365,04027,100
85367,04027,100
85371,04012,100
85373,04013,100
85374,04013,100
85375,04013,100
85377,04013,100
85379,04013,100
85381,04013,100
85382,04013,100
85383,04013,100
85387,04013,100
85388,04013,100
85390,04013,91.66
85390,04025,8.34
85392,04013,100
85395,04013,100
85396,04013,100
85501,04007,100
85530,04009,100
85531,04009,100
85533,04009,0.31
85533,04011,99.69
85534,04011,100
85535,04009,100
85536,04009,100
85539,04007,94.89
85539,04021,5.11
85540,04011,100
85541,04007,100
85542,04007,15.58
85542,04009,84.42
85543,04009,100
85544,04007,100
85545,04007,97.43
85545,04013,2.57
85546,04009,100
85550,04007,100
85551,04009,100
85552,04009,100
85553,04007,100
85554,04007,100
85601,04019,100
85602,04003,90.16
85602,04019,9.84
85603,04003,100
85605,04003,100
85606,04003,100
85607,04003,100
85608,04003,100
85609,04003,100
85610,04003,100
85611,04003,2.07
85611,04019,17.93
85611,04023,80
85613,04003,100
85614,04019,100
85615,04003,100
85616,04003,100
85617,04003,100
85618,04021,100
85619,04019,100
85620,04003,100
85621,04023,100
85622,04019,100
85623,04021,100
85624,04023,100
85625,04003,100
85626,04003,100
85627,04003,100
85629,04019,100
85630,04003,100
85631,04021,100
85632,04003,100
85633,04019,100
85634,04019,98.32
85634,04021,1.68
85635,04003,100
85637,04019,16.88
85637,04023,83.12
85638,04003,100
85640,04023,100
85641,04019,100
85643,04003,87.08
85643,04009,12.92
85645,04019,87.36
85645,04023,12.64
85646,04023,100
85648,04023,100
85650,04003,100
85653,04019,99.95
85653,04021,0.05
85654,04019,100
85658,04019,84.36
85658,04021,15.64
85701,04019,100
85704,04019,100
85705,04019,100
85706,04019,100
85707,04019,100
85708,04019,100
85710,04019,100
85711,04019,100
85712,04019,100
85713,04019,100
85714,04019,100
85715,04019,100
85716,04019,100
85718,04019,100
85719,04019,100
85723,04019,0
85724,04019,0
85726,04019,0
85730,04019,100
85735,04019,100
85736,04019,100
85737,04019,100
85739,04019,42.95
85739,04021,57.05
85741,04019,100
85742,04019,100
85743,04019,100
85745,04019,100
85746,04019,100
85747,04019,100
85748,04019,100
85749,04019,100
85750,04019,100
85755,04019,100
85756,04019,100
85757,04019,100
85901,04001,3.26
85901,04017,96.74
85911,04017,100
85912,04017,100
85920,04001,100
85922,04011,100
85923,04017,100
85924,04001,100
85925,04001,100
85926,04017,100
85927,04001,100
85928,04017,100
85929,04017,100
85930,04001,48.8
85930,04017,51.2
85931,04005,100
85932,04001,100
85933,04017,100
85934,04017,100
85935,04017,100
85936,04001,100
85937,04017,100
85938,04001,100
85939,04017,100
85940,04001,100
85941,04001,0.25
85941,04007,16.88
85941,04017,82.87
85942,04017,100
86001,04005,100
86003,04005,100
86004,04005,100
86011,04005,100
86015,04005,100
86016,04005,100
86017,04005,100
86018,04005,100
86020,04005,100
86021,04015,100
86022,04005,62.31
86022,04015,37.69
86023,04005,100
86024,04005,100
86025,04017,100
86028,04001,100
86029,04017,100
86030,04005,0.22
86030,04017,99.78
86031,04017,100
86032,04017,100
86033,04001,2.43
86033,04017,97.57
86034,04001,16.16
86034,04017,83.84
86035,04005,100
86036,04005,100
86038,04005,100
86039,04017,100
86040,04005,100
86042,04017,100
86043,04017,100
86044,04005,77.51
86044,04017,12.47
86044,49037,10.02
86045,04005,100
86046,04005,100
86047,04005,5.84
86047,04017,94.16
86052,04005,100
86053,04005,100
86054,04005,5.63
86054,04017,94.37
86301,04025,100
86303,04025,100
86305,04025,100
86313,04025,100
86314,04025,100
86315,04025,100
86320,04005,46.95
86320,04025,53.05
86321,04025,100
86322,04025,100
86323,04025,100
86324,04025,100
86325,04025,100
86326,04025,100
86327,04025,100
86329,04025,100
86331,04025,100
86332,04025,100
86333,04025,100
86334,04025,100
86335,04025,100
86336,04005,27.83
86336,04025,72.17
86337,04005,4.42
86337,04025,95.58
86338,04025,100
86343,04025,100
86351,04025,100
86401,04015,100
86403,04015,100
86404,04015,100
86406,04015,100
86409,04015,100
86411,04015,100
86413,04015,100
86426,04015,100
86429,04015,100
86431,04015,100
86432,04015,100
86433,04015,100
86434,04015,93.83
86434,04025,6.17
86435,04005,100
86436,04015,100
86437,04015,100
86438,04015,100
86440,04015,100
86441,04015,100
86442,04015,100
86443,04015,100
86444,04015,100
86445,04015,100
86502,04001,100
86503,04001,100
86504,04001,88.56
86504,35031,11.44
86505,04001,84.3
86505,04017,15.7
86506,04001,100
86507,04001,100
86508,04001,100
86510,04001,0.3
86510,04017,99.7
86511,04001,100
86512,04001,100
86514,04001,90.77
86514,49037,9.23
86515,04001,64.61
86515,35031,35.39
86520,04001,64.19
86520,04017,35.81
86535,04001,100
86538,04001,100
86540,04001,100
86544,04001,100
86545,04001,100
86547,04001,100
86556,04001,100
87001,35043,100
87002,35061,100
87004,35043,100
87005,35006,100
87006,35053,59.6
87006,35061,40.4
87007,35006,100
87008,35001,100
87010,35049,100
87011,35027,57.14
87011,35053,42.86
87012,35039,100
87013,35031,26.56
87013,35039,3.73
87013,35043,67.73
87013,35045,1.98
87014,35006,99.69
87014,35043,0.31
87015,35001,14.35
87015,35049,67.66
87015,35057,17.99
87016,35057,100
87017,35039,100
87018,35043,100
87020,35006,100
87021,35006,100
87022,35001,100
87023,35061,100
87024,35043,100
87025,35043,100
87026,35001,37.98
87026,35006,46.54
87026,35061,15.48
87027,35043,100
87028,35053,100
87029,35039,100
87031,35061,100
87032,35057,100
87034,35006,100
87035,35049,1.4
87035,35057,98.6
87036,35053,1.18
87036,35057,98.82
87037,35045,100
87038,35006,100
87040,35006,100
87041,35043,100
87042,35061,100
87043,35043,100
87044,35043,100
87045,35006,2.46
87045,35031,97.54
87046,35039,25.81
87046,35043,74.19
87047,35001,82.75
87047,35043,12.85
87047,35049,4.39
87048,35001,4.24
87048,35043,95.76
87049,35006,100
87051,35006,100
87052,35043,100
87053,35043,100
87056,35047,1.47
87056,35049,98.53
87059,35001,100
87061,35057,100
87062,35053,100
87063,35057,100
87064,35039,100
87068,35061,100
87070,35057,100
87072,35043,100
87083,35043,100
87102,35001,100
87104,35001,100
87105,35001,100
87106,35001,100
87107,35001,100
87108,35001,100
87109,35001,100
87110,35001,100
87111,35001,100
87112,35001,100
87113,35001,100
87114,35001,100
87116,35001,100
87117,35001,100
87120,35001,100
87121,35001,100
87122,35001,100
87123,35001,100
87124,35043,100
87144,35043,100
87301,35031,100
87305,35031,100
87310,35031,100
87311,35031,100
87312,35031,100
87313,35031,94.44
87313,35045,5.56
87315,35006,100
87316,35031,100
87317,35031,100
87319,35031,100
87320,35031,100
87321,35006,72.87
87321,35031,27.13
87322,35031,100
87323,35006,5.68
87323,35031,94.32
87325,35031,56.49
87325,35045,43.51
87326,35031,100
87327,35006,0.08
87327,35031,99.92
87328,04001,6.93
87328,35031,77.47
87328,35045,15.59
87347,35031,100
87357,35006,100
87364,35045,100
87375,35031,100
87401,35045,100
87402,35045,100
87410,35045,100
87412,35039,6.11
87412,35045,93.89
87413,35045,100
87415,35045,100
87416,35045,100
87417,35045,100
87418,35045,100
87419,35039,3.88
87419,35045,96.12
87420,35045,100
87421,35045,100
87455,35045,100
87461,35045,100
87499,35045,100
87501,35049,100
87505,35049,100
87506,35049,100
87507,35049,100
87508,35049,100
87510,35039,100
87511,35039,100
87512,35055,100
87513,35055,100
87514,35055,100
87515,35039,100
87516,35039,100
87517,35055,100
87518,35039,100
87519,35055,100
87520,35039,100
87521,35039,23.63
87521,35055,76.37
87522,35039,75.3
87522,35049,24.7
87523,35039,100
87524,35055,100
87525,35055,100
87527,35039,100
87528,35039,100
87529,35055,100
87530,35039,100
87531,35039,66.58
87531,35055,33.42
87532,35039,69.69
87532,35049,30.31
87533,35039,100
87535,35047,22.36
87535,35049,77.64
87537,35039,100
87538,35047,100
87539,35039,100
87540,35049,100
87543,35055,100
87544,35028,100
87548,35039,100
87549,35039,87.66
87549,35055,12.34
87551,35039,100
87552,35047,100
87553,35055,100
87554,35039,100
87556,35055,100
87557,35055,100
87558,35055,100
87560,35047,100
87562,35047,100
87564,35055,100
87565,35047,100
87566,35039,100
87567,35049,100
87569,35047,100
87571,35055,100
87573,35047,88.89
87573,35049,11.11
87574,35049,100
87575,35039,100
87577,35039,13.66
87577,35055,86.34
87578,35039,100
87579,35055,100
87580,35055,100
87581,35039,100
87582,35039,100
87583,35047,100
87701,35047,100
87710,35007,100
87711,35019,64.94
87711,35047,35.06
87712,35033,100
87713,35033,100
87714,35007,100
87715,35033,100
87718,35007,100
87722,35033,100
87723,35033,100
87724,35019,100
87728,35007,100
87729,35007,100
87730,35021,100
87731,35047,100
87732,35033,100
87733,35021,100
87734,35007,1.1
87734,35033,98.9
87735,35033,100
87736,35033,100
87740,35007,100
87742,35033,16.75
87742,35047,83.25
87743,35021,100
87745,35033,4.13
87745,35047,95.87
87746,35021,14.17
87746,35047,85.83
87747,35007,100
87749,35007,100
87750,35033,100
87752,35033,100
87753,35033,100
87801,35053,100
87820,35003,100
87821,35003,100
87823,35053,100
87824,35003,100
87825,35003,1.27
87825,35053,98.73
87827,35003,100
87828,35053,100
87829,35003,98.05
87829,35006,1.95
87830,35003,100
87831,35053,100
87832,35053,100
87901,35051,100
87930,35051,100
87931,35051,100
87933,35051,100
87935,35051,100
87936,35013,88.54
87936,35051,11.46
87937,35013,100
87939,35051,100
87940,35013,100
87941,35013,100
87942,35051,100
87943,35003,7.02
87943,35051,77.19
87943,35053,15.79
88001,35013,100
88002,35013,100
88003,35013,100
88004,35013,100
88005,35013,100
88007,35013,100
88008,35013,100
88009,35023,100
88011,35013,100
88012,35013,100
88020,35023,100
88021,35013,100
88022,35017,100
88023,35017,100
88024,35013,100
88025,35017,100
88026,35017,100
88027,35013,100
88028,35017,100
88029,35029,100
88030,35029,100
88032,35013,100
88033,35013,100
88034,35017,100
88038,35017,100
88039,35003,100
88040,35017,63.79
88040,35023,36.21
88041,35017,100
88042,35051,100
88043,35017,100
88044,35013,100
88045,35017,0.35
88045,35023,99.65
88046,35013,100
88047,35013,100
88048,35013,100
88049,35017,100
88051,35017,100
88052,35013,100
88053,35017,100
88055,35017,100
88056,35023,100
88061,35017,100
88063,35013,99.79
88063,48141,0.21
88065,35017,100
88072,35013,100
88081,35013,44.34
88081,35035,55.66
88101,35009,100
88103,35009,100
88112,35009,100
88113,35041,100
88114,35025,100
88115,35041,100
88116,35005,5.71
88116,35041,94.29
88118,35041,100
88119,35011,100
88120,35009,80.33
88120,35037,19.67
88121,35037,100
88124,35009,88.5
88124,35037,6.18
88124,35041,5.32
88125,35041,100
88126,35041,100
88130,35041,100
88132,35041,100
88134,35011,100
88135,35009,96.78
88135,35041,3.22
88136,35011,100
88201,35005,100
88203,35005,100
88210,35015,100
88220,35015,99.99
88220,48109,0.01
88230,35005,100
88231,35025,100
88232,35005,100
88240,35025,100
88242,35025,100
88250,35005,18.15
88250,35015,81.85
88252,35025,100
88253,35005,73.9
88253,35015,26.1
88254,35015,100
88255,35015,100
88256,35015,100
88260,35025,100
88262,35025,100
88263,35015,100
88264,35025,100
88265,35025,100
88267,35025,100
88268,35015,100
88301,35027,97.19
88301,35057,2.81
88310,35035,100
88311,35035,100
88312,35027,100
88314,35035,100
88316,35027,100
88317,35035,100
88318,35027,84.78
88318,35057,15.22
88321,35019,14.44
88321,35057,85.56
88323,35027,100
88324,35027,100
88325,35035,100
88330,35035,100
88336,35027,100
88337,35035,100
88338,35027,100
88339,35005,7.61
88339,35035,92.39
88340,35035,100
88341,35027,100
88342,35035,100
88343,35027,100
88344,35005,48.43
88344,35035,51.57
88345,35027,100
88346,35027,100
88347,35035,100
88348,35027,100
88349,35035,100
88350,35035,100
88351,35027,100
88352,35035,100
88353,35019,100
88354,35035,100
88355,35027,100
88401,35037,99.76
88401,35047,0.24
88410,35021,10.85
88410,35059,89.15
88411,35037,100
88414,35059,100
88415,35021,0.73
88415,35059,99.27
88416,35047,100
88417,35019,100
88418,35059,100
88419,35007,8.73
88419,35059,91.27
88421,35047,100
88422,35007,47.06
88422,35059,52.94
88424,35059,100
88426,35021,7.59
88426,35037,92.41
88427,35037,100
88430,35037,94.44
88430,48359,5.56
88431,35019,53.06
88431,35047,46.94
88434,35037,100
88435,35019,100
88436,35059,100
89001,32017,99.84
89001,32023,0.16
89002,32003,100
89003,32023,100
89004,32003,100
89005,32003,100
89007,32003,100
89008,32017,100
89010,06051,7.47
89010,32009,88.67
89010,32021,3.86
89011,32003,100
89012,32003,100
89013,32009,100
89014,32003,100
89015,32003,100
89017,32017,100
89018,32003,100
89019,06027,0
89019,06071,2.58
89019,32003,97.42
89020,32023,100
89021,32003,100
89022,32023,100
89025,32003,100
89026,32003,100
89027,32003,100
89029,32003,100
89030,32003,100
89031,32003,100
89032,32003,100
89039,32003,100
89040,32003,100
89042,32017,100
89043,32017,100
89044,32003,100
89045,32023,100
89046,32003,100
89047,32009,100
89048,32023,100
89049,32009,0.81
89049,32023,99.19
89052,32003,100
89054,32003,100
89060,06027,0.29
89060,32023,99.71
89061,06027,0.97
89061,32023,99.03
89074,32003,100
89081,32003,100
89084,32003,100
89085,32003,100
89086,32003,100
89101,32003,100
89102,32003,100
89103,32003,100
89104,32003,100
89106,32003,100
89107,32003,100
89108,32003,100
89109,32003,100
89110,32003,100
89113,32003,100
89115,32003,100
89117,32003,100
89118,32003,100
89119,32003,100
89120,32003,100
89121,32003,100
89122,32003,100
89123,32003,100
89124,32003,98.3
89124,32023,1.7
89128,32003,100
89129,32003,100
89130,32003,100
89131,32003,100
89134,32003,100
89135,32003,100
89138,32003,100
89139,32003,100
89141,32003,100
89142,32003,100
89143,32003,100
89144,32003,100
89145,32003,100
89146,32003,100
89147,32003,100
89148,32003,100
89149,32003,100
89156,32003,100
89161,32003,100
89166,32003,100
89169,32003,100
89178,32003,100
89179,32003,100
89183,32003,100
89191,32003,100
89301,32033,100
89310,32015,76.18
89310,32023,23.82
89311,32033,100
89314,32023,100
89316,32011,96.59
89316,32023,0.5
89316,32033,2.91
89317,32023,3.98
89317,32033,96.02
89318,32033,100
89319,32033,100
89402,32031,100
89403,32019,95.19
89403,32029,4.81
89404,32013,100
89405,32027,0.42
89405,32031,99.58
89406,32001,99.99
89406,32019,0.01
89408,32001,0.55
89408,32019,99.45
89409,32021,1.41
89409,32023,98.59
89410,32005,100
89411,32005,100
89412,32013,2.78
89412,32031,97.22
89413,32005,100
89414,32007,13.18
89414,32013,86.82
89415,32021,100
89418,32027,100
89419,32027,100
89420,32021,100
89421,32013,85.33
89421,41045,14.67
89422,32021,100
89423,32005,100
89424,32031,100
89425,32013,100
89426,32013,100
89427,32021,100
89428,32019,100
89429,32019,100
89430,32019,100
89431,32031,100
89433,32031,100
89434,32029,4.38
89434,32031,95.62
89436,32031,100
89438,32013,100
89439,06091,5.65
89439,32031,94.35
89440,32029,100
89441,32031,100
89442,32029,0.89
89442,32031,99.11
89444,32005,56.4
89444,32019,43.6
89445,32013,92.47
89445,32027,7.53
89446,32013,100
89447,32019,100
89448,32005,100
89449,32005,100
89450,32031,100
89451,32031,100
89460,32005,100
89501,32031,100
89502,32031,100
89503,32031,100
89506,32031,100
89508,32031,100
89509,32031,100
89510,32031,100
89511,32031,100
89512,32031,100
89519,32031,100
89521,32029,4.9
89521,32031,95.1
89523,32031,100
89701,32510,100
89702,32510,0
89703,32510,100
89704,32031,100
89705,32005,99.09
89705,32510,0.91
89706,32019,8.3
89706,32510,91.7
89801,32007,100
89815,32007,100
89820,32011,0.04
89820,32015,99.96
89821,32011,100
89822,32007,94.31
89822,32011,5.69
89823,32007,100
89825,32007,100
89826,32007,100
89828,32007,100
89830,32007,100
89831,32007,100
89832,16073,27.3
89832,32007,72.7
89833,32007,100
89834,32007,100
89835,32007,100
89883,32007,100
90001,06037,100
90002,06037,100
90003,06037,100
90004,06037,100
90005,06037,100
90006,06037,100
90007,06037,100
90008,06037,100
90010,06037,100
90011,06037,100
90012,06037,100
90013,06037,100
90014,06037,100
90015,06037,100
90016,06037,100
90017,06037,100
90018,06037,100
90019,06037,100
90020,06037,100
90021,06037,100
90022,06037,100
90023,06037,100
90024,06037,100
90025,06037,100
90026,06037,100
90027,06037,100
90028,06037,100
90029,06037,100
90031,06037,100
90032,06037,100
90033,06037,100
90034,06037,100
90035,06037,100
90036,06037,100
90037,06037,100
90038,06037,100
90039,06037,100
90040,06037,100
90041,06037,100
90042,06037,100
90043,06037,100
90044,06037,100
90045,06037,100
90046,06037,100
90047,06037,100
90048,06037,100
90049,06037,100
90056,06037,100
90057,06037,100
90058,06037,100
90059,06037,100
90061,06037,100
90062,06037,100
90063,06037,100
90064,06037,100
90065,06037,100
90066,06037,100
90067,06037,100
90068,06037,100
90069,06037,100
90071,06037,100
90073,06037,100
90077,06037,100
90079,06037,0
90089,06037,100
90090,06037,0
90094,06037,100
90095,06037,100
90201,06037,100
90210,06037,100
90211,06037,100
90212,06037,100
90220,06037,100
90221,06037,100
90222,06037,100
90230,06037,100
90232,06037,100
90240,06037,100
90241,06037,100
90242,06037,100
90245,06037,100
90247,06037,100
90248,06037,100
90249,06037,100
90250,06037,100
90254,06037,100
90255,06037,100
90260,06037,100
90262,06037,100
90263,06037,100
90265,06037,96.68
90265,06111,3.32
90266,06037,100
90270,06037,100
90272,06037,100
90274,06037,100
90275,06037,100
90277,06037,100
90278,06037,100
90280,06037,100
90290,06037,100
90291,06037,100
90292,06037,100
90293,06037,100
90301,06037,100
90302,06037,100
90303,06037,100
90304,06037,100
90305,06037,100
90401,06037,100
90402,06037,100
90403,06037,100
90404,06037,100
90405,06037,100
90501,06037,100
90502,06037,100
90503,06037,100
90504,06037,100
90505,06037,100
90506,06037,0
90601,06037,100
90602,06037,100
90603,06037,100
90604,06037,100
90605,06037,100
90606,06037,100
90620,06059,100
90621,06059,100
90623,06037,0.77
90623,06059,99.23
90630,06037,0.39
90630,06059,99.61
90631,06037,8.92
90631,06059,91.08
90638,06037,99.02
90638,06059,0.98
90640,06037,100
90650,06037,100
90660,06037,100
90670,06037,100
90680,06059,100
90701,06037,100
90703,06037,100
90704,06037,100
90706,06037,100
90710,06037,100
90712,06037,100
90713,06037,100
90715,06037,100
90716,06037,100
90717,06037,100
90720,06059,100
90723,06037,100
90731,06037,100
90732,06037,100
90740,06037,0.06
90740,06059,99.94
90742,06059,100
90743,06059,100
90744,06037,100
90745,06037,100
90746,06037,100
90747,06037,0
90755,06037,100
90802,06037,100
90803,06037,100
90804,06037,100
90805,06037,100
90806,06037,100
90807,06037,100
90808,06037,100
90810,06037,100
90813,06037,100
90814,06037,100
90815,06037,99.77
90815,06059,0.23
90822,06037,100
90831,06037,0
91001,06037,100
91006,06037,100
91007,06037,100
91008,06037,100
91010,06037,100
91011,06037,100
91016,06037,100
91020,06037,100
91024,06037,100
91030,06037,100
91040,06037,100
91042,06037,100
91046,06037,100
91101,06037,100
91103,06037,100
91104,06037,100
91105,06037,100
91106,06037,100
91107,06037,100
91108,06037,100
91201,06037,100
91202,06037,100
91203,06037,100
91204,06037,100
91205,06037,100
91206,06037,100
91207,06037,100
91208,06037,100
91210,06037,100
91214,06037,100
91301,06037,100
91302,06037,100
91303,06037,100
91304,06037,99.52
91304,06111,0.48
91306,06037,100
91307,06037,91.63
91307,06111,8.37
91311,06037,99.27
91311,06111,0.73
91316,06037,100
91320,06111,100
91321,06037,100
91324,06037,100
91325,06037,100
91326,06037,100
91330,06037,100
91331,06037,100
91335,06037,100
91340,06037,100
91342,06037,100
91343,06037,100
91344,06037,100
91345,06037,100
91350,06037,100
91351,06037,100
91352,06037,100
91354,06037,100
91355,06037,100
91356,06037,100
91360,06111,100
91361,06037,34.93
91361,06111,65.07
91362,06037,3.37
91362,06111,96.63
91364,06037,100
91367,06037,100
91371,06037,100
91377,06111,100
91381,06037,100
91384,06037,100
91387,06037,100
91390,06037,100
91401,06037,100
91402,06037,100
91403,06037,100
91405,06037,100
91406,06037,100
91411,06037,100
91423,06037,100
91436,06037,100
91501,06037,100
91502,06037,100
91504,06037,100
91505,06037,100
91506,06037,100
91601,06037,100
91602,06037,100
91604,06037,100
91605,06037,100
91606,06037,100
91607,06037,100
91608,06037,0
91701,06071,100
91702,06037,100
91706,06037,100
91708,06071,100
91709,06071,100
91710,06071,100
91711,06037,100
91722,06037,100
91723,06037,100
91724,06037,100
91730,06071,100
91731,06037,100
91732,06037,100
91733,06037,100
91737,06071,100
91739,06071,100
91740,06037,100
91741,06037,100
91744,06037,100
91745,06037,100
91746,06037,100
91748,06037,100
91750,06037,100
91752,06065,100
91754,06037,100
91755,06037,100
91759,06037,13.87
91759,06071,86.13
91761,06071,100
91762,06071,100
91763,06071,100
91764,06071,100
91765,06037,100
91766,06037,93.44
91766,06071,6.56
91767,06037,100
91768,06037,100
91770,06037,100
91773,06037,100
91775,06037,100
91776,06037,100
91780,06037,100
91784,06071,100
91786,06071,100
91789,06037,100
91790,06037,100
91791,06037,100
91792,06037,100
91801,06037,100
91803,06037,100
91901,06073,100
91902,06073,100
91905,06073,100
91906,06073,100
91910,06073,100
91911,06073,100
91913,06073,100
91914,06073,100
91915,06073,100
91916,06073,100
91917,06073,100
91931,06073,100
91932,06073,100
91934,06073,100
91935,06073,100
91941,06073,100
91942,06073,100
91945,06073,100
91948,06073,100
91950,06073,100
91962,06073,100
91963,06073,100
91977,06073,100
91978,06073,100
91980,06073,100
92003,06073,100
92004,06025,0.13
92004,06073,99.87
92007,06073,100
92008,06073,100
92009,06073,100
92010,06073,100
92011,06073,100
92014,06073,100
92019,06073,100
92020,06073,100
92021,06073,100
92024,06073,100
92025,06073,100
92026,06073,100
92027,06073,100
92028,06065,0.11
92028,06073,99.89
92029,06073,100
92036,06073,100
92037,06073,100
92040,06073,100
92054,06073,100
92055,06073,100
92056,06073,100
92057,06073,100
92058,06073,100
92059,06073,100
92060,06073,100
92061,06073,100
92064,06073,100
92065,06073,100
92066,06073,100
92067,06073,100
92069,06073,100
92070,06073,100
92071,06073,100
92075,06073,100
92078,06073,100
92081,06073,100
92082,06073,100
92083,06073,100
92084,06073,100
92086,06073,100
92091,06073,100
92101,06073,100
92102,06073,100
92103,06073,100
92104,06073,100
92105,06073,100
92106,06073,100
92107,06073,100
92108,06073,100
92109,06073,100
92110,06073,100
92111,06073,100
92113,06073,100
92114,06073,100
92115,06073,100
92116,06073,100
92117,06073,100
92118,06073,100
92119,06073,100
92120,06073,100
92121,06073,100
92122,06073,100
92123,06073,100
92124,06073,100
92126,06073,100
92127,06073,100
92128,06073,100
92129,06073,100
92130,06073,100
92131,06073,100
92132,06073,0
92134,06073,100
92135,06073,100
92139,06073,100
92140,06073,100
92145,06073,100
92147,06073,100
92154,06073,100
92155,06073,100
92173,06073,100
92201,06065,100
92203,06065,100
92210,06065,100
92211,06065,100
92220,06065,100
92222,06025,100
92223,06065,100
92225,06025,0.09
92225,06065,99.91
92227,06025,100
92230,06065,100
92231,06025,100
92233,06025,100
92234,06065,100
92236,06065,100
92239,06065,100
92240,06065,100
92241,06065,100
92242,06071,100
92243,06025,100
92249,06025,100
92250,06025,100
92251,06025,100
92252,06071,100
92253,06065,100
92254,06065,100
92256,06071,100
92257,06025,100
92258,06065,100
92259,06025,100
92260,06065,100
92262,06065,100
92264,06065,100
92266,06025,100
92267,06071,100
92268,06071,100
92270,06065,100
92273,06025,100
92274,06025,19.95
92274,06065,80.05
92275,06025,100
92276,06065,100
92277,06065,0.03
92277,06071,99.97
92278,06071,100
92280,06071,100
92281,06025,100
92282,06065,100
92283,06025,100
92284,06071,100
92285,06071,100
92301,06071,100
92304,06071,100
92305,06071,100
92307,06071,100
92308,06071,100
92309,06071,100
92310,06071,100
92311,06071,100
92313,06071,100
92314,06071,100
92315,06071,100
92316,06071,100
92320,06065,100
92321,06071,100
92322,06071,100
92324,06065,1.57
92324,06071,98.43
92325,06071,100
92327,06071,100
92328,06027,100
92332,06071,100
92333,06071,100
92335,06071,100
92336,06071,100
92337,06071,100
92338,06071,100
92339,06071,100
92341,06071,100
92342,06071,100
92344,06071,100
92345,06071,100
92346,06071,100
92347,06071,100
92352,06071,100
92354,06071,100
92356,06071,100
92358,06071,100
92359,06071,100
92363,06071,100
92364,06071,100
92365,06071,100
92368,06071,100
92371,06071,100
92372,06071,100
92373,06065,1.37
92373,06071,98.63
92374,06071,100
92376,06071,100
92377,06071,100
92378,06071,100
92382,06071,100
92384,06027,100
92385,06071,100
92386,06071,100
92389,06027,100
92391,06071,100
92392,06071,100
92394,06071,100
92395,06071,100
92397,06037,1.45
92397,06071,98.55
92398,06071,100
92399,06065,1.24
92399,06071,98.76
92401,06071,100
92404,06071,100
92405,06071,100
92407,06071,100
92408,06071,100
92410,06071,100
92411,06071,100
92501,06065,100
92503,06065,100
92504,06065,100
92505,06065,100
92506,06065,100
92507,06065,100
92508,06065,100
92509,06065,99.98
92509,06071,0.02
92518,06065,100
92530,06059,0.03
92530,06065,99.97
92532,06065,100
92536,06065,100
92539,06065,100
92543,06065,100
92544,06065,100
92545,06065,100
92548,06065,100
92549,06065,100
92551,06065,100
92553,06065,100
92555,06065,100
92557,06065,100
92561,06065,100
92562,06065,100
92563,06065,100
92567,06065,100
92570,06065,100
92571,06065,100
92582,06065,100
92583,06065,100
92584,06065,100
92585,06065,100
92586,06065,100
92587,06065,100
92590,06065,100
92591,06065,100
92592,06065,100
92595,06065,100
92596,06065,100
92602,06059,100
92603,06059,100
92604,06059,100
92606,06059,100
92610,06059,100
92612,06059,100
92614,06059,100
92617,06059,100
92618,06059,100
92620,06059,100
92624,06059,100
92625,06059,100
92626,06059,100
92627,06059,100
92629,06059,100
92630,06059,100
92637,06059,100
92646,06059,100
92647,06059,100
92648,06059,100
92649,06059,100
92651,06059,100
92653,06059,100
92655,06059,100
92656,06059,100
92657,06059,100
92660,06059,100
92661,06059,100
92662,06059,100
92663,06059,100
92672,06059,99.22
92672,06073,0.78
92673,06059,100
92675,06059,100
92676,06059,100
92677,06059,100
92678,06059,100
92679,06059,100
92683,06059,100
92688,06059,100
92691,06059,100
92692,06059,100
92694,06059,100
92701,06059,100
92703,06059,100
92704,06059,100
92705,06059,100
92706,06059,100
92707,06059,100
92708,06059,100
92780,06059,100
92782,06059,100
92801,06059,100
92802,06059,100
92804,06059,100
92805,06059,100
92806,06059,100
92807,06059,100
92808,06059,100
92821,06059,100
92823,06059,100
92831,06059,100
92832,06059,100
92833,06059,100
92835,06059,100
92840,06059,100
92841,06059,100
92843,06059,100
92844,06059,100
92845,06059,100
92860,06065,100
92861,06059,100
92865,06059,100
92866,06059,100
92867,06059,100
92868,06059,100
92869,06059,100
92870,06059,100
92879,06065,100
92880,06065,99.94
92880,06071,0.06
92881,06065,100
92882,06065,100
92883,06065,100
92886,06059,100
92887,06059,100
93001,06083,0.02
93001,06111,99.98
93003,06111,100
93004,06111,100
93010,06111,100
93012,06111,100
93013,06083,99.46
93013,06111,0.54
93015,06111,100
93021,06111,100
93022,06111,100
93023,06111,100
93030,06111,100
93033,06111,100
93035,06111,100
93036,06111,100
93040,06111,100
93041,06111,100
93042,06111,100
93043,06111,100
93060,06111,100
93063,06111,100
93064,06111,100
93065,06111,100
93066,06111,100
93067,06083,100
93101,06083,100
93103,06083,100
93105,06083,100
93108,06083,100
93109,06083,100
93110,06083,100
93111,06083,100
93117,06083,100
93201,06031,0.37
93201,06107,99.63
93202,06031,100
93203,06029,100
93204,06031,100
93205,06029,100
93206,06029,100
93207,06107,100
93208,06107,100
93210,06019,99.67
93210,06053,0.29
93210,06069,0.04
93212,06031,99.41
93212,06107,0.59
93215,06029,98.77
93215,06107,1.23
93218,06107,100
93219,06107,100
93220,06029,100
93221,06107,100
93222,06029,100
93223,06107,100
93224,06029,100
93225,06029,93.4
93225,06111,6.6
93226,06029,100
93230,06031,100
93234,06019,100
93235,06107,100
93238,06029,99.66
93238,06107,0.34
93239,06031,100
93240,06029,100
93241,06029,100
93242,06019,91.7
93242,06031,8.3
93243,06029,92.17
93243,06037,7.83
93244,06107,100
93245,06031,100
93247,06107,100
93249,06029,100
93250,06029,100
93251,06029,100
93252,06029,89.18
93252,06079,2.51
93252,06083,5.46
93252,06111,2.85
93254,06079,2.96
93254,06083,97.04
93255,06029,100
93256,06107,100
93257,06107,100
93258,06107,100
93260,06107,100
93261,06107,100
93262,06107,100
93263,06029,100
93265,06107,100
93266,06031,100
93267,06107,100
93268,06029,100
93270,06107,100
93271,06107,100
93272,06107,100
93274,06107,100
93276,06029,100
93277,06107,100
93280,06029,100
93283,06029,100
93285,06029,100
93286,06107,100
93287,06029,100
93291,06107,100
93292,06107,100
93301,06029,100
93304,06029,100
93305,06029,100
93306,06029,100
93307,06029,100
93308,06029,100
93309,06029,100
93311,06029,100
93312,06029,100
93313,06029,100
93314,06029,100
93401,06079,100
93402,06079,100
93405,06079,100
93410,06079,0
93420,06079,100
93422,06079,100
93424,06079,100
93426,06053,66.6
93426,06079,33.4
93427,06083,100
93428,06079,100
93429,06083,100
93430,06079,100
93432,06079,100
93433,06079,100
93434,06083,100
93436,06083,100
93437,06083,100
93440,06083,100
93441,06083,100
93442,06079,100
93444,06079,100
93445,06079,100
93446,06079,100
93449,06079,100
93450,06053,100
93451,06053,13.81
93451,06079,86.19
93452,06079,100
93453,06079,100
93454,06079,0.78
93454,06083,99.22
93455,06083,100
93458,06079,0.11
93458,06083,99.89
93460,06083,100
93461,06029,0.68
93461,06053,0.86
93461,06079,98.46
93463,06083,100
93465,06079,100
93501,06029,100
93505,06029,100
93510,06037,100
93512,06051,100
93513,06027,100
93514,06027,91.44
93514,06051,8.56
93516,06029,98
93516,06071,2
93517,06051,100
93518,06029,100
93519,06029,100
93522,06027,100
93523,06029,100
93524,06029,100
93526,06027,100
93527,06027,0.71
93527,06029,97.07
93527,06107,2.22
93528,06029,100
93529,06051,100
93530,06027,100
93531,06029,100
93532,06037,100
93534,06037,100
93535,06037,100
93536,06037,100
93541,06051,100
93543,06037,100
93544,06037,100
93545,06027,100
93546,06051,100
93549,06027,100
93550,06037,100
93551,06037,100
93552,06037,100
93553,06037,100
93554,06029,100
93555,06029,99.31
93555,06071,0.69
93558,06071,100
93560,06029,99.74
93560,06037,0.26
93561,06029,100
93562,06071,100
93563,06037,100
93591,06037,100
93592,06027,100
93601,06039,94.76
93601,06043,5.24
93602,06019,100
93603,06107,100
93604,06039,100
93605,06019,100
93606,06019,100
93608,06019,100
93609,06019,100
93610,06039,99.19
93610,06047,0.81
93611,06019,100
93612,06019,100
93614,06039,100
93615,06107,100
93616,06019,100
93618,06019,0.98
93618,06107,99.02
93619,06019,99.69
93619,06107,0.31
93620,06019,6.13
93620,06047,93.87
93621,06019,100
93622,06019,94.5
93622,06039,5.04
93622,06047,0.46
93623,06039,2.9
93623,06043,97.1
93624,06019,100
93625,06019,100
93626,06019,75.94
93626,06039,24.06
93627,06019,100
93628,06019,100
93630,06019,100
93631,06019,82.35
93631,06031,4.85
93631,06107,12.8
93633,06019,0
93633,06107,100
93634,06019,100
93635,06047,100
93636,06039,100
93637,06039,100
93638,06039,100
93640,06019,100
93641,06019,100
93643,06039,100
93644,06039,100
93645,06039,100
93646,06019,97.02
93646,06107,2.98
93647,06107,100
93648,06019,100
93650,06019,100
93651,06019,100
93652,06019,100
93653,06039,91.86
93653,06043,8.14
93654,06019,97.44
93654,06107,2.56
93656,06019,94.38
93656,06031,5.62
93657,06019,100
93660,06019,100
93662,06019,100
93664,06019,100
93665,06047,100
93666,06107,100
93667,06019,100
93668,06019,100
93669,06039,100
93673,06107,100
93675,06019,100
93701,06019,100
93702,06019,100
93703,06019,100
93704,06019,100
93705,06019,100
93706,06019,100
93710,06019,100
93711,06019,100
93720,06019,100
93721,06019,100
93722,06019,100
93723,06019,100
93725,06019,100
93726,06019,100
93727,06019,100
93728,06019,100
93730,06019,100
93901,06053,100
93905,06053,100
93906,06053,100
93907,06053,100
93908,06053,100
93920,06053,100
93921,06053,100
93923,06053,100
93924,06053,100
93925,06053,100
93926,06053,100
93927,06053,100
93928,06053,100
93930,06053,99.67
93930,06069,0.33
93932,06053,100
93933,06053,100
93940,06053,100
93943,06053,100
93950,06053,100
93953,06053,100
93954,06053,100
93955,06053,100
93960,06053,100
93962,06053,100
94002,06081,100
94005,06081,100
94010,06081,100
94014,06081,100
94015,06081,100
94019,06081,100
94020,06081,100
94021,06081,100
94022,06085,100
94024,06085,100
94025,06081,100
94027,06081,100
94028,06081,98.42
94028,06085,1.58
94030,06081,100
94037,06081,100
94038,06081,100
94040,06085,100
94041,06085,100
94043,06085,100
94044,06081,100
94060,06081,100
94061,06081,100
94062,06081,100
94063,06081,100
94065,06081,100
94066,06081,100
94070,06081,100
94074,06081,100
94080,06081,100
94085,06085,100
94086,06085,100
94087,06085,100
94089,06085,100
94102,06075,100
94103,06075,100
94104,06075,100
94105,06075,100
94107,06075,100
94108,06075,100
94109,06075,100
94110,06075,100
94111,06075,100
94112,06075,100
94114,06075,100
94115,06075,100
94116,06075,100
94117,06075,100
94118,06075,100
94121,06075,100
94122,06075,100
94123,06075,100
94124,06075,100
94127,06075,100
94128,06081,100
94129,06075,100
94130,06075,100
94131,06075,100
94132,06075,100
94133,06075,100
94134,06075,100
94158,06075,100
94301,06085,100
94303,06081,61.92
94303,06085,38.08
94304,06085,100
94305,06085,100
94306,06085,100
94401,06081,100
94402,06081,100
94403,06081,100
94404,06081,100
94501,06001,100
94502,06001,100
94503,06055,100
94505,06001,0.55
94505,06013,99.45
94506,06013,100
94507,06013,100
94508,06055,100
94509,06013,100
94510,06095,100
94511,06013,100
94512,06095,100
94513,06013,100
94514,06001,5.74
94514,06013,94.26
94515,06055,91.89
94515,06097,8.11
94516,06013,100
94517,06013,100
94518,06013,100
94519,06013,100
94520,06013,100
94521,06013,100
94523,06013,100
94525,06013,100
94526,06013,100
94528,06013,100
94530,06013,100
94531,06013,100
94533,06095,100
94534,06095,100
94535,06095,100
94536,06001,100
94538,06001,100
94539,06001,100
94541,06001,100
94542,06001,100
94544,06001,100
94545,06001,100
94546,06001,100
94547,06013,100
94548,06013,100
94549,06013,100
94550,06001,99.72
94550,06085,0.28
94551,06001,99.44
94551,06013,0.56
94552,06001,100
94553,06013,100
94555,06001,100
94556,06013,100
94558,06055,100
94559,06055,100
94560,06001,100
94561,06013,100
94563,06013,100
94564,06013,100
94565,06013,100
94566,06001,100
94567,06055,100
94568,06001,100
94569,06013,100
94571,06067,3.06
94571,06095,96.94
94572,06013,100
94573,06055,100
94574,06055,100
94575,06013,100
94576,06055,100
94577,06001,100
94578,06001,100
94579,06001,100
94580,06001,100
94582,06013,100
94583,06013,100
94585,06095,100
94586,06001,100
94587,06001,100
94588,06001,98.7
94588,06013,1.3
94589,06055,0.02
94589,06095,99.98
94590,06095,100
94591,06095,100
94592,06095,100
94595,06013,100
94596,06013,100
94597,06013,100
94598,06013,100
94599,06055,100
94601,06001,100
94602,06001,100
94603,06001,100
94605,06001,100
94606,06001,100
94607,06001,100
94608,06001,100
94609,06001,100
94610,06001,100
94611,06001,99.88
94611,06013,0.12
94612,06001,100
94613,06001,100
94618,06001,100
94619,06001,100
94621,06001,100
94702,06001,100
94703,06001,100
94704,06001,100
94705,06001,100
94706,06001,99.98
94706,06013,0.02
94707,06001,76.28
94707,06013,23.72
94708,06001,79.34
94708,06013,20.66
94709,06001,100
94710,06001,100
94720,06001,100
94801,06013,100
94803,06013,100
94804,06013,100
94805,06013,100
94806,06013,100
94850,06013,0
94901,06041,100
94903,06041,100
94904,06041,100
94920,06041,100
94922,06097,100
94923,06097,100
94924,06041,100
94925,06041,100
94928,06097,100
94929,06041,100
94930,06041,100
94931,06097,100
94933,06041,100
94937,06041,100
94938,06041,100
94939,06041,100
94940,06041,100
94941,06041,100
94945,06041,100
94946,06041,100
94947,06041,100
94949,06041,100
94950,06041,100
94951,06097,100
94952,06041,2.04
94952,06097,97.96
94954,06097,100
94956,06041,100
94957,06041,100
94960,06041,100
94963,06041,100
94964,06041,100
94965,06041,100
94970,06041,100
94971,06041,100
94972,06041,100
94973,06041,100
95002,06085,100
95003,06087,100
95004,06053,60.75
95004,06069,39.25
95005,06087,100
95006,06087,100
95007,06087,100
95008,06085,100
95010,06087,100
95012,06053,100
95013,06085,100
95014,06085,100
95017,06087,100
95018,06087,100
95019,06087,100
95020,06085,100
95023,06069,99.62
95023,06085,0.38
95030,06085,100
95032,06085,100
95033,06085,43.57
95033,06087,56.43
95035,06085,100
95037,06085,100
95039,06053,100
95041,06087,100
95043,06069,100
95045,06069,100
95046,06085,100
95050,06085,100
95051,06085,100
95053,06085,100
95054,06085,100
95060,06087,100
95062,06087,100
95064,06087,100
95065,06087,100
95066,06087,100
95070,06085,100
95073,06087,100
95075,06069,100
95076,06053,16.58
95076,06085,0.1
95076,06087,83.32
95110,06085,100
95111,06085,100
95112,06085,100
95113,06085,100
95116,06085,100
95117,06085,100
95118,06085,100
95119,06085,100
95120,06085,100
95121,06085,100
95122,06085,100
95123,06085,100
95124,06085,100
95125,06085,100
95126,06085,100
95127,06085,100
95128,06085,100
95129,06085,100
95130,06085,100
95131,06085,100
95132,06085,100
95133,06085,100
95134,06085,100
95135,06085,100
95136,06085,100
95138,06085,100
95139,06085,100
95140,06085,100
95148,06085,100
95202,06077,100
95203,06077,100
95204,06077,100
95205,06077,100
95206,06077,100
95207,06077,100
95209,06077,100
95210,06077,100
95211,06077,100
95212,06077,100
95215,06077,100
95219,06013,0.06
95219,06077,99.94
95220,06077,100
95222,06009,100
95223,06003,2.62
95223,06009,97.38
95223,06109,0
95224,06009,100
95225,06009,100
95226,06009,100
95227,06077,100
95228,06009,100
95230,06009,6.82
95230,06077,69.22
95230,06099,23.96
95231,06077,100
95232,06009,100
95233,06009,100
95234,06077,100
95236,06077,100
95237,06077,100
95240,06077,100
95242,06077,100
95245,06009,100
95246,06009,100
95247,06009,100
95248,06009,100
95249,06009,100
95250,06009,100
95251,06009,100
95252,06009,100
95254,06009,100
95255,06009,100
95257,06009,100
95258,06077,100
95301,06047,100
95303,06047,100
95304,06077,100
95305,06109,100
95306,06043,100
95307,06099,100
95310,06109,100
95311,06043,97.86
95311,06109,2.14
95312,06047,100
95313,06099,100
95314,06109,0
95315,06047,100
95316,06099,100
95317,06047,100
95318,06043,100
95319,06099,100
95320,06077,100
95321,06043,2.19
95321,06109,97.81
95322,06047,100
95323,06099,100
95324,06047,100
95325,06043,100
95326,06099,100
95327,06109,100
95328,06099,100
95329,06043,42.28
95329,06099,11.1
95329,06109,46.63
95330,06077,100
95333,06047,100
95334,06047,100
95335,06109,100
95336,06077,100
95337,06077,100
95338,06043,100
95340,06047,100
95341,06047,100
95345,06043,100
95346,06109,100
95348,06047,100
95350,06099,100
95351,06099,100
95354,06099,100
95355,06099,100
95356,06099,100
95357,06099,100
95358,06099,100
95360,06047,1.55
95360,06099,98.45
95361,06077,1.31
95361,06099,98.69
95363,06099,100
95364,06109,100
95365,06047,100
95366,06077,100
95367,06099,100
95368,06099,100
95369,06043,7.28
95369,06047,92.72
95370,06109,100
95372,06109,100
95374,06047,100
95375,06109,100
95376,06077,100
95377,06001,0.21
95377,06077,99.79
95379,06109,100
95380,06047,3.78
95380,06099,96.22
95382,06099,100
95383,06109,100
95385,06077,35.43
95385,06099,64.57
95386,06099,100
95387,06099,100
95388,06047,100
95389,06043,99.84
95389,06109,0.16
95391,06001,1.31
95391,06077,98.69
95401,06097,100
95403,06097,100
95404,06097,100
95405,06097,100
95407,06097,100
95409,06097,100
95410,06045,100
95412,06097,100
95415,06045,100
95417,06045,100
95420,06045,100
95421,06097,100
95422,06033,100
95423,06033,100
95425,06045,1.72
95425,06097,98.28
95426,06033,100
95427,06045,100
95428,06045,100
95429,06045,100
95430,06097,100
95431,06097,100
95432,06045,100
95435,06033,100
95436,06097,100
95437,06045,100
95439,06097,100
95441,06097,100
95442,06097,100
95443,06033,100
95444,06097,100
95445,06045,100
95446,06097,100
95448,06097,100
95449,06045,100
95450,06097,100
95451,06033,100
95452,06097,100
95453,06033,100
95454,06045,100
95456,06045,100
95457,06033,100
95458,06033,100
95459,06045,100
95460,06045,100
95461,06033,100
95462,06097,100
95463,06045,100
95464,06033,100
95465,06097,100
95466,06045,100
95467,06033,100
95468,06045,100
95469,06033,3.4
95469,06045,96.6
95470,06045,100
95471,06097,100
95472,06097,100
95476,06097,100
95482,06045,100
95485,06033,100
95486,06097,100
95488,06045,100
95490,06045,100
95492,06097,100
95493,06033,100
95494,06045,100
95497,06097,100
95501,06023,100
95503,06023,100
95511,06023,100
95514,06023,100
95519,06023,100
95521,06023,100
95524,06023,100
95525,06023,100
95526,06023,100
95527,06105,100
95528,06023,100
95531,06015,100
95536,06023,100
95537,06023,100
95540,06023,100
95542,06023,100
95543,06015,100
95545,06023,100
95546,06023,100
95547,06023,100
95548,06015,100
95549,06023,100
95550,06023,100
95551,06023,100
95552,06105,100
95553,06023,100
95554,06023,100
95555,06023,100
95556,06023,100
95558,06023,100
95559,06023,100
95560,06023,100
95562,06023,100
95563,06105,100
95564,06023,100
95565,06023,100
95567,06015,100
95568,06093,100
95569,06023,100
95570,06023,100
95571,06023,100
95573,06023,100
95585,06045,100
95587,06045,100
95589,06023,94.48
95589,06045,5.52
95595,06105,100
95601,06005,100
95602,06057,32.82
95602,06061,67.18
95603,06061,100
95604,06061,100
95605,06113,100
95606,06113,100
95607,06113,100
95608,06067,100
95610,06067,100
95612,06095,1.61
95612,06113,98.39
95614,06017,100
95615,06067,98.2
95615,06113,1.8
95616,06113,100
95618,06095,0.34
95618,06113,99.66
95619,06017,100
95620,06095,99.52
95620,06113,0.48
95621,06067,100
95623,06017,100
95624,06067,100
95625,06095,100
95626,06061,8.54
95626,06067,89.62
95626,06101,1.84
95627,06113,100
95628,06067,100
95629,06005,78.25
95629,06017,21.75
95630,06067,100
95631,06061,100
95632,06067,96.4
95632,06077,3.6
95633,06017,100
95634,06017,100
95635,06017,100
95636,06017,100
95637,06113,100
95638,06067,100
95639,06067,100
95640,06005,100
95641,06067,98.44
95641,06077,1.56
95642,06005,100
95645,06011,5.15
95645,06101,39.27
95645,06113,55.57
95646,06003,61.39
95646,06005,38.61
95648,06061,100
95650,06061,100
95651,06017,100
95652,06067,100
95653,06113,100
95655,06067,100
95658,06061,100
95659,06101,100
95660,06067,100
95661,06061,100
95662,06067,100
95663,06061,100
95664,06017,100
95665,06005,100
95666,06005,100
95667,06017,100
95668,06061,16.81
95668,06101,83.19
95669,06005,100
95670,06067,100
95672,06017,100
95673,06067,100
95674,06101,100
95675,06005,100
95677,06061,100
95678,06061,100
95679,06113,100
95680,06067,100
95681,06061,100
95682,06017,100
95683,06067,100
95684,06017,100
95685,06005,100
95686,06077,100
95687,06095,100
95688,06095,100
95689,06005,100
95690,06067,86.74
95690,06095,13.26
95691,06113,100
95692,06101,0.46
95692,06115,99.54
95693,06067,100
95694,06095,12.25
95694,06113,87.75
95695,06113,100
95697,06113,100
95698,06113,100
95699,06005,100
95701,06061,100
95703,06061,100
95709,06017,100
95713,06061,100
95714,06061,100
95715,06057,6.96
95715,06061,93.04
95717,06061,100
95720,06017,100
95721,06017,100
95722,06061,100
95724,06061,100
95726,06017,100
95728,06057,27.98
95728,06061,72.02
95735,06017,100
95736,06061,100
95742,06067,100
95746,06061,100
95747,06061,100
95757,06067,100
95758,06067,100
95762,06017,100
95765,06061,100
95776,06113,100
95811,06067,100
95814,06067,100
95815,06067,100
95816,06067,100
95817,06067,100
95818,06067,100
95819,06067,100
95820,06067,100
95821,06067,100
95822,06067,100
95823,06067,100
95824,06067,100
95825,06067,100
95826,06067,100
95827,06067,100
95828,06067,100
95829,06067,100
95830,06067,100
95831,06067,100
95832,06067,100
95833,06067,100
95834,06067,100
95835,06067,100
95837,06067,66.98
95837,06101,33.02
95838,06067,100
95841,06067,100
95842,06067,100
95843,06067,100
95864,06067,100
95901,06007,1.05
95901,06115,98.95
95903,06115,100
95910,06091,100
95912,06011,97.4
95912,06113,2.6
95914,06007,60.21
95914,06115,39.79
95915,06063,100
95916,06007,100
95917,06007,100
95918,06115,100
95919,06115,100
95920,06021,100
95922,06091,2.33
95922,06115,97.67
95923,06063,100
95925,06115,100
95926,06007,100
95928,06007,100
95930,06007,50.72
95930,06115,49.28
95932,06011,100
95934,06063,100
95935,06115,100
95936,06091,100
95937,06113,100
95938,06007,100
95939,06021,100
95941,06007,80.11
95941,06115,19.89
95942,06007,100
95943,06021,100
95944,06091,100
95945,06057,100
95946,06057,100
95947,06063,100
95948,06007,99.76
95948,06101,0.24
95949,06057,100
95950,06011,100
95951,06021,100
95953,06101,100
95954,06007,100
95955,06011,100
95956,06063,100
95957,06101,100
95959,06057,100
95960,06057,73.24
95960,06091,18.34
95960,06115,8.42
95961,06115,100
95962,06115,100
95963,06021,95.11
95963,06103,4.89
95965,06007,100
95966,06007,99.54
95966,06115,0.46
95968,06007,100
95969,06007,100
95970,06011,67.55
95970,06021,32.45
95971,06063,100
95973,06007,99.76
95973,06103,0.24
95974,06007,100
95975,06057,100
95977,06057,61.56
95977,06115,38.44
95978,06007,100
95979,06011,100
95981,06063,30.93
95981,06115,69.07
95982,06101,100
95983,06063,100
95984,06063,100
95986,06057,100
95987,06011,100
95988,06021,100
95991,06101,100
95993,06101,100
96001,06089,100
96002,06089,100
96003,06089,100
96006,06035,30.7
96006,06049,69.3
96007,06089,100
96008,06089,100
96009,06035,100
96010,06105,100
96011,06089,100
96013,06089,100
96014,06093,100
96015,06049,100
96016,06089,100
96017,06089,100
96019,06089,100
96020,06063,100
96021,06103,100
96022,06089,47.69
96022,06103,52.31
96023,06093,100
96024,06105,100
96025,06089,7.23
96025,06093,92.77
96027,06093,100
96028,06089,100
96029,06103,100
96031,06093,100
96032,06093,100
96033,06089,100
96034,06093,100
96035,06103,100
96037,06093,100
96038,06093,100
96039,06093,100
96040,06089,100
96041,06105,100
96044,06093,100
96046,06105,100
96047,06089,100
96048,06105,100
96049,06093,100
96050,06093,100
96051,06089,100
96052,06105,100
96054,06049,100
96055,06103,100
96056,06035,34.35
96056,06049,6.76
96056,06089,58.89
96057,06093,100
96058,06093,100
96059,06089,41.28
96059,06103,58.72
96061,06103,100
96062,06089,100
96063,06103,100
96064,06093,100
96065,06089,100
96067,06093,100
96068,06035,100
96069,06089,100
96071,06089,100
96073,06089,100
96074,06103,100
96075,06089,5.42
96075,06103,94.58
96076,06089,37.95
96076,06103,23.49
96076,06105,38.55
96080,06103,100
96084,06089,100
96085,06093,100
96086,06093,100
96087,06089,100
96088,06089,100
96090,06103,100
96091,06105,100
96092,06103,100
96093,06105,100
96094,06093,100
96096,06089,100
96097,06093,100
96101,06049,100
96103,06063,100
96104,06049,100
96105,06035,24.1
96105,06063,72.3
96105,06091,3.61
96106,06063,100
96107,06051,100
96108,06049,100
96109,06035,100
96110,06035,6.02
96110,06049,93.98
96111,06057,45.63
96111,06091,54.38
96112,06049,100
96113,06035,100
96114,06035,100
96115,06049,100
96116,06049,100
96117,06035,100
96118,06063,1.17
96118,06091,98.83
96119,06035,100
96120,06003,100
96121,06035,100
96122,06063,100
96123,06035,100
96124,06091,100
96125,06091,100
96126,06091,100
96128,06035,100
96129,06063,100
96130,06035,100
96132,06035,100
96133,06051,100
96134,06049,43.11
96134,06093,56.89
96135,06063,100
96136,06035,100
96137,06035,55.14
96137,06063,44.86
96140,06061,100
96141,06061,100
96142,06017,89.39
96142,06061,10.61
96143,06061,100
96145,06061,100
96146,06061,100
96148,06061,100
96150,06017,100
96155,06017,100
96161,06057,90.56
96161,06061,9.44
96701,15003,100
96703,15007,100
96704,15001,100
96705,15007,100
96706,15003,100
96707,15003,100
96708,15009,100
96710,15001,100
96712,15003,100
96713,15009,100
96714,15007,100
96716,15007,100
96717,15003,100
96719,15001,100
96720,15001,100
96722,15007,100
96725,15001,100
96726,15001,100
96727,15001,100
96728,15001,100
96729,15009,100
96730,15003,100
96731,15003,100
96732,15009,100
96734,15003,100
96737,15001,100
96738,15001,100
96740,15001,100
96741,15007,100
96742,15005,100
96743,15001,100
96744,15003,100
96746,15007,100
96747,15007,100
96748,15009,100
96749,15001,100
96750,15001,100
96751,15007,100
96752,15007,100
96753,15009,100
96754,15007,100
96755,15001,100
96756,15007,100
96757,15009,100
96759,15003,100
96760,15001,100
96761,15009,100
96762,15003,100
96763,15009,100
96764,15001,100
96765,15007,100
96766,15007,100
96768,15009,100
96769,15007,100
96770,15009,100
96771,15001,100
96772,15001,100
96773,15001,100
96774,15001,100
96776,15001,100
96777,15001,100
96778,15001,100
96779,15009,100
96780,15001,100
96781,15001,100
96782,15003,100
96783,15001,100
96785,15001,100
96786,15003,100
96789,15003,100
96790,15009,100
96791,15003,100
96792,15003,100
96793,15009,100
96795,15003,100
96796,15007,100
96797,15003,100
96813,15003,100
96814,15003,100
96815,15003,100
96816,15003,100
96817,15003,100
96818,15003,100
96819,15003,100
96821,15003,100
96822,15003,100
96825,15003,100
96826,15003,100
96850,15003,0
96853,15003,100
96857,15003,100
96859,15003,100
96860,15003,100
96863,15003,100
97001,41065,100
97002,41005,23.72
97002,41047,76.28
97004,41005,100
97005,41067,100
97006,41067,100
97007,41067,100
97008,41067,100
97009,41005,98.7
97009,41051,1.3
97011,41005,100
97013,41005,100
97014,41027,89.6
97014,41051,10.4
97015,41005,100
97016,41007,14.52
97016,41009,85.48
97017,41005,100
97018,41009,100
97019,41005,3.23
97019,41051,96.77
97020,41047,100
97021,41065,100
97022,41005,100
97023,41005,100
97024,41051,100
97026,41047,100
97027,41005,100
97028,41005,100
97029,41055,100
97030,41051,100
97031,41027,100
97032,41005,10.95
97032,41047,89.05
97033,41055,100
97034,41005,99.16
97034,41051,0.84
97035,41005,86
97035,41051,12.55
97035,41067,1.45
97037,41065,100
97038,41005,100
97039,41055,100
97040,41065,100
97041,41027,100
97042,41005,100
97045,41005,100
97048,41009,100
97049,41005,100
97050,41055,100
97051,41009,100
97053,41009,100
97054,41009,100
97055,41005,100
97056,41009,97.58
97056,41051,1.88
97056,41067,0.54
97057,41065,100
97058,41065,100
97060,41051,100
97062,41005,13.96
97062,41067,86.04
97063,41065,100
97064,41009,99.36
97064,41067,0.64
97065,41055,100
97067,41005,100
97068,41005,100
97070,41005,89.09
97070,41067,10.91
97071,41005,3.56
97071,41047,96.44
97080,41005,0.03
97080,41051,99.97
97086,41005,100
97089,41005,100
97101,41053,8.41
97101,41071,91.59
97102,41007,91.22
97102,41057,8.78
97103,41007,100
97106,41067,100
97107,41057,100
97108,41057,100
97109,41067,100
97110,41007,100
97111,41071,100
97112,41057,100
97113,41067,100
97114,41071,100
97115,41071,100
97116,41067,100
97117,41067,100
97118,41057,100
97119,41067,79.41
97119,41071,20.59
97121,41007,100
97122,41057,100
97123,41067,98.29
97123,41071,1.71
97124,41067,100
97125,41067,100
97127,41071,100
97128,41071,100
97130,41057,100
97131,41007,3.04
97131,41057,96.96
97132,41005,0.3
97132,41067,1.08
97132,41071,98.62
97133,41051,1.28
97133,41067,98.73
97134,41057,100
97135,41057,100
97136,41057,100
97137,41047,100
97138,41007,100
97140,41005,6.39
97140,41067,92.39
97140,41071,1.22
97141,41057,100
97144,41067,100
97145,41007,100
97146,41007,100
97147,41057,100
97148,41071,100
97149,41057,100
97201,41051,100
97202,41005,0.45
97202,41051,99.55
97203,41051,100
97204,41051,100
97205,41051,100
97206,41005,3.55
97206,41051,96.45
97208,41051,0
97209,41051,100
97210,41051,97.29
97210,41067,2.71
97211,41051,100
97212,41051,100
97213,41051,100
97214,41051,100
97215,41051,100
97216,41051,100
97217,41051,100
97218,41051,100
97219,41005,2.63
97219,41051,97.37
97220,41051,100
97221,41051,99.9
97221,41067,0.1
97222,41005,99.55
97222,41051,0.45
97223,41067,100
97224,41067,100
97225,41051,0.43
97225,41067,99.57
97227,41051,100
97229,41051,12.04
97229,41067,87.96
97230,41051,100
97231,41009,1.5
97231,41051,95.63
97231,41067,2.87
97232,41051,100
97233,41051,100
97236,41051,100
97239,41051,100
97266,41051,100
97267,41005,100
97301,41047,100
97302,41047,100
97303,41047,100
97304,41053,99.11
97304,41071,0.89
97305,41047,100
97306,41047,100
97317,41047,100
97321,41003,34.31
97321,41043,65.69
97322,41043,100
97324,41003,88.19
97324,41039,1.95
97324,41041,9.86
97325,41047,100
97326,41003,59.73
97326,41041,40.27
97327,41043,100
97329,41043,100
97330,41003,100
97331,41003,100
97333,41003,94.03
97333,41043,5.97
97338,41053,100
97341,41041,100
97342,41047,100
97343,41041,100
97344,41053,100
97345,41043,100
97346,41043,37.83
97346,41047,62.17
97347,41053,68.85
97347,41057,0.21
97347,41071,30.94
97348,41043,100
97350,41043,39.01
97350,41047,60.99
97351,41053,100
97352,41043,1.48
97352,41047,98.52
97355,41043,100
97357,41041,100
97358,41043,72.83
97358,41047,27.17
97360,41043,79.59
97360,41047,20.41
97361,41003,1.93
97361,41053,98.07
97362,41005,3.04
97362,41047,96.96
97364,41041,100
97365,41041,100
97366,41041,100
97367,41041,100
97368,41041,99.42
97368,41057,0.58
97369,41041,100
97370,41003,99.41
97370,41053,0.59
97371,41053,100
97373,41047,100
97374,41043,100
97375,41005,12.06
97375,41047,87.94
97376,41041,100
97377,41043,100
97378,41053,13.03
97378,41071,86.97
97380,41041,100
97381,41047,100
97383,41043,8.48
97383,41047,91.52
97384,41047,100
97385,41047,100
97386,41043,100
97388,41041,100
97389,41043,100
97390,41039,8.11
97390,41041,91.89
97391,41041,100
97392,41047,100
97394,41041,100
97396,41053,37.54
97396,41071,62.46
97401,41039,100
97402,41039,100
97403,41039,100
97404,41039,100
97405,41039,100
97406,41015,100
97408,41039,100
97410,41019,100
97411,41011,100
97412,41039,100
97413,41039,99.34
97413,41043,0.66
97414,41011,100
97415,41015,100
97416,41019,100
97417,41019,100
97419,41039,100
97420,41011,100
97423,41011,100
97424,41019,1.54
97424,41039,98.46
97426,41039,100
97429,41019,100
97430,41039,100
97431,41039,100
97434,41039,100
97435,41019,100
97436,41019,100
97437,41039,100
97438,41039,100
97439,41039,100
97441,41019,100
97442,41019,100
97443,41019,100
97444,41015,100
97446,41039,0.39
97446,41043,99.61
97447,41019,100
97448,41003,2.12
97448,41039,97.88
97449,41011,100
97450,41011,0.89
97450,41015,99.11
97451,41039,100
97452,41039,100
97453,41039,100
97454,41039,100
97455,41039,100
97456,41003,93.17
97456,41039,6.83
97457,41019,100
97458,41011,100
97459,41011,99.47
97459,41019,0.53
97461,41039,100
97462,41019,100
97463,41039,100
97465,41015,100
97466,41011,100
97467,41019,100
97469,41019,100
97470,41019,100
97471,41019,100
97473,41019,100
97476,41015,100
97477,41039,100
97478,41039,100
97479,41019,100
97480,41039,100
97481,41019,100
97484,41019,100
97486,41019,100
97487,41039,100
97488,41039,100
97489,41039,100
97490,41039,100
97492,41039,100
97493,41019,6.5
97493,41039,93.5
97494,41019,100
97495,41019,100
97496,41019,100
97497,41029,0.66
97497,41033,99.34
97498,41039,5.46
97498,41041,94.54
97499,41019,100
97501,41029,100
97502,41029,100
97503,41029,100
97504,41029,100
97520,41029,100
97522,41029,100
97523,41033,100
97524,41029,100
97525,41029,100
97526,41029,0.52
97526,41033,99.48
97527,41029,4.34
97527,41033,95.66
97530,41029,100
97531,41033,100
97532,41033,100
97534,41033,100
97535,41029,100
97536,41029,100
97537,41029,100
97538,41033,100
97539,41029,100
97540,41029,100
97541,41029,100
97543,41033,100
97544,41033,100
97601,41035,100
97603,41035,100
97604,41035,100
97620,41037,100
97621,41035,100
97622,41035,100
97623,41035,100
97624,41035,100
97625,41035,100
97626,41035,100
97627,41035,100
97630,41037,100
97632,41035,100
97633,41035,100
97634,41035,100
97635,06049,57.09
97635,41037,42.91
97636,41037,100
97637,41037,100
97638,41037,100
97639,41035,100
97640,41037,100
97641,41037,100
97701,41013,0.1
97701,41017,99.9
97702,41017,100
97707,41017,100
97710,41025,96.67
97710,41045,3.33
97711,41031,100
97712,41017,100
97720,41025,100
97721,41025,100
97722,41025,100
97730,41031,100
97731,41019,20.14
97731,41035,79.86
97732,41025,100
97733,41035,100
97734,41031,100
97735,41037,100
97736,41025,100
97737,41035,100
97738,41025,100
97739,41017,86.3
97739,41035,13.7
97741,41031,100
97750,41069,100
97751,41013,99.22
97751,41025,0.78
97752,41013,100
97753,41013,100
97754,41013,99.94
97754,41031,0.06
97756,41013,0.11
97756,41017,99.89
97758,41025,83.17
97758,41037,16.83
97759,41017,99.3
97759,41031,0.44
97759,41043,0.25
97760,41013,1.95
97760,41017,45.72
97760,41031,52.33
97761,41031,78.58
97761,41065,21.42
97801,41059,100
97810,41059,100
97812,41021,100
97813,41059,100
97814,41001,99.41
97814,41061,0.59
97817,41023,100
97818,41049,100
97819,41001,100
97820,41023,100
97823,41021,100
97824,41061,100
97825,41023,100
97826,41049,2.95
97826,41059,97.05
97827,41061,100
97828,41063,100
97830,41021,6.15
97830,41069,93.85
97833,41001,100
97834,41001,100
97835,41059,100
97836,41049,100
97837,41001,100
97838,41049,0.38
97838,41059,99.62
97839,41049,100
97840,41001,100
97841,41061,100
97842,41063,100
97843,41021,4.02
97843,41049,95.98
97844,41049,100
97845,41023,100
97846,41063,100
97848,41023,97.95
97848,41069,2.05
97850,41061,100
97856,41023,100
97857,41063,100
97859,41059,100
97862,41059,100
97864,41023,100
97865,41023,100
97867,41001,15.47
97867,41061,84.53
97868,41059,100
97869,41001,0
97869,41023,100
97870,41001,100
97873,41023,100
97874,41069,100
97875,41059,100
97876,41061,100
97877,41001,80.92
97877,41023,19.08
97880,41023,7.35
97880,41059,92.65
97882,41059,100
97883,41061,100
97884,41001,100
97885,41063,100
97886,41059,100
97901,41045,100
97903,41045,100
97904,41025,100
97905,41001,100
97906,41045,100
97907,41001,91.43
97907,41045,8.57
97908,41045,100
97909,41045,100
97910,16073,10.61
97910,41045,89.39
97911,41045,100
97913,16075,0.07
97913,41045,99.93
97914,41045,100
97918,41045,100
97920,41045,100
98001,53033,100
98002,53033,100
98003,53033,100
98004,53033,100
98005,53033,100
98006,53033,100
98007,53033,100
98008,53033,100
98010,53033,100
98011,53033,100
98012,53061,100
98014,53033,100
98019,53033,100
98020,53061,100
98021,53061,100
98022,53033,98.3
98022,53053,1.7
98023,53033,100
98024,53033,100
98026,53061,100
98027,53033,100
98028,53033,100
98029,53033,100
98030,53033,100
98031,53033,100
98032,53033,100
98033,53033,100
98034,53033,100
98036,53061,100
98037,53061,100
98038,53033,100
98039,53033,100
98040,53033,100
98042,53033,100
98043,53061,100
98045,53033,100
98047,53033,98.34
98047,53053,1.66
98050,53033,100
98051,53033,100
98052,53033,100
98053,53033,100
98055,53033,100
98056,53033,100
98057,53033,100
98058,53033,100
98059,53033,100
98065,53033,100
98068,53033,19.6
98068,53037,80.4
98070,53033,100
98072,53033,86.67
98072,53061,13.33
98074,53033,100
98075,53033,100
98077,53033,93.18
98077,53061,6.82
98087,53061,100
98092,53033,82.57
98092,53053,17.43
98101,53033,100
98102,53033,100
98103,53033,100
98104,53033,100
98105,53033,100
98106,53033,100
98107,53033,100
98108,53033,100
98109,53033,100
98110,53035,100
98112,53033,100
98115,53033,100
98116,53033,100
98117,53033,100
98118,53033,100
98119,53033,100
98121,53033,100
98122,53033,100
98125,53033,100
98126,53033,100
98133,53033,100
98134,53033,100
98136,53033,100
98144,53033,100
98146,53033,100
98148,53033,100
98154,53033,0
98155,53033,100
98158,53033,0
98164,53033,100
98166,53033,100
98168,53033,100
98174,53033,0
98177,53033,100
98178,53033,100
98188,53033,100
98195,53033,0
98198,53033,100
98199,53033,100
98201,53061,100
98203,53061,100
98204,53061,100
98205,53061,100
98207,53061,100
98208,53061,100
98220,53073,100
98221,53055,0.47
98221,53057,99.53
98222,53055,100
98223,53061,100
98224,53033,100
98225,53073,100
98226,53073,100
98229,53057,0.99
98229,53073,99.01
98230,53073,100
98232,53057,100
98233,53057,100
98235,53057,100
98236,53029,100
98237,53057,99.98
98237,53073,0.02
98238,53057,100
98239,53029,100
98240,53073,100
98241,53057,14.94
98241,53061,85.06
98243,53055,100
98244,53073,100
98245,53055,100
98247,53073,100
98248,53073,100
98249,53029,100
98250,53055,100
98251,53061,100
98252,53061,100
98253,53029,100
98255,53057,100
98256,53061,100
98257,53057,100
98258,53061,100
98260,53029,100
98261,53055,100
98262,53073,100
98263,53057,100
98264,53073,100
98266,53073,100
98267,53057,100
98270,53061,100
98271,53061,100
98272,53061,100
98273,53057,100
98274,53057,100
98275,53061,100
98276,53073,100
98277,53029,100
98278,53029,100
98279,53055,100
98280,53055,100
98281,53073,100
98282,53029,100
98283,53057,81.8
98283,53073,18.2
98284,53057,91.29
98284,53073,8.71
98286,53055,100
98288,53033,100
98290,53061,100
98292,53057,0.3
98292,53061,99.7
98294,53061,100
98295,53073,100
98296,53061,100
98297,53055,100
98303,53053,100
98304,53041,24.37
98304,53053,75.63
98305,53009,100
98310,53035,100
98311,53035,100
98312,53035,100
98314,53035,100
98315,53035,100
98320,53031,100
98321,53053,100
98323,53053,100
98325,53031,100
98326,53009,100
98327,53053,100
98328,53053,100
98329,53035,1.36
98329,53053,98.64
98330,53053,100
98331,53009,85.93
98331,53031,14.07
98332,53053,100
98333,53053,100
98335,53053,100
98336,53041,100
98337,53035,100
98338,53053,100
98339,53031,100
98340,53035,100
98342,53035,100
98345,53035,100
98346,53035,100
98349,53053,100
98350,53009,100
98351,53053,100
98353,53035,100
98354,53033,11.84
98354,53053,88.16
98355,53041,100
98356,53041,100
98357,53009,100
98358,53031,100
98359,53035,100
98360,53053,100
98361,53041,100
98362,53009,100
98363,53009,100
98364,53035,100
98365,53031,100
98366,53035,100
98367,53035,100
98368,53031,100
98370,53035,100
98371,53053,100
98372,53053,100
98373,53053,100
98374,53053,100
98375,53053,100
98376,53031,100
98377,53041,100
98380,53035,100
98381,53009,100
98382,53009,98.44
98382,53031,1.56
98383,53035,100
98385,53053,100
98387,53053,100
98388,53053,100
98390,53053,100
98391,53053,100
98392,53035,100
98394,53053,100
98396,53053,100
98402,53053,100
98403,53053,100
98404,53053,100
98405,53053,100
98406,53053,100
98407,53053,100
98408,53053,100
98409,53053,100
98416,53053,100
98418,53053,100
98421,53053,100
98422,53053,100
98424,53053,100
98430,53053,100
98433,53053,100
98438,53053,100
98439,53053,100
98443,53053,100
98444,53053,100
98445,53053,100
98446,53053,100
98447,53053,100
98465,53053,100
98466,53053,100
98467,53053,100
98498,53053,100
98499,53053,100
98501,53067,100
98502,53067,100
98503,53067,100
98506,53067,100
98512,53067,100
98513,53067,100
98516,53067,100
98520,53027,100
98524,53045,100
98526,53027,100
98527,53049,100
98528,53035,0.32
98528,53045,99.68
98530,53067,100
98531,53041,91.79
98531,53067,8.21
98532,53041,100
98533,53041,100
98535,53027,100
98536,53027,100
98537,53027,96.15
98537,53049,3.85
98538,53041,100
98541,53027,86.28
98541,53045,13.72
98542,53041,100
98544,53041,100
98546,53045,100
98547,53027,61
98547,53049,39
98548,53045,100
98550,53027,100
98552,53027,100
98555,53045,100
98557,53027,98.02
98557,53045,1.98
98558,53053,100
98559,53027,100
98560,53045,100
98562,53027,100
98563,53027,100
98564,53041,100
98565,53041,100
98568,53027,98.17
98568,53041,1.83
98569,53027,100
98570,53041,100
98571,53027,100
98572,53041,100
98575,53027,100
98576,53067,100
98577,53049,100
98579,53041,3.11
98579,53067,96.89
98580,53053,100
98581,53015,100
98582,53041,100
98583,53027,100
98584,53045,100
98585,53041,100
98586,53049,100
98587,53027,100
98588,53045,100
98589,53067,100
98590,53049,100
98591,53041,100
98592,53045,100
98593,53041,100
98595,53027,100
98596,53041,100
98597,53067,100
98601,53011,95.61
98601,53015,4.39
98602,53039,100
98603,53015,100
98604,53011,100
98605,53039,62.53
98605,53059,37.47
98606,53011,100
98607,53011,100
98610,53059,100
98611,53015,100
98612,53069,100
98613,53039,100
98614,53049,100
98616,53015,74.67
98616,53059,25.33
98617,53039,100
98619,53039,100
98620,53039,100
98621,53049,3.26
98621,53069,96.74
98624,53049,100
98625,53015,100
98626,53015,100
98628,53039,100
98629,53011,100
98631,53049,100
98632,53015,99.92
98632,53069,0.08
98635,53039,100
98638,53049,86.62
98638,53069,13.38
98639,53059,100
98640,53049,100
98641,53049,100
98642,53011,100
98643,53069,100
98644,53049,100
98645,53015,100
98647,53069,100
98648,53059,100
98649,53015,100
98650,53039,100
98651,53059,100
98660,53011,100
98661,53011,100
98662,53011,100
98663,53011,100
98664,53011,100
98665,53011,100
98670,53039,100
98671,53011,87.26
98671,53059,12.74
98672,53039,98.23
98672,53059,1.77
98673,53039,100
98674,53011,21.48
98674,53015,78.52
98675,53011,100
98682,53011,100
98683,53011,100
98684,53011,100
98685,53011,100
98686,53011,100
98801,53007,100
98802,53017,100
98811,53007,100
98812,53017,12.49
98812,53047,87.51
98813,53017,95.59
98813,53047,4.41
98814,53047,100
98815,53007,100
98816,53007,99.72
98816,53017,0.28
98817,53007,100
98819,53047,100
98821,53007,100
98822,53007,100
98823,53017,0.46
98823,53025,99.54
98824,53025,100
98826,53007,100
98827,53047,100
98828,53007,99.63
98828,53037,0.37
98829,53047,100
98830,53017,100
98831,53007,100
98832,53025,91.88
98832,53043,8.13
98833,53047,100
98834,53047,100
98836,53007,100
98837,53025,100
98840,53047,100
98841,53047,100
98843,53017,100
98844,53047,100
98845,53017,100
98846,53047,100
98847,53007,100
98848,53017,0.44
98848,53025,99.56
98849,53047,100
98850,53017,100
98851,53025,100
98852,53007,100
98853,53025,100
98855,53047,100
98856,53047,100
98857,53001,3.67
98857,53025,96.33
98858,53017,100
98859,53047,100
98860,53025,100
98862,53047,100
98862,53073,0
98901,53037,0.2
98901,53077,99.8
98902,53077,100
98903,53077,100
98908,53077,100
98921,53077,100
98922,53037,100
98923,53077,100
98925,53037,100
98926,53037,100
98929,53077,0
98930,53005,5.85
98930,53077,94.15
98932,53077,100
98933,53077,100
98934,53037,100
98935,53077,100
98936,53077,100
98937,53037,0
98937,53077,100
98938,53077,100
98939,53077,100
98940,53037,100
98941,53037,100
98942,53077,100
98943,53037,100
98944,53005,0.2
98944,53077,99.8
98946,53037,100
98947,53077,100
98948,53077,100
98950,53037,100
98951,53077,100
98952,53077,100
98953,53077,100
99001,53063,100
99003,53063,100
99004,53063,99.94
99004,53075,0.06
99005,53063,100
99006,53051,0.76
99006,53063,84.09
99006,53065,15.15
99008,53043,55.69
99008,53063,44.31
99009,53051,20.52
99009,53063,79.48
99011,53063,100
99012,53063,100
99013,53043,10.2
99013,53063,7.06
99013,53065,82.75
99016,53063,100
99017,53075,100
99018,53063,100
99019,53063,100
99020,53063,100
99021,53063,100
99022,53063,100
99023,53063,100
99025,53063,100
99026,53063,36.2
99026,53065,63.8
99027,53063,100
99029,53043,75.1
99029,53063,24.9
99030,53063,100
99031,53063,100
99032,53001,2.32
99032,53043,97.68
99033,53063,1.23
99033,53075,98.77
99034,53065,100
99036,53063,100
99037,53063,100
99039,53063,100
99040,53065,100
99101,53065,100
99102,53075,100
99103,53025,7.44
99103,53043,92.56
99105,53001,100
99109,53065,100
99110,53063,9.9
99110,53065,90.1
99111,53075,100
99113,53075,100
99114,53065,100
99115,53017,13.74
99115,53025,86.26
99116,53017,13
99116,53025,0
99116,53047,87
99117,53043,100
99118,53019,100
99119,53051,100
99121,53019,100
99122,53043,99.31
99122,53065,0.69
99123,53025,100
99124,53047,100
99125,53075,100
99126,53065,100
99128,16057,13.4
99128,53075,86.6
99129,53065,100
99130,53075,100
99131,53065,100
99133,53017,6.5
99133,53025,77.43
99133,53043,16.08
99134,53043,100
99135,53025,100
99136,53075,100
99137,53065,100
99138,53019,100
99139,53051,100
99140,53019,100
99141,53019,19.54
99141,53065,80.46
99143,53075,100
99144,53043,100
99146,53019,100
99147,53043,100
99148,53065,100
99149,53075,100
99150,53019,100
99151,53065,100
99152,53051,100
99153,53051,100
99154,53043,100
99155,53019,1.26
99155,53047,98.74
99156,53051,98.5
99156,53063,1.5
99157,53065,100
99158,53075,100
99159,53001,12.58
99159,53043,87.42
99160,53019,100
99161,53075,100
99163,53075,100
99164,53075,0
99166,53019,98.23
99166,53047,1.77
99167,53065,100
99169,53001,98.5
99169,53043,1.5
99170,53063,20.9
99170,53075,79.1
99171,53075,100
99173,53065,100
99174,53075,100
99176,53075,100
99179,53075,100
99180,53051,100
99181,53065,100
99185,53043,100
99201,53063,100
99202,53063,100
99203,53063,100
99204,53063,100
99205,53063,100
99206,53063,100
99207,53063,100
99208,53063,100
99212,53063,100
99216,53063,100
99217,53063,100
99218,53063,100
99223,53063,100
99224,53063,100
99301,53021,100
99320,53005,100
99321,53025,100
99322,53039,100
99323,53071,100
99324,53071,100
99326,53001,0.46
99326,53021,99.54
99328,53013,100
99329,53071,100
99330,53021,100
99333,53001,32
99333,53075,68
99335,53021,100
99336,53005,100
99337,53005,100
99338,53005,100
99341,53001,100
99343,53021,100
99344,53001,87.27
99344,53021,4.44
99344,53025,8.3
99345,53005,100
99346,53005,100
99347,53013,3.58
99347,53023,95.64
99347,53075,0.78
99348,53013,1.25
99348,53071,98.75
99349,53025,100
99350,53005,97.83
99350,53039,1.43
99350,53077,0.73
99352,53005,100
99353,53005,100
99354,53005,100
99356,53039,100
99357,53025,100
99359,53013,98.73
99359,53021,1.27
99360,53071,100
99361,53013,4.73
99361,53071,95.27
99362,41059,0.11
99362,53071,99.89
99363,53071,100
99371,53001,98.71
99371,53021,1.29
99401,53003,100
99402,53003,100
99403,53003,99.63
99403,53023,0.37
99501,02020,100
99502,02020,100
99503,02020,99.93
99503,02050,0.07
99504,02020,100
99505,02020,100
99506,02020,100
99507,02020,100
99508,02020,100
99510,02185,100
99513,02020,0
99515,02020,100
99516,02020,100
99517,02020,100
99518,02020,100
99519,02185,100
99540,02020,100
99546,02016,100
99547,02016,100
99548,02164,100
99549,02164,100
99550,02150,100
99551,02050,100
99552,02050,100
99553,02013,100
99554,02270,100
99555,02070,100
99556,02122,100
99557,02050,100
99558,02290,100
99559,02050,100
99561,02050,100
99563,02270,100
99564,02164,100
99565,02164,100
99566,02261,100
99567,02020,100
99568,02122,100
99569,02070,100
99571,02013,100
99572,02122,100
99573,02261,100
99574,02261,100
99575,02050,100
99576,02070,100
99577,02020,100
99578,02050,100
99579,02164,100
99580,02070,100
99581,02270,100
99583,02013,100
99585,02270,100
99586,02261,100
99587,02020,100
99588,02170,8.78
99588,02261,91.22
99589,02050,100
99590,02290,100
99591,02016,100
99602,02290,100
99603,02122,100
99604,02270,100
99605,02122,100
99606,02164,100
99607,02050,100
99609,02050,100
99610,02122,100
99611,02122,100
99612,02013,100
99613,02060,86.18
99613,02164,13.82
99614,02050,100
99615,02150,100
99620,02270,100
99621,02050,100
99622,02050,100
99624,02150,100
99625,02164,100
99626,02050,100
99627,02290,100
99628,02070,100
99630,02050,100
99631,02122,100
99632,02270,100
99633,02060,100
99634,02050,100
99636,02070,100
99637,02050,100
99638,02016,100
99639,02122,100
99640,02164,100
99641,02050,100
99643,02150,100
99644,02150,100
99645,02170,100
99647,02164,100
99648,02164,100
99649,02164,100
99650,02270,100
99651,02050,100
99652,02170,100
99653,02164,100
99654,02170,100
99655,02050,100
99656,02050,100
99657,02270,100
99658,02270,100
99659,02180,100
99660,02016,100
99661,02013,100
99662,02270,100
99663,02122,100
99664,02122,100
99665,02290,100
99666,02270,100
99667,02170,100
99668,02050,100
99669,02122,100
99670,02060,100
99671,02180,100
99672,02122,100
99674,02170,100
99676,02170,100
99677,02261,100
99678,02070,100
99679,02050,100
99680,02050,100
99681,02050,100
99682,02122,100
99683,02170,100
99684,02180,100
99685,02016,100
99686,02261,100
99688,02170,100
99689,02282,100
99690,02050,100
99691,02290,100
99692,02016,100
99693,02170,0
99693,02261,100
99694,02170,100
99695,02164,100
99701,02090,99.72
99701,02290,0.28
99702,02090,100
99703,02090,100
99704,02068,100
99705,02090,100
99706,02240,100
99709,02090,100
99712,02090,100
99714,02090,100
99720,02290,100
99721,02185,100
99722,02290,100
99723,02185,100
99724,02290,100
99726,02290,100
99727,02188,100
99729,02068,94.81
99729,02170,5.19
99730,02290,100
99732,02240,100
99733,02290,100
99734,02185,100
99736,02188,100
99737,02240,99.14
99737,02261,0.86
99738,02240,100
99738,02290,0
99739,02180,100
99740,02290,100
99741,02290,100
99742,02180,100
99743,02068,100
99744,02068,100
99745,02290,100
99746,02290,100
99747,02185,100
99748,02290,100
99749,02188,100
99750,02188,100
99751,02188,100
99752,02188,100
99753,02180,100
99754,02290,100
99755,02068,100
99756,02290,100
99757,02290,100
99758,02290,100
99759,02185,100
99760,02068,9.04
99760,02090,3.57
99760,02290,87.39
99761,02188,100
99762,02180,100
99763,02188,100
99764,02240,100
99765,02290,100
99766,02185,100
99767,02290,100
99768,02290,100
99769,02180,100
99770,02188,100
99771,02180,100
99772,02180,100
99773,02188,100
99774,02290,100
99775,02090,100
99776,02240,100
99777,02290,100
99778,02180,100
99780,02240,93.62
99780,02261,6.38
99781,02290,100
99782,02185,100
99783,02180,100
99784,02180,100
99785,02180,100
99786,02188,100
99788,02290,100
99789,02185,100
99790,02290,100
99791,02185,100
99801,02110,100
99820,02105,100
99824,02110,100
99825,02105,100
99826,02105,100
99827,02100,96.35
99827,02105,3.65
99829,02105,100
99830,02195,100
99832,02105,100
99833,02195,100
99835,02220,100
99836,02195,100
99840,02230,100
99841,02105,100
99901,02130,99.76
99901,02198,0.24
99903,02275,100
99918,02198,100
99919,02198,100
99921,02198,100
99922,02198,100
99923,02198,100
99925,02198,100
99926,02198,100
99927,02198,100
99929,02275,100
